{
  "model_type": "simplified_pairwise_fusion",
  "modality_pair": "prott5_prostt5",
  "experiment_name": "prott5_prostt5_simplified_ppi",
  "aspect": "MFO",
  "num_go_terms": 677,
  "num_parameters": 2714280,
  "seed": 42,
  "use_ppi": true,
  "config": {
    "hidden_dim": 512,
    "dropout": 0.3,
    "entropy_weight": 0.0005,
    "lr": 0.001,
    "weight_decay": 0.01,
    "batch_size": 32,
    "max_epochs": 50,
    "patience": 5,
    "gradient_clip": 1.0,
    "warmup_ratio": 0.1,
    "focal_gamma": 2.0,
    "focal_alpha": 0.25
  },
  "test_metrics": {
    "fmax": 0.5982407744256094,
    "threshold": 0.3465656565656566,
    "precision": 0.5973391539340963,
    "recall": 0.5991451209341055,
    "micro_auprc": 0.6318262723918492,
    "macro_auprc": 0.40402020466303346,
    "gate1_mean": 0.5149885416030884,
    "gate2_mean": 0.4850114583969116,
    "cafa_fmax": 0.658,
    "cafa_threshold": 0.4,
    "cafa_precision": 0.719,
    "cafa_recall": 0.607,
    "cafa_coverage": 1.0,
    "cafa_pr_micro": 0.653,
    "cafa_rc_micro": 0.553,
    "cafa_f_micro": 0.599,
    "cafa_smin": 4.491
  },
  "best_val_fmax": 0.6706728908794304,
  "best_epoch": 16,
  "total_epochs": 21,
  "train_size": 32421,
  "val_size": 3587,
  "test_size": 1137
}