{
  "model_type": "pairwise_adaptive_fusion",
  "modality_pair": "prott5_prostt5",
  "experiment_name": "prott5_prostt5_fusion",
  "aspect": "BPO",
  "num_go_terms": 3992,
  "seed": 42,
  "use_diversity_loss": false,
  "diversity_weight": null,
  "test_metrics": {
    "fmax": 0.4993016857791641,
    "threshold": 0.40595959595959596,
    "precision": 0.5042887267753327,
    "recall": 0.4944123152571725,
    "micro_auprc": 0.477392593507052,
    "macro_auprc": 0.17288968872975705,
    "cafa_fmax": 0.571,
    "cafa_threshold": 0.52,
    "cafa_precision": 0.585,
    "cafa_recall": 0.557,
    "cafa_coverage": 1.0,
    "cafa_pr_micro": 0.543,
    "cafa_rc_micro": 0.459,
    "cafa_f_micro": 0.498,
    "cafa_smin": 19.635
  },
  "best_val_fmax": 0.5090739794544221,
  "best_epoch": 25,
  "total_epochs": 30,
  "train_size": 47691,
  "val_size": 5252,
  "test_size": 2392
}