{
  "model_type": "esm",
  "aspect": "MF",
  "similarity_threshold": 70,
  "num_go_terms": 1200,
  "test_metrics": {
    "fmax": 0.715832287318592,
    "threshold": 0.43565656565656563,
    "precision": 0.7245516740030182,
    "recall": 0.7073202666247803,
    "micro_auprc": 0.6576534824374409,
    "macro_auprc": 0.4926898619206007,
    "cafa_fmax": 0.763,
    "cafa_threshold": 0.48,
    "cafa_precision": 0.777,
    "cafa_recall": 0.75,
    "cafa_coverage": 0.999,
    "cafa_pr_micro": 0.712,
    "cafa_rc_micro": 0.671,
    "cafa_f_micro": 0.691,
    "cafa_smin": 3.317
  },
  "best_val_fmax": 0.7175707159432322,
  "best_epoch": 49,
  "total_epochs": 50,
  "train_size": 26613,
  "val_size": 3292,
  "test_size": 3350
}