{
  "model_type": "text",
  "aspect": "MF",
  "similarity_threshold": 70,
  "num_go_terms": 1200,
  "test_metrics": {
    "fmax": 0.714393079341215,
    "threshold": 0.39606060606060606,
    "precision": 0.7499092124818973,
    "recall": 0.6820889529329777,
    "micro_auprc": 0.6520053950901948,
    "macro_auprc": 0.49847655611479225,
    "cafa_fmax": 0.758,
    "cafa_threshold": 0.38,
    "cafa_precision": 0.778,
    "cafa_recall": 0.739,
    "cafa_coverage": 0.999,
    "cafa_pr_micro": 0.703,
    "cafa_rc_micro": 0.65,
    "cafa_f_micro": 0.676,
    "cafa_smin": 3.446
  },
  "best_val_fmax": 0.7183938231929635,
  "best_epoch": 15,
  "total_epochs": 25,
  "train_size": 26613,
  "val_size": 3292,
  "test_size": 3350
}