{
  "model_type": "function",
  "aspect": "MF",
  "similarity_threshold": 70,
  "num_go_terms": 1200,
  "test_metrics": {
    "fmax": 0.681897295663491,
    "threshold": 0.40595959595959596,
    "precision": 0.7196021197167984,
    "recall": 0.6479469698428508,
    "micro_auprc": 0.6197981345022069,
    "macro_auprc": 0.4408656544783355,
    "cafa_fmax": 0.735,
    "cafa_threshold": 0.49,
    "cafa_precision": 0.797,
    "cafa_recall": 0.681,
    "cafa_coverage": 0.997,
    "cafa_pr_micro": 0.735,
    "cafa_rc_micro": 0.581,
    "cafa_f_micro": 0.649,
    "cafa_smin": 3.68
  },
  "best_val_fmax": 0.6860765875931447,
  "best_epoch": 46,
  "total_epochs": 50,
  "train_size": 26613,
  "val_size": 3292,
  "test_size": 3350
}