{
  "model_type": "concat",
  "aspect": "MF",
  "similarity_threshold": 70,
  "num_go_terms": 1200,
  "test_metrics": {
    "fmax": 0.7025758628202674,
    "threshold": 0.3465656565656566,
    "precision": 0.7359240991289436,
    "recall": 0.6721189430162863,
    "micro_auprc": 0.6664582848278526,
    "macro_auprc": 0.4494178352963859,
    "cafa_fmax": 0.753,
    "cafa_threshold": 0.39,
    "cafa_precision": 0.791,
    "cafa_recall": 0.717,
    "cafa_coverage": 0.999,
    "cafa_pr_micro": 0.726,
    "cafa_rc_micro": 0.631,
    "cafa_f_micro": 0.675,
    "cafa_smin": 3.433
  },
  "best_val_fmax": 0.7124096973370605,
  "best_epoch": 17,
  "total_epochs": 27,
  "train_size": 26613,
  "val_size": 3292,
  "test_size": 3350
}