{
  "model_type": "concat",
  "aspect": "MF",
  "similarity_threshold": 70,
  "num_go_terms": 1200,
  "test_metrics": {
    "fmax": 0.7144266372188159,
    "threshold": 0.39606060606060606,
    "precision": 0.7534320402869469,
    "recall": 0.6792610867901242,
    "micro_auprc": 0.6731046237898863,
    "macro_auprc": 0.4670553246161846
  },
  "best_val_fmax": 0.7207324230569699,
  "best_epoch": 30,
  "total_epochs": 40,
  "train_size": 26613,
  "val_size": 3292,
  "test_size": 3350
}