{
  "experiment_name": "text_esm_temp_3.0_learned",
  "modality_pair": "text_esm",
  "aspect": "MFO",
  "temperature_init": 3.0,
  "temperature_final": 3.095282793045044,
  "learnable_temperature": true,
  "num_go_terms": 677,
  "seed": 42,
  "test_metrics": {
    "fmax": 0.6087096427688702,
    "threshold": 0.47525252525252526,
    "precision": 0.6267947868345414,
    "recall": 0.5916388657214283,
    "micro_auprc": 0.6406932573912708,
    "macro_auprc": 0.41103095659825634,
    "cafa_fmax": 0.671,
    "cafa_threshold": 0.51,
    "cafa_precision": 0.693,
    "cafa_recall": 0.649,
    "cafa_coverage": 1.0,
    "cafa_pr_micro": 0.624,
    "cafa_rc_micro": 0.594,
    "cafa_f_micro": 0.609,
    "cafa_smin": 4.459
  },
  "best_val_fmax": 0.6553678217453693,
  "best_epoch": 19,
  "total_epochs": 24
}