{
  "experiment_name": "text_prott5_temp_0.5_fixed",
  "modality_pair": "text_prott5",
  "aspect": "BPO",
  "temperature_init": 0.5,
  "temperature_final": 0.5,
  "learnable_temperature": false,
  "num_go_terms": 3992,
  "seed": 42,
  "test_metrics": {
    "fmax": 0.5070038531125145,
    "threshold": 0.41585858585858587,
    "precision": 0.504875886524822,
    "recall": 0.5091498337663781,
    "micro_auprc": 0.4955639993236114,
    "macro_auprc": 0.184729177432141,
    "cafa_fmax": 0.573,
    "cafa_threshold": 0.49,
    "cafa_precision": 0.559,
    "cafa_recall": 0.587,
    "cafa_coverage": 1.0,
    "cafa_pr_micro": 0.525,
    "cafa_rc_micro": 0.498,
    "cafa_f_micro": 0.511,
    "cafa_smin": 19.531
  },
  "best_val_fmax": 0.5171858031477361,
  "best_epoch": 21,
  "total_epochs": 26
}