{
  "model_type": "multimodal_fusion",
  "enabled_modalities": [
    "prott5",
    "esm",
    "struct"
  ],
  "aspect": "CCO",
  "num_go_terms": 551,
  "num_parameters": 2972317,
  "seed": 42,
  "use_aux_heads": true,
  "config": {
    "hidden_dim": 512,
    "dropout": 0.3,
    "modality_dropout": 0.1,
    "aux_weight": 0.1,
    "lr": 0.001,
    "weight_decay": 0.01,
    "batch_size": 32,
    "max_epochs": 50,
    "patience": 7,
    "warmup_ratio": 0.1,
    "focal_gamma": 2.0,
    "focal_alpha": 0.25,
    "min_delta_fmax": 0.0001,
    "min_delta_loss": 0.0001,
    "normalize": "none"
  },
  "test_metrics": {
    "loss": 0.05112835275940597,
    "fmax": 0.6370565222759812,
    "threshold": 0.6237373737373737,
    "precision": 0.6944342327769966,
    "recall": 0.588436857516662,
    "micro_auprc": 0.6856782757579774,
    "macro_auprc": 0.20434288641535628,
    "gate_prott5": 0.8584127426147461,
    "gate_esm": 0.13775131106376648,
    "gate_struct": 0.003835946787148714,
    "cafa_fmax": 0.703,
    "cafa_threshold": 0.64,
    "cafa_precision": 0.731,
    "cafa_recall": 0.676,
    "cafa_coverage": 1.0,
    "cafa_pr_micro": 0.697,
    "cafa_rc_micro": 0.587,
    "cafa_f_micro": 0.637,
    "cafa_smin": 6.166
  },
  "best_val_fmax": 0.7144048772209267,
  "loss_at_best_fmax": 0.04487916873767972,
  "best_epoch_by_fmax": 16,
  "total_epochs": 20,
  "train_size": 45309,
  "val_size": 4985,
  "test_size": 1265
}