{
  "model_type": "multimodal_fusion",
  "enabled_modalities": [
    "prott5",
    "esm",
    "text",
    "struct",
    "ppi"
  ],
  "aspect": "BPO",
  "num_go_terms": 3992,
  "num_parameters": 14787473,
  "seed": 42,
  "use_aux_heads": true,
  "config": {
    "hidden_dim": 512,
    "dropout": 0.3,
    "modality_dropout": 0.1,
    "aux_weight": 0.1,
    "lr": 0.001,
    "weight_decay": 0.01,
    "batch_size": 32,
    "max_epochs": 50,
    "patience": 7,
    "warmup_ratio": 0.1,
    "focal_gamma": 2.0,
    "focal_alpha": 0.25,
    "min_delta_fmax": 0.0001,
    "min_delta_loss": 0.0001,
    "normalize": "none"
  },
  "test_metrics": {
    "loss": 0.02067799223276476,
    "fmax": 0.5369653905294328,
    "threshold": 0.4257575757575757,
    "precision": 0.5821799307958467,
    "recall": 0.498267817729723,
    "micro_auprc": 0.5330216495093638,
    "macro_auprc": 0.2137760409714873,
    "gate_prott5": 0.32287728786468506,
    "gate_esm": 0.06712280213832855,
    "gate_text": 0.222164586186409,
    "gate_struct": 0.00634582806378603,
    "gate_ppi": 0.3814893662929535,
    "cafa_fmax": 0.605,
    "cafa_threshold": 0.48,
    "cafa_precision": 0.619,
    "cafa_recall": 0.592,
    "cafa_coverage": 1.0,
    "cafa_pr_micro": 0.593,
    "cafa_rc_micro": 0.498,
    "cafa_f_micro": 0.541,
    "cafa_smin": 17.968
  },
  "best_val_fmax": 0.5496297168848238,
  "loss_at_best_fmax": 0.033052195732792215,
  "best_epoch_by_fmax": 17,
  "total_epochs": 18,
  "train_size": 47691,
  "val_size": 5252,
  "test_size": 2392
}