{
  "model_type": "pairwise_adaptive_fusion",
  "modality_pair": "prott5_prostt5",
  "experiment_name": "prott5_prostt5_fusion_div",
  "aspect": "BPO",
  "num_go_terms": 3992,
  "seed": 42,
  "use_diversity_loss": true,
  "diversity_weight": 0.01,
  "test_metrics": {
    "fmax": 0.49820596124397365,
    "threshold": 0.44555555555555554,
    "precision": 0.5038717604366081,
    "recall": 0.49266616377503913,
    "micro_auprc": 0.4779478439364354,
    "macro_auprc": 0.17016708481381232,
    "cafa_fmax": 0.571,
    "cafa_threshold": 0.53,
    "cafa_precision": 0.576,
    "cafa_recall": 0.566,
    "cafa_coverage": 1.0,
    "cafa_pr_micro": 0.528,
    "cafa_rc_micro": 0.471,
    "cafa_f_micro": 0.498,
    "cafa_smin": 19.814
  },
  "best_val_fmax": 0.50718518327193,
  "best_epoch": 26,
  "total_epochs": 31,
  "train_size": 47691,
  "val_size": 5252,
  "test_size": 2392
}