{
  "model_type": "pairwise_adaptive_fusion",
  "modality_pair": "prott5_prostt5",
  "experiment_name": "prott5_prostt5_fusion_div",
  "aspect": "BPO",
  "num_go_terms": 3992,
  "seed": 42,
  "use_diversity_loss": true,
  "diversity_weight": 0.02,
  "test_metrics": {
    "fmax": 0.5025696072670854,
    "threshold": 0.47525252525252526,
    "precision": 0.530491874524655,
    "recall": 0.4774397228508361,
    "micro_auprc": 0.4830714724587801,
    "macro_auprc": 0.17402309575604608,
    "cafa_fmax": 0.564,
    "cafa_threshold": 0.54,
    "cafa_precision": 0.578,
    "cafa_recall": 0.55,
    "cafa_coverage": 1.0,
    "cafa_pr_micro": 0.544,
    "cafa_rc_micro": 0.461,
    "cafa_f_micro": 0.499,
    "cafa_smin": 19.503
  },
  "best_val_fmax": 0.5066353110803465,
  "best_epoch": 22,
  "total_epochs": 27,
  "train_size": 47691,
  "val_size": 5252,
  "test_size": 2392
}