{
  "model_type": "prott5",
  "aspect": "MF",
  "similarity_threshold": 30,
  "num_go_terms": 1186,
  "test_metrics": {
    "fmax": 0.6765838860343892,
    "threshold": 0.3564646464646465,
    "precision": 0.722797945692122,
    "recall": 0.635924328332464,
    "micro_auprc": 0.5947250685503727,
    "macro_auprc": 0.3453649429643532,
    "cafa_fmax": 0.731,
    "cafa_threshold": 0.45,
    "cafa_precision": 0.806,
    "cafa_recall": 0.668,
    "cafa_coverage": 0.996,
    "cafa_pr_micro": 0.746,
    "cafa_rc_micro": 0.564,
    "cafa_f_micro": 0.643,
    "cafa_smin": 3.528
  },
  "best_val_fmax": 0.6775383712326667,
  "best_epoch": 49,
  "total_epochs": 50,
  "train_size": 13938,
  "val_size": 1737,
  "test_size": 1728
}