{
  "model_type": "prostt5",
  "aspect": "MF",
  "similarity_threshold": 30,
  "num_go_terms": 1186,
  "test_metrics": {
    "fmax": 0.6752025366249241,
    "threshold": 0.2871717171717172,
    "precision": 0.7091492481677604,
    "recall": 0.6443573875203535,
    "micro_auprc": 0.5804521081835043,
    "macro_auprc": 0.33246885624348366,
    "cafa_fmax": 0.728,
    "cafa_threshold": 0.34,
    "cafa_precision": 0.779,
    "cafa_recall": 0.683,
    "cafa_coverage": 0.999,
    "cafa_pr_micro": 0.705,
    "cafa_rc_micro": 0.579,
    "cafa_f_micro": 0.636,
    "cafa_smin": 3.6
  },
  "best_val_fmax": 0.6722058344703985,
  "best_epoch": 48,
  "total_epochs": 50,
  "train_size": 13938,
  "val_size": 1737,
  "test_size": 1728
}