{
  "model_type": "ankh",
  "aspect": "MF",
  "similarity_threshold": 30,
  "num_go_terms": 1186,
  "test_metrics": {
    "fmax": 0.6826185151934933,
    "threshold": 0.29707070707070704,
    "precision": 0.7143358821699658,
    "recall": 0.6535979836056532,
    "micro_auprc": 0.5945098474382122,
    "macro_auprc": 0.3676454744378358,
    "cafa_fmax": 0.733,
    "cafa_threshold": 0.36,
    "cafa_precision": 0.781,
    "cafa_recall": 0.69,
    "cafa_coverage": 0.999,
    "cafa_pr_micro": 0.709,
    "cafa_rc_micro": 0.588,
    "cafa_f_micro": 0.643,
    "cafa_smin": 3.543
  },
  "best_val_fmax": 0.6787638604544791,
  "best_epoch": 46,
  "total_epochs": 50,
  "train_size": 13938,
  "val_size": 1737,
  "test_size": 1728
}