{
  "model_type": "ankh",
  "aspect": "MF",
  "similarity_threshold": 30,
  "num_go_terms": 1186,
  "test_metrics": {
    "fmax": 0.6836266197059194,
    "threshold": 0.36636363636363634,
    "precision": 0.7225716307549804,
    "recall": 0.6486650118723146,
    "micro_auprc": 0.593511786352114,
    "macro_auprc": 0.37556520993588605,
    "cafa_fmax": 0.735,
    "cafa_threshold": 0.42,
    "cafa_precision": 0.787,
    "cafa_recall": 0.689,
    "cafa_coverage": 0.998,
    "cafa_pr_micro": 0.718,
    "cafa_rc_micro": 0.592,
    "cafa_f_micro": 0.649,
    "cafa_smin": 3.489
  },
  "best_val_fmax": 0.6787750581231612,
  "best_epoch": 50,
  "total_epochs": 50,
  "train_size": 13938,
  "val_size": 1737,
  "test_size": 1728
}