{
  "experiment_name": "prott5_prostt5_temp_3.0_fixed",
  "modality_pair": "prott5_prostt5",
  "aspect": "CCO",
  "temperature_init": 3.0,
  "temperature_final": 3.0,
  "learnable_temperature": false,
  "num_go_terms": 551,
  "seed": 42,
  "test_metrics": {
    "fmax": 0.6314608182134736,
    "threshold": 0.5247474747474747,
    "precision": 0.6505252031446083,
    "recall": 0.6134820260419873,
    "micro_auprc": 0.6757244123368952,
    "macro_auprc": 0.20212685277161616,
    "cafa_fmax": 0.7,
    "cafa_threshold": 0.64,
    "cafa_precision": 0.744,
    "cafa_recall": 0.661,
    "cafa_coverage": 1.0,
    "cafa_pr_micro": 0.697,
    "cafa_rc_micro": 0.571,
    "cafa_f_micro": 0.628,
    "cafa_smin": 6.289
  },
  "best_val_fmax": 0.7140999533345682,
  "best_epoch": 12,
  "total_epochs": 17
}