{
  "experiment_name": "text_prott5_temp_2.0_learned",
  "modality_pair": "text_prott5",
  "aspect": "BPO",
  "temperature_init": 2.0,
  "temperature_final": 2.2117233276367188,
  "learnable_temperature": true,
  "num_go_terms": 3992,
  "seed": 42,
  "test_metrics": {
    "fmax": 0.5062305624989282,
    "threshold": 0.43565656565656563,
    "precision": 0.5111728263191618,
    "recall": 0.501382951973849,
    "micro_auprc": 0.4924447018479317,
    "macro_auprc": 0.18040875431982803,
    "cafa_fmax": 0.575,
    "cafa_threshold": 0.62,
    "cafa_precision": 0.621,
    "cafa_recall": 0.534,
    "cafa_coverage": 1.0,
    "cafa_pr_micro": 0.581,
    "cafa_rc_micro": 0.428,
    "cafa_f_micro": 0.493,
    "cafa_smin": 19.444
  },
  "best_val_fmax": 0.5182567726237478,
  "best_epoch": 19,
  "total_epochs": 24
}