{
  "model_type": "multimodal_fusion",
  "enabled_modalities": [
    "prott5",
    "esm"
  ],
  "aspect": "CCO",
  "num_go_terms": 551,
  "num_parameters": 2425974,
  "seed": 42,
  "use_aux_heads": true,
  "config": {
    "hidden_dim": 512,
    "dropout": 0.3,
    "modality_dropout": 0.1,
    "aux_weight": 0.1,
    "lr": 0.001,
    "weight_decay": 0.01,
    "batch_size": 32,
    "max_epochs": 50,
    "patience": 7,
    "warmup_ratio": 0.1,
    "focal_gamma": 2.0,
    "focal_alpha": 0.25,
    "min_delta_fmax": 0.0001,
    "min_delta_loss": 0.0001,
    "normalize": "none"
  },
  "test_metrics": {
    "loss": 0.051466864394024016,
    "fmax": 0.6364784762886233,
    "threshold": 0.5445454545454546,
    "precision": 0.6628660099851528,
    "recall": 0.6121113949286611,
    "micro_auprc": 0.6819196057984032,
    "macro_auprc": 0.20708613825543523,
    "gate_prott5": 0.805621325969696,
    "gate_esm": 0.19437849521636963,
    "cafa_fmax": 0.704,
    "cafa_threshold": 0.63,
    "cafa_precision": 0.74,
    "cafa_recall": 0.67,
    "cafa_coverage": 1.0,
    "cafa_pr_micro": 0.699,
    "cafa_rc_micro": 0.582,
    "cafa_f_micro": 0.635,
    "cafa_smin": 6.18
  },
  "best_val_fmax": 0.7145938261574064,
  "loss_at_best_fmax": 0.04454635395310246,
  "best_epoch_by_fmax": 18,
  "total_epochs": 21,
  "train_size": 45309,
  "val_size": 4985,
  "test_size": 1265
}