{
  "plm_type": "ankh",
  "aspect": "MFO",
  "embedding_dim": 768,
  "num_go_terms": 677,
  "num_gpus": 1,
  "effective_batch_size": 16,
  "seed": 42,
  "test_metrics": {
    "fmax": 0.5090068205899471,
    "threshold": 0.33666666666666667,
    "precision": 0.5851475018020439,
    "recall": 0.45039980627166365,
    "micro_auprc": 0.4449626757657885,
    "macro_auprc": 0.14464313112716126,
    "cafa_fmax": 0.515,
    "cafa_threshold": 0.35,
    "cafa_precision": 0.596,
    "cafa_recall": 0.452,
    "cafa_coverage": 1.0,
    "cafa_pr_micro": 0.56,
    "cafa_rc_micro": 0.384,
    "cafa_f_micro": 0.456,
    "cafa_smin": 5.767
  },
  "best_val_fmax": 0.5252997238419516,
  "best_epoch": 49,
  "total_epochs": 50,
  "train_size": 32421,
  "val_size": 3587,
  "test_size": 1137
}