{
  "plm_type": "ankh",
  "aspect": "MFO",
  "embedding_dim": 768,
  "num_go_terms": 677,
  "num_gpus": 1,
  "effective_batch_size": 16,
  "seed": 42,
  "test_metrics": {
    "fmax": 0.44683283781920274,
    "threshold": 0.2871717171717172,
    "precision": 0.4946835443037912,
    "recall": 0.40742285237697656,
    "micro_auprc": 0.43656645071804484,
    "macro_auprc": 0.12995131842137367,
    "cafa_fmax": 0.507,
    "cafa_threshold": 0.35,
    "cafa_precision": 0.582,
    "cafa_recall": 0.448,
    "cafa_coverage": 1.0,
    "cafa_pr_micro": 0.546,
    "cafa_rc_micro": 0.375,
    "cafa_f_micro": 0.445,
    "cafa_smin": 5.863
  },
  "best_val_fmax": 0.46501232623135036,
  "best_epoch": 26,
  "total_epochs": 31,
  "train_size": 32421,
  "val_size": 3587,
  "test_size": 1137
}