{
  "plm_type": "ankh",
  "aspect": "MFO",
  "num_go_terms": 677,
  "num_gpus": 6,
  "effective_batch_size": 96,
  "test_metrics": {
    "fmax": 0.5153966961261425,
    "threshold": 0.33666666666666667,
    "precision": 0.5974732340201744,
    "recall": 0.45314669155420767,
    "micro_auprc": 0.4481778728939434,
    "macro_auprc": 0.13325396372776124,
    "cafa_fmax": 0.523,
    "cafa_threshold": 0.34,
    "cafa_precision": 0.602,
    "cafa_recall": 0.463,
    "cafa_coverage": 1.0,
    "cafa_pr_micro": 0.557,
    "cafa_rc_micro": 0.384,
    "cafa_f_micro": 0.455,
    "cafa_smin": 5.776
  },
  "best_val_fmax": 0.5280218223132749,
  "best_epoch": 48,
  "total_epochs": 50,
  "train_size": 32421,
  "val_size": 3587,
  "test_size": 1137
}