{
  "experiment_name": "text_esm_temp_1.5_fixed",
  "modality_pair": "text_esm",
  "aspect": "MFO",
  "temperature_init": 1.5,
  "temperature_final": 1.5,
  "learnable_temperature": false,
  "num_go_terms": 677,
  "seed": 42,
  "test_metrics": {
    "fmax": 0.6015968713856366,
    "threshold": 0.495050505050505,
    "precision": 0.6279623540083838,
    "recall": 0.5773561301084177,
    "micro_auprc": 0.6329156070269808,
    "macro_auprc": 0.41422038750505225,
    "cafa_fmax": 0.662,
    "cafa_threshold": 0.51,
    "cafa_precision": 0.69,
    "cafa_recall": 0.636,
    "cafa_coverage": 1.0,
    "cafa_pr_micro": 0.615,
    "cafa_rc_micro": 0.589,
    "cafa_f_micro": 0.602,
    "cafa_smin": 4.511
  },
  "best_val_fmax": 0.6557572387000361,
  "best_epoch": 21,
  "total_epochs": 26
}