{
  "aspect": "CC",
  "similarity_threshold": 70,
  "esm": {
    "fmax": 0.6115060994422982,
    "threshold": 0.32676767676767676,
    "precision": 0.6013905709772508,
    "recall": 0.6219677407629387
  },
  "text": {
    "fmax": 0.6793864323218932,
    "threshold": 0.32676767676767676,
    "precision": 0.6756571657375605,
    "recall": 0.6831570946072941
  },
  "improvement": {
    "absolute": 0.06788033287959505,
    "relative_percent": 11.100516076863798
  }
}