{
  "model_type": "esm",
  "aspect": "CC",
  "similarity_threshold": 70,
  "num_go_terms": 800,
  "test_metrics": {
    "fmax": 0.6130089945298017,
    "threshold": 0.3465656565656566,
    "precision": 0.6169722546270621,
    "recall": 0.6090963273230319
  },
  "best_val_fmax": 0.6223443420390983,
  "train_size": 24300,
  "val_size": 3047,
  "test_size": 3039
}