{
  "model_type": "function",
  "aspect": "CC",
  "similarity_threshold": 70,
  "num_go_terms": 800,
  "test_metrics": {
    "fmax": 0.5892286263357186,
    "threshold": 0.32676767676767676,
    "precision": 0.600114288481426,
    "recall": 0.5787308453009354
  },
  "best_val_fmax": 0.6014557858124986,
  "train_size": 24300,
  "val_size": 3047,
  "test_size": 3039
}