{
  "model_type": "function",
  "aspect": "CC",
  "similarity_threshold": 70,
  "num_go_terms": 800,
  "test_metrics": {
    "fmax": 0.6041759322288563,
    "threshold": 0.32676767676767676,
    "precision": 0.5840120636294117,
    "recall": 0.62578196781824,
    "micro_auprc": 0.5750092598423819,
    "macro_auprc": 0.41663007221279696,
    "cafa_fmax": 0.726,
    "cafa_threshold": 0.37,
    "cafa_precision": 0.728,
    "cafa_recall": 0.724,
    "cafa_coverage": 0.995,
    "cafa_pr_micro": 0.701,
    "cafa_rc_micro": 0.675,
    "cafa_f_micro": 0.688,
    "cafa_smin": 5.209
  },
  "best_val_fmax": 0.6165989387885035,
  "best_epoch": 49,
  "total_epochs": 50,
  "train_size": 24300,
  "val_size": 3047,
  "test_size": 3039
}