{
  "model_type": "text",
  "aspect": "CC",
  "similarity_threshold": 70,
  "num_go_terms": 800,
  "test_metrics": {
    "fmax": 0.6793864323218932,
    "threshold": 0.32676767676767676,
    "precision": 0.6756571657375605,
    "recall": 0.6831570946072941
  },
  "best_val_fmax": 0.6929590622172684,
  "train_size": 24300,
  "val_size": 3047,
  "test_size": 3039
}