{
  "model_type": "text",
  "aspect": "CC",
  "similarity_threshold": 70,
  "num_go_terms": 800,
  "test_metrics": {
    "fmax": 0.6789715180381155,
    "threshold": 0.43565656565656563,
    "precision": 0.6888613283813094,
    "recall": 0.6693616596753977,
    "micro_auprc": 0.6480163432746496,
    "macro_auprc": 0.4786576998751038,
    "cafa_fmax": 0.777,
    "cafa_threshold": 0.45,
    "cafa_precision": 0.785,
    "cafa_recall": 0.768,
    "cafa_coverage": 0.993,
    "cafa_pr_micro": 0.758,
    "cafa_rc_micro": 0.721,
    "cafa_f_micro": 0.739,
    "cafa_smin": 4.378
  },
  "best_val_fmax": 0.6893626746047314,
  "best_epoch": 16,
  "total_epochs": 26,
  "train_size": 24300,
  "val_size": 3047,
  "test_size": 3039
}