{
  "model_type": "concat",
  "aspect": "CC",
  "similarity_threshold": 70,
  "num_go_terms": 800,
  "test_metrics": {
    "fmax": 0.6866624503825474,
    "threshold": 0.32676767676767676,
    "precision": 0.684542785715834,
    "recall": 0.6887952828699101,
    "micro_auprc": 0.6757432700061641,
    "macro_auprc": 0.46912712180535404,
    "cafa_fmax": 0.782,
    "cafa_threshold": 0.35,
    "cafa_precision": 0.786,
    "cafa_recall": 0.778,
    "cafa_coverage": 0.994,
    "cafa_pr_micro": 0.758,
    "cafa_rc_micro": 0.731,
    "cafa_f_micro": 0.745,
    "cafa_smin": 4.308
  },
  "best_val_fmax": 0.7002729153523377,
  "best_epoch": 19,
  "total_epochs": 29,
  "train_size": 24300,
  "val_size": 3047,
  "test_size": 3039
}