{
  "model_type": "esm",
  "aspect": "CC",
  "similarity_threshold": 70,
  "num_go_terms": 800,
  "test_metrics": {
    "fmax": 0.6186808195348283,
    "threshold": 0.38616161616161615,
    "precision": 0.616993589440165,
    "recall": 0.6203773028292455,
    "micro_auprc": 0.5539008070128659,
    "macro_auprc": 0.3207390187969225,
    "cafa_fmax": 0.735,
    "cafa_threshold": 0.42,
    "cafa_precision": 0.748,
    "cafa_recall": 0.722,
    "cafa_coverage": 0.992,
    "cafa_pr_micro": 0.716,
    "cafa_rc_micro": 0.657,
    "cafa_f_micro": 0.685,
    "cafa_smin": 5.254
  },
  "best_val_fmax": 0.6263720470899065,
  "best_epoch": 32,
  "total_epochs": 42,
  "train_size": 24300,
  "val_size": 3047,
  "test_size": 3039
}