{
  "model_type": "concat",
  "aspect": "CC",
  "similarity_threshold": 70,
  "num_go_terms": 800,
  "test_metrics": {
    "fmax": 0.6890839351177748,
    "threshold": 0.36636363636363634,
    "precision": 0.6884634658426798,
    "recall": 0.6897055238825717,
    "micro_auprc": 0.6714302573777281,
    "macro_auprc": 0.4771358835424871
  },
  "best_val_fmax": 0.6992485932411345,
  "best_epoch": 31,
  "total_epochs": 41,
  "train_size": 24300,
  "val_size": 3047,
  "test_size": 3039
}