{
  "plm_type": "prott5",
  "aspect": "CCO",
  "embedding_dim": 1024,
  "num_go_terms": 551,
  "num_gpus": 1,
  "effective_batch_size": 16,
  "seed": 42,
  "test_metrics": {
    "fmax": 0.6320031976052888,
    "threshold": 0.5445454545454546,
    "precision": 0.6790494595948703,
    "recall": 0.5910535169148303,
    "micro_auprc": 0.6800404990992402,
    "macro_auprc": 0.2098793532098693,
    "cafa_fmax": 0.693,
    "cafa_threshold": 0.57,
    "cafa_precision": 0.708,
    "cafa_recall": 0.678,
    "cafa_coverage": 1.0,
    "cafa_pr_micro": 0.681,
    "cafa_rc_micro": 0.59,
    "cafa_f_micro": 0.632,
    "cafa_smin": 6.267
  },
  "best_val_fmax": 0.7114485484906704,
  "best_epoch": 28,
  "total_epochs": 29,
  "train_size": 45309,
  "val_size": 4985,
  "test_size": 1265
}