{
  "plm_type": "prott5",
  "aspect": "CCO",
  "embedding_dim": 1024,
  "num_go_terms": 551,
  "num_gpus": 1,
  "effective_batch_size": 16,
  "seed": 42,
  "test_metrics": {
    "fmax": 0.6936059588788418,
    "threshold": 0.5841414141414141,
    "precision": 0.7361343596272186,
    "recall": 0.6557231248557117,
    "micro_auprc": 0.6780537727927545,
    "macro_auprc": 0.20908903180204547,
    "cafa_fmax": 0.695,
    "cafa_threshold": 0.61,
    "cafa_precision": 0.744,
    "cafa_recall": 0.652,
    "cafa_coverage": 1.0,
    "cafa_pr_micro": 0.715,
    "cafa_rc_micro": 0.555,
    "cafa_f_micro": 0.625,
    "cafa_smin": 6.297
  },
  "best_val_fmax": 0.7553086038807626,
  "best_epoch": 20,
  "total_epochs": 30,
  "train_size": 45309,
  "val_size": 4985,
  "test_size": 1265
}