{
  "plm_type": "prott5",
  "aspect": "CCO",
  "num_go_terms": 551,
  "num_gpus": 6,
  "effective_batch_size": 96,
  "test_metrics": {
    "fmax": 0.6960303702716008,
    "threshold": 0.594040404040404,
    "precision": 0.7246892662560448,
    "recall": 0.6695519597386801,
    "micro_auprc": 0.6769228788434283,
    "macro_auprc": 0.19994810623126008,
    "cafa_fmax": 0.698,
    "cafa_threshold": 0.64,
    "cafa_precision": 0.739,
    "cafa_recall": 0.661,
    "cafa_coverage": 1.0,
    "cafa_pr_micro": 0.697,
    "cafa_rc_micro": 0.569,
    "cafa_f_micro": 0.627,
    "cafa_smin": 6.302
  },
  "best_val_fmax": 0.7574867109542733,
  "best_epoch": 38,
  "total_epochs": 38,
  "train_size": 45309,
  "val_size": 4985,
  "test_size": 1265
}