{
  "experiment_name": "prott5_prostt5_temp_0.5_learned",
  "modality_pair": "prott5_prostt5",
  "aspect": "MFO",
  "temperature_init": 0.5,
  "temperature_final": 0.6930240988731384,
  "learnable_temperature": true,
  "num_go_terms": 677,
  "seed": 42,
  "test_metrics": {
    "fmax": 0.6138680032919149,
    "threshold": 0.5346464646464646,
    "precision": 0.6589740523735422,
    "recall": 0.5745412844036637,
    "micro_auprc": 0.6489634882774312,
    "macro_auprc": 0.42039196499242115,
    "cafa_fmax": 0.68,
    "cafa_threshold": 0.54,
    "cafa_precision": 0.726,
    "cafa_recall": 0.639,
    "cafa_coverage": 1.0,
    "cafa_pr_micro": 0.64,
    "cafa_rc_micro": 0.585,
    "cafa_f_micro": 0.611,
    "cafa_smin": 4.379
  },
  "best_val_fmax": 0.6593939711304928,
  "best_epoch": 14,
  "total_epochs": 19
}