{
  "model_type": "multimodal_fusion",
  "enabled_modalities": [
    "prott5",
    "esm",
    "text"
  ],
  "aspect": "BPO",
  "num_go_terms": 3992,
  "num_parameters": 10164321,
  "seed": 42,
  "use_aux_heads": true,
  "config": {
    "hidden_dim": 512,
    "dropout": 0.3,
    "modality_dropout": 0.1,
    "aux_weight": 0.1,
    "lr": 0.001,
    "weight_decay": 0.01,
    "batch_size": 32,
    "max_epochs": 50,
    "patience": 7,
    "warmup_ratio": 0.1,
    "focal_gamma": 2.0,
    "focal_alpha": 0.25,
    "min_delta_fmax": 0.0001,
    "min_delta_loss": 0.0001,
    "normalize": "none"
  },
  "test_metrics": {
    "loss": 0.022255607613672814,
    "fmax": 0.513095726764939,
    "threshold": 0.46535353535353535,
    "precision": 0.5509144240170534,
    "recall": 0.48013578073925,
    "micro_auprc": 0.5042469200749066,
    "macro_auprc": 0.17902237737121784,
    "gate_prott5": 0.5444046258926392,
    "gate_esm": 0.07542767375707626,
    "gate_text": 0.3801676630973816,
    "cafa_fmax": 0.582,
    "cafa_threshold": 0.55,
    "cafa_precision": 0.607,
    "cafa_recall": 0.558,
    "cafa_coverage": 1.0,
    "cafa_pr_micro": 0.582,
    "cafa_rc_micro": 0.455,
    "cafa_f_micro": 0.511,
    "cafa_smin": 19.011
  },
  "best_val_fmax": 0.5164841036101816,
  "loss_at_best_fmax": 0.03559142193107894,
  "best_epoch_by_fmax": 19,
  "total_epochs": 22,
  "train_size": 47691,
  "val_size": 5252,
  "test_size": 2392
}