{
  "experiment_name": "text_prott5_temp_1.0_fixed",
  "modality_pair": "text_prott5",
  "aspect": "BPO",
  "temperature_init": 1.0,
  "temperature_final": 1.0,
  "learnable_temperature": false,
  "num_go_terms": 3992,
  "seed": 42,
  "test_metrics": {
    "fmax": 0.5098535500079012,
    "threshold": 0.495050505050505,
    "precision": 0.5351833650715637,
    "recall": 0.48681306400692803,
    "micro_auprc": 0.49345691617857096,
    "macro_auprc": 0.18106076822867315,
    "cafa_fmax": 0.586,
    "cafa_threshold": 0.55,
    "cafa_precision": 0.593,
    "cafa_recall": 0.579,
    "cafa_coverage": 1.0,
    "cafa_pr_micro": 0.55,
    "cafa_rc_micro": 0.48,
    "cafa_f_micro": 0.512,
    "cafa_smin": 19.038
  },
  "best_val_fmax": 0.5176694791363915,
  "best_epoch": 18,
  "total_epochs": 23
}