{
  "model_type": "multimodal_fusion",
  "enabled_modalities": [
    "prott5",
    "esm",
    "struct",
    "ppi"
  ],
  "aspect": "MFO",
  "num_go_terms": 677,
  "num_parameters": 3841850,
  "seed": 42,
  "use_aux_heads": true,
  "config": {
    "hidden_dim": 512,
    "dropout": 0.3,
    "modality_dropout": 0.1,
    "aux_weight": 0.1,
    "lr": 0.001,
    "weight_decay": 0.01,
    "batch_size": 32,
    "max_epochs": 50,
    "patience": 7,
    "warmup_ratio": 0.1,
    "focal_gamma": 2.0,
    "focal_alpha": 0.25,
    "min_delta_fmax": 0.0001,
    "min_delta_loss": 0.0001,
    "normalize": "none"
  },
  "test_metrics": {
    "loss": 0.029257841718693573,
    "fmax": 0.604366540426062,
    "threshold": 0.36636363636363634,
    "precision": 0.6012795377153999,
    "recall": 0.6074854045037468,
    "micro_auprc": 0.6442103920031665,
    "macro_auprc": 0.41704413827599013,
    "gate_prott5": 0.4577144384384155,
    "gate_esm": 0.15522749722003937,
    "gate_struct": 0.0017874573823064566,
    "gate_ppi": 0.38527053594589233,
    "cafa_fmax": 0.667,
    "cafa_threshold": 0.38,
    "cafa_precision": 0.655,
    "cafa_recall": 0.678,
    "cafa_coverage": 1.0,
    "cafa_pr_micro": 0.595,
    "cafa_rc_micro": 0.616,
    "cafa_f_micro": 0.606,
    "cafa_smin": 4.497
  },
  "best_val_fmax": 0.6686818274866898,
  "loss_at_best_fmax": 0.032561201816507145,
  "best_epoch_by_fmax": 16,
  "total_epochs": 17,
  "train_size": 32421,
  "val_size": 3587,
  "test_size": 1137
}