{
  "model_type": "pairwise_adaptive_fusion_with_ppi",
  "modality_pair": "prott5_prostt5",
  "experiment_name": "prott5_prostt5_fusion_ppi_div_noentropy",
  "aspect": "MFO",
  "num_go_terms": 677,
  "num_parameters": 5424042,
  "seed": 42,
  "use_ppi": true,
  "regularization": {
    "diversity_loss": true,
    "diversity_weight": 0.01,
    "gate_entropy": false,
    "gate_entropy_weight": null
  },
  "test_metrics": {
    "fmax": 0.6146065582186169,
    "threshold": 0.5544444444444444,
    "precision": 0.6423780834375282,
    "recall": 0.589136780650536,
    "micro_auprc": 0.6376489471504281,
    "macro_auprc": 0.4195208264361662,
    "gate_prott5_mean": 0.7122395634651184,
    "gate_prott5_std": 0.16709518432617188,
    "gate_prostt5_mean": 0.287760466337204,
    "gate_prostt5_std": 0.16709518432617188,
    "cafa_fmax": 0.686,
    "cafa_threshold": 0.56,
    "cafa_precision": 0.705,
    "cafa_recall": 0.667,
    "cafa_coverage": 1.0,
    "cafa_pr_micro": 0.625,
    "cafa_rc_micro": 0.608,
    "cafa_f_micro": 0.616,
    "cafa_smin": 4.36
  },
  "best_val_fmax": 0.6772314566771668,
  "best_epoch": 22,
  "total_epochs": 27,
  "train_size": 32421,
  "val_size": 3587,
  "test_size": 1137
}