{
  "model_type": "pairwise_adaptive_fusion",
  "modality_pair": "prott5_esm",
  "experiment_name": "prott5_esm_fusion_div",
  "aspect": "BPO",
  "num_go_terms": 3992,
  "seed": 42,
  "use_diversity_loss": true,
  "diversity_weight": 0.02,
  "test_metrics": {
    "fmax": 0.5058855060311539,
    "threshold": 0.47525252525252526,
    "precision": 0.5253742571278108,
    "recall": 0.4877909088369227,
    "micro_auprc": 0.4911904921513374,
    "macro_auprc": 0.17389040059576294,
    "cafa_fmax": 0.566,
    "cafa_threshold": 0.54,
    "cafa_precision": 0.569,
    "cafa_recall": 0.563,
    "cafa_coverage": 1.0,
    "cafa_pr_micro": 0.533,
    "cafa_rc_micro": 0.473,
    "cafa_f_micro": 0.501,
    "cafa_smin": 19.63
  },
  "best_val_fmax": 0.5061300064541926,
  "best_epoch": 22,
  "total_epochs": 27,
  "train_size": 47691,
  "val_size": 5252,
  "test_size": 2392
}