{
  "ablation_name": "03_fixed_temperature",
  "ablation_description": "Fixed temperature (not learnable)",
  "modality_pair": "text_prott5",
  "aspect": "BPO",
  "num_go_terms": 3992,
  "num_parameters": 7901852,
  "seed": 42,
  "model_config": {
    "use_adaptive_gates": true,
    "use_gate_adjuster": true,
    "use_interaction": true,
    "use_diversity_loss": false,
    "use_gate_entropy": true,
    "learnable_temperature": false,
    "temperature": 1.5,
    "gate_entropy_weight": 0.001
  },
  "test_metrics": {
    "fmax": 0.5126663803708109,
    "threshold": 0.44555555555555554,
    "precision": 0.5255744343692219,
    "recall": 0.5003771687201402,
    "micro_auprc": 0.4915130822366323,
    "macro_auprc": 0.17567708998941867,
    "text_mean": 0.5422093868255615,
    "text_std": 0.06531475484371185,
    "prott5_mean": 0.45779067277908325,
    "prott5_std": 0.06531475484371185,
    "cafa_fmax": 0.584,
    "cafa_threshold": 0.58,
    "cafa_precision": 0.617,
    "cafa_recall": 0.553,
    "cafa_coverage": 1.0,
    "cafa_pr_micro": 0.58,
    "cafa_rc_micro": 0.452,
    "cafa_f_micro": 0.508,
    "cafa_smin": 19.047
  },
  "best_val_fmax": 0.5175743210300522,
  "best_epoch": 17,
  "total_epochs": 22,
  "dataset_sizes": {
    "train": 47691,
    "val": 5252,
    "test": 2392
  }
}