{
  "model_type": "multimodal_fusion",
  "enabled_modalities": [
    "prott5",
    "text",
    "struct"
  ],
  "aspect": "CCO",
  "num_go_terms": 551,
  "num_parameters": 2710173,
  "seed": 42,
  "use_aux_heads": true,
  "config": {
    "hidden_dim": 512,
    "dropout": 0.3,
    "modality_dropout": 0.1,
    "aux_weight": 0.1,
    "lr": 0.001,
    "weight_decay": 0.01,
    "batch_size": 32,
    "max_epochs": 50,
    "patience": 7,
    "warmup_ratio": 0.1,
    "focal_gamma": 2.0,
    "focal_alpha": 0.25,
    "min_delta_fmax": 0.0001,
    "min_delta_loss": 0.0001,
    "normalize": "none"
  },
  "test_metrics": {
    "loss": 0.04893322396092117,
    "fmax": 0.6414277627444926,
    "threshold": 0.5643434343434344,
    "precision": 0.6888857101988222,
    "recall": 0.6000872219799352,
    "micro_auprc": 0.69622001894367,
    "macro_auprc": 0.23220277518075644,
    "gate_prott5": 0.6601719260215759,
    "gate_text": 0.3365803360939026,
    "gate_struct": 0.003247743472456932,
    "cafa_fmax": 0.704,
    "cafa_threshold": 0.63,
    "cafa_precision": 0.746,
    "cafa_recall": 0.666,
    "cafa_coverage": 1.0,
    "cafa_pr_micro": 0.716,
    "cafa_rc_micro": 0.576,
    "cafa_f_micro": 0.638,
    "cafa_smin": 6.112
  },
  "best_val_fmax": 0.7176076094460675,
  "loss_at_best_fmax": 0.04390041674606693,
  "best_epoch_by_fmax": 14,
  "total_epochs": 21,
  "train_size": 45309,
  "val_size": 4985,
  "test_size": 1265
}