{
  "model_type": "multimodal_fusion",
  "enabled_modalities": [
    "prott5",
    "esm",
    "text",
    "ppi"
  ],
  "aspect": "CCO",
  "num_go_terms": 551,
  "num_parameters": 3649732,
  "seed": 42,
  "use_aux_heads": true,
  "config": {
    "hidden_dim": 512,
    "dropout": 0.3,
    "modality_dropout": 0.1,
    "aux_weight": 0.1,
    "lr": 0.001,
    "weight_decay": 0.01,
    "batch_size": 32,
    "max_epochs": 50,
    "patience": 7,
    "warmup_ratio": 0.1,
    "focal_gamma": 2.0,
    "focal_alpha": 0.25,
    "min_delta_fmax": 0.0001,
    "min_delta_loss": 0.0001,
    "normalize": "none"
  },
  "test_metrics": {
    "loss": 0.052110902452841404,
    "fmax": 0.6310578590072319,
    "threshold": 0.46535353535353535,
    "precision": 0.6388534218590357,
    "recall": 0.6234502523207238,
    "micro_auprc": 0.6748087838193717,
    "macro_auprc": 0.2701637483561666,
    "gate_prott5": 0.32478708028793335,
    "gate_esm": 0.08072111755609512,
    "gate_text": 0.15127377212047577,
    "gate_ppi": 0.44321805238723755,
    "cafa_fmax": 0.694,
    "cafa_threshold": 0.54,
    "cafa_precision": 0.706,
    "cafa_recall": 0.682,
    "cafa_coverage": 1.0,
    "cafa_pr_micro": 0.659,
    "cafa_rc_micro": 0.603,
    "cafa_f_micro": 0.629,
    "cafa_smin": 6.321
  },
  "best_val_fmax": 0.7501127374605349,
  "loss_at_best_fmax": 0.040637796374563225,
  "best_epoch_by_fmax": 16,
  "total_epochs": 17,
  "train_size": 45309,
  "val_size": 4985,
  "test_size": 1265
}