{
  "model_type": "ankh",
  "aspect": "MF",
  "similarity_threshold": 50,
  "num_go_terms": 1199,
  "test_metrics": {
    "fmax": 0.7014287739193702,
    "threshold": 0.32676767676767676,
    "precision": 0.7214234932587016,
    "recall": 0.6825124981082308,
    "micro_auprc": 0.6362059422980676,
    "macro_auprc": 0.43304021602553167,
    "cafa_fmax": 0.749,
    "cafa_threshold": 0.34,
    "cafa_precision": 0.766,
    "cafa_recall": 0.732,
    "cafa_coverage": 0.998,
    "cafa_pr_micro": 0.699,
    "cafa_rc_micro": 0.649,
    "cafa_f_micro": 0.673,
    "cafa_smin": 3.38
  },
  "best_val_fmax": 0.7067913302883195,
  "best_epoch": 50,
  "total_epochs": 50,
  "train_size": 20997,
  "val_size": 2587,
  "test_size": 2612
}