{
  "model_type": "multimodal_fusion",
  "enabled_modalities": [
    "prott5",
    "text",
    "struct",
    "ppi"
  ],
  "aspect": "MFO",
  "num_go_terms": 677,
  "num_parameters": 3579706,
  "seed": 42,
  "use_aux_heads": true,
  "config": {
    "hidden_dim": 512,
    "dropout": 0.3,
    "modality_dropout": 0.1,
    "aux_weight": 0.1,
    "lr": 0.001,
    "weight_decay": 0.01,
    "batch_size": 32,
    "max_epochs": 50,
    "patience": 7,
    "warmup_ratio": 0.1,
    "focal_gamma": 2.0,
    "focal_alpha": 0.25,
    "min_delta_fmax": 0.0001,
    "min_delta_loss": 0.0001,
    "normalize": "none"
  },
  "test_metrics": {
    "loss": 0.03204400868465503,
    "fmax": 0.6101281914957213,
    "threshold": 0.5049494949494949,
    "precision": 0.6201809175102238,
    "recall": 0.6003961634695517,
    "micro_auprc": 0.6421430492124643,
    "macro_auprc": 0.43210787135581136,
    "gate_prott5": 0.42883703112602234,
    "gate_text": 0.24118801951408386,
    "gate_struct": 0.003644498297944665,
    "gate_ppi": 0.32633036375045776,
    "cafa_fmax": 0.669,
    "cafa_threshold": 0.59,
    "cafa_precision": 0.706,
    "cafa_recall": 0.635,
    "cafa_coverage": 1.0,
    "cafa_pr_micro": 0.638,
    "cafa_rc_micro": 0.585,
    "cafa_f_micro": 0.61,
    "cafa_smin": 4.405
  },
  "best_val_fmax": 0.679267464290096,
  "loss_at_best_fmax": 0.03279517516823469,
  "best_epoch_by_fmax": 20,
  "total_epochs": 21,
  "train_size": 32421,
  "val_size": 3587,
  "test_size": 1137
}