{
  "model_type": "ankh",
  "aspect": "BP",
  "similarity_threshold": 30,
  "num_go_terms": 5730,
  "test_metrics": {
    "fmax": 0.2632760715167846,
    "threshold": 0.11888888888888888,
    "precision": 0.24186114150440946,
    "recall": 0.28885164677223113,
    "micro_auprc": 0.1822220568286415,
    "macro_auprc": 0.08320371125485031,
    "cafa_fmax": 0.4,
    "cafa_threshold": 0.14,
    "cafa_precision": 0.388,
    "cafa_recall": 0.413,
    "cafa_coverage": 0.975,
    "cafa_pr_micro": 0.344,
    "cafa_rc_micro": 0.389,
    "cafa_f_micro": 0.365,
    "cafa_smin": 23.21
  },
  "best_val_fmax": 0.2665710168034097,
  "best_epoch": 50,
  "total_epochs": 50,
  "train_size": 14290,
  "val_size": 1787,
  "test_size": 1785
}