{
  "model_type": "prott5",
  "aspect": "BP",
  "similarity_threshold": 30,
  "num_go_terms": 5730,
  "test_metrics": {
    "fmax": 0.27666353621488293,
    "threshold": 0.10898989898989898,
    "precision": 0.2513889499826968,
    "recall": 0.30758840235362317,
    "micro_auprc": 0.20141365600441455,
    "macro_auprc": 0.09499697115880927,
    "cafa_fmax": 0.419,
    "cafa_threshold": 0.15,
    "cafa_precision": 0.437,
    "cafa_recall": 0.402,
    "cafa_coverage": 0.962,
    "cafa_pr_micro": 0.393,
    "cafa_rc_micro": 0.374,
    "cafa_f_micro": 0.383,
    "cafa_smin": 22.762
  },
  "best_val_fmax": 0.2817048773482094,
  "best_epoch": 49,
  "total_epochs": 50,
  "train_size": 14290,
  "val_size": 1787,
  "test_size": 1785
}