{
  "model_type": "ankh",
  "aspect": "BP",
  "similarity_threshold": 30,
  "num_go_terms": 5730,
  "test_metrics": {
    "fmax": 0.13754031552741203,
    "threshold": 0.06939393939393938,
    "precision": 0.10953818366292725,
    "recall": 0.18477613306927934,
    "micro_auprc": 0.06299825133431997,
    "macro_auprc": 0.009532204900564781,
    "cafa_fmax": 0.277,
    "cafa_threshold": 0.12,
    "cafa_precision": 0.314,
    "cafa_recall": 0.248,
    "cafa_coverage": 1.0,
    "cafa_pr_micro": 0.315,
    "cafa_rc_micro": 0.2,
    "cafa_f_micro": 0.244,
    "cafa_smin": 26.189
  },
  "best_val_fmax": 0.1388440539040224,
  "best_epoch": 13,
  "total_epochs": 16,
  "train_size": 14290,
  "val_size": 1787,
  "test_size": 1785
}