{
  "model_type": "pairwise_adaptive_fusion_with_ppi",
  "modality_pair": "text_esm",
  "experiment_name": "text_esm_fusion_ppi_div_entropy",
  "aspect": "MFO",
  "num_go_terms": 677,
  "num_parameters": 5424042,
  "seed": 42,
  "use_ppi": true,
  "regularization": {
    "diversity_loss": true,
    "diversity_weight": 0.01,
    "gate_entropy": true,
    "gate_entropy_weight": 0.001
  },
  "test_metrics": {
    "fmax": 0.6113277019210454,
    "threshold": 0.40595959595959596,
    "precision": 0.6359846777827779,
    "recall": 0.5885112593828129,
    "micro_auprc": 0.6361098269670744,
    "macro_auprc": 0.4226944514056058,
    "gate_text_mean": 0.48991695046424866,
    "gate_text_std": 0.054334815591573715,
    "gate_esm_mean": 0.5100830793380737,
    "gate_esm_std": 0.054334815591573715,
    "cafa_fmax": 0.678,
    "cafa_threshold": 0.45,
    "cafa_precision": 0.697,
    "cafa_recall": 0.659,
    "cafa_coverage": 1.0,
    "cafa_pr_micro": 0.632,
    "cafa_rc_micro": 0.596,
    "cafa_f_micro": 0.614,
    "cafa_smin": 4.383
  },
  "best_val_fmax": 0.6750064217328378,
  "best_epoch": 26,
  "total_epochs": 31,
  "train_size": 32421,
  "val_size": 3587,
  "test_size": 1137
}