{
  "experiment_name": "text_esm_temp_3.0_fixed",
  "modality_pair": "text_esm",
  "aspect": "MFO",
  "temperature_init": 3.0,
  "temperature_final": 3.0,
  "learnable_temperature": false,
  "num_go_terms": 677,
  "seed": 42,
  "test_metrics": {
    "fmax": 0.611031783756657,
    "threshold": 0.44555555555555554,
    "precision": 0.6200493721154812,
    "recall": 0.602272727272721,
    "micro_auprc": 0.6443045394366086,
    "macro_auprc": 0.4157244953417012,
    "cafa_fmax": 0.674,
    "cafa_threshold": 0.54,
    "cafa_precision": 0.712,
    "cafa_recall": 0.64,
    "cafa_coverage": 1.0,
    "cafa_pr_micro": 0.647,
    "cafa_rc_micro": 0.581,
    "cafa_f_micro": 0.612,
    "cafa_smin": 4.386
  },
  "best_val_fmax": 0.6576074790470481,
  "best_epoch": 17,
  "total_epochs": 22
}