{
  "model_type": "simplified_pairwise_fusion",
  "modality_pair": "text_esm",
  "experiment_name": "text_esm_simplified_ppi",
  "aspect": "CCO",
  "num_go_terms": 551,
  "num_parameters": 2649642,
  "seed": 42,
  "use_ppi": true,
  "config": {
    "hidden_dim": 512,
    "dropout": 0.3,
    "entropy_weight": 0.0005,
    "lr": 0.001,
    "weight_decay": 0.01,
    "batch_size": 32,
    "max_epochs": 50,
    "patience": 5,
    "gradient_clip": 1.0,
    "warmup_ratio": 0.1,
    "focal_gamma": 2.0,
    "focal_alpha": 0.25
  },
  "test_metrics": {
    "fmax": 0.6312528238059958,
    "threshold": 0.40595959595959596,
    "precision": 0.6548376297288205,
    "recall": 0.6093078312877664,
    "micro_auprc": 0.6836117048871924,
    "macro_auprc": 0.24453320498612408,
    "gate1_mean": 0.5142706632614136,
    "gate2_mean": 0.48572930693626404,
    "cafa_fmax": 0.697,
    "cafa_threshold": 0.42,
    "cafa_precision": 0.706,
    "cafa_recall": 0.689,
    "cafa_coverage": 1.0,
    "cafa_pr_micro": 0.66,
    "cafa_rc_micro": 0.603,
    "cafa_f_micro": 0.631,
    "cafa_smin": 6.324
  },
  "best_val_fmax": 0.7477928865269837,
  "best_epoch": 13,
  "total_epochs": 18,
  "train_size": 45309,
  "val_size": 4985,
  "test_size": 1265
}