{
  "experiment_name": "prott5_esm_temp_2.0_learned",
  "modality_pair": "prott5_esm",
  "aspect": "CCO",
  "temperature_init": 2.0,
  "temperature_final": 2.1315605640411377,
  "learnable_temperature": true,
  "num_go_terms": 551,
  "seed": 42,
  "test_metrics": {
    "fmax": 0.6376850424849422,
    "threshold": 0.5643434343434344,
    "precision": 0.6895053233866829,
    "recall": 0.5931094635848196,
    "micro_auprc": 0.6842231100520024,
    "macro_auprc": 0.20812529888960143,
    "cafa_fmax": 0.703,
    "cafa_threshold": 0.61,
    "cafa_precision": 0.737,
    "cafa_recall": 0.671,
    "cafa_coverage": 1.0,
    "cafa_pr_micro": 0.703,
    "cafa_rc_micro": 0.583,
    "cafa_f_micro": 0.637,
    "cafa_smin": 6.144
  },
  "best_val_fmax": 0.7142769162051178,
  "best_epoch": 11,
  "total_epochs": 16
}