{
  "model_type": "esm",
  "aspect": "CC",
  "similarity_threshold": 50,
  "num_go_terms": 799,
  "test_metrics": {
    "fmax": 0.6147110762588157,
    "threshold": 0.33666666666666667,
    "precision": 0.6347406110575041,
    "recall": 0.5959069555921747,
    "micro_auprc": 0.5478501537089102,
    "macro_auprc": 0.2709321423342237,
    "cafa_fmax": 0.731,
    "cafa_threshold": 0.35,
    "cafa_precision": 0.758,
    "cafa_recall": 0.705,
    "cafa_coverage": 0.992,
    "cafa_pr_micro": 0.725,
    "cafa_rc_micro": 0.632,
    "cafa_f_micro": 0.676,
    "cafa_smin": 5.443
  },
  "best_val_fmax": 0.6249106973823422,
  "best_epoch": 49,
  "total_epochs": 50,
  "train_size": 19378,
  "val_size": 2408,
  "test_size": 2440
}