{
  "model_type": "prott5",
  "aspect": "CC",
  "similarity_threshold": 50,
  "num_go_terms": 799,
  "test_metrics": {
    "fmax": 0.6248282975194256,
    "threshold": 0.30696969696969695,
    "precision": 0.6240890786570373,
    "recall": 0.625569269733513,
    "micro_auprc": 0.5573721966171529,
    "macro_auprc": 0.2823604534343824,
    "cafa_fmax": 0.736,
    "cafa_threshold": 0.31,
    "cafa_precision": 0.737,
    "cafa_recall": 0.734,
    "cafa_coverage": 0.995,
    "cafa_pr_micro": 0.698,
    "cafa_rc_micro": 0.668,
    "cafa_f_micro": 0.683,
    "cafa_smin": 5.317
  },
  "best_val_fmax": 0.6284273090546519,
  "best_epoch": 48,
  "total_epochs": 50,
  "train_size": 19378,
  "val_size": 2408,
  "test_size": 2440
}