{
  "model_type": "ankh",
  "aspect": "CC",
  "similarity_threshold": 50,
  "num_go_terms": 799,
  "test_metrics": {
    "fmax": 0.5984274831763857,
    "threshold": 0.31686868686868686,
    "precision": 0.6071620974853983,
    "recall": 0.5899406166328266,
    "micro_auprc": 0.5266924135599224,
    "macro_auprc": 0.2600813432536355,
    "cafa_fmax": 0.718,
    "cafa_threshold": 0.34,
    "cafa_precision": 0.742,
    "cafa_recall": 0.695,
    "cafa_coverage": 0.993,
    "cafa_pr_micro": 0.707,
    "cafa_rc_micro": 0.628,
    "cafa_f_micro": 0.665,
    "cafa_smin": 5.601
  },
  "best_val_fmax": 0.6059845515532049,
  "best_epoch": 45,
  "total_epochs": 50,
  "train_size": 19378,
  "val_size": 2408,
  "test_size": 2440
}