{
  "experiment_name": "prott5_prostt5_temp_0.5_fixed",
  "modality_pair": "prott5_prostt5",
  "aspect": "CCO",
  "temperature_init": 0.5,
  "temperature_final": 0.5,
  "learnable_temperature": false,
  "num_go_terms": 551,
  "seed": 42,
  "test_metrics": {
    "fmax": 0.6336009360179549,
    "threshold": 0.5742424242424242,
    "precision": 0.6623403098668071,
    "recall": 0.607251884617777,
    "micro_auprc": 0.6752759842674972,
    "macro_auprc": 0.20732678221918416,
    "cafa_fmax": 0.7,
    "cafa_threshold": 0.65,
    "cafa_precision": 0.736,
    "cafa_recall": 0.667,
    "cafa_coverage": 1.0,
    "cafa_pr_micro": 0.693,
    "cafa_rc_micro": 0.578,
    "cafa_f_micro": 0.63,
    "cafa_smin": 6.266
  },
  "best_val_fmax": 0.7151846852177608,
  "best_epoch": 13,
  "total_epochs": 18
}