{
  "model_type": "pairwise_adaptive_fusion",
  "modality_pair": "prott5_prostt5",
  "experiment_name": "prott5_prostt5_fusion_div",
  "aspect": "CCO",
  "num_go_terms": 551,
  "seed": 42,
  "use_diversity_loss": true,
  "diversity_weight": 0.02,
  "test_metrics": {
    "fmax": 0.6344779390243778,
    "threshold": 0.5445454545454546,
    "precision": 0.6472456254050509,
    "recall": 0.6222042240358817,
    "micro_auprc": 0.6790819489163238,
    "macro_auprc": 0.20684083779150259,
    "cafa_fmax": 0.701,
    "cafa_threshold": 0.67,
    "cafa_precision": 0.742,
    "cafa_recall": 0.665,
    "cafa_coverage": 1.0,
    "cafa_pr_micro": 0.702,
    "cafa_rc_micro": 0.574,
    "cafa_f_micro": 0.632,
    "cafa_smin": 6.227
  },
  "best_val_fmax": 0.7146747388780116,
  "best_epoch": 14,
  "total_epochs": 19,
  "train_size": 45309,
  "val_size": 4985,
  "test_size": 1265
}