{
  "experiment_name": "text_prott5_temp_3.0_fixed",
  "modality_pair": "text_prott5",
  "aspect": "MFO",
  "temperature_init": 3.0,
  "temperature_final": 3.0,
  "learnable_temperature": false,
  "num_go_terms": 677,
  "seed": 42,
  "test_metrics": {
    "fmax": 0.6194670776863322,
    "threshold": 0.5346464646464646,
    "precision": 0.656322911805872,
    "recall": 0.586530442035023,
    "micro_auprc": 0.6457346869193739,
    "macro_auprc": 0.4207841373850747,
    "cafa_fmax": 0.689,
    "cafa_threshold": 0.57,
    "cafa_precision": 0.739,
    "cafa_recall": 0.645,
    "cafa_coverage": 1.0,
    "cafa_pr_micro": 0.647,
    "cafa_rc_micro": 0.592,
    "cafa_f_micro": 0.618,
    "cafa_smin": 4.289
  },
  "best_val_fmax": 0.6623716794931848,
  "best_epoch": 17,
  "total_epochs": 22
}