{
  "model_type": "pairwise_adaptive_fusion_with_ppi",
  "modality_pair": "text_esm",
  "experiment_name": "text_esm_fusion_ppi",
  "aspect": "BPO",
  "num_go_terms": 3992,
  "num_parameters": 8821917,
  "seed": 42,
  "use_ppi": true,
  "regularization": {
    "diversity_loss": false,
    "diversity_weight": null,
    "gate_entropy": true,
    "gate_entropy_weight": 0.001
  },
  "test_metrics": {
    "fmax": 0.513002129119636,
    "threshold": 0.40595959595959596,
    "precision": 0.5214098161987469,
    "recall": 0.5048612857262587,
    "micro_auprc": 0.4956798565466314,
    "macro_auprc": 0.20738018285792403,
    "gate_text_mean": 0.49692103266716003,
    "gate_text_std": 0.05250243842601776,
    "gate_esm_mean": 0.5030788779258728,
    "gate_esm_std": 0.05250243842601776,
    "cafa_fmax": 0.589,
    "cafa_threshold": 0.53,
    "cafa_precision": 0.602,
    "cafa_recall": 0.576,
    "cafa_coverage": 1.0,
    "cafa_pr_micro": 0.562,
    "cafa_rc_micro": 0.478,
    "cafa_f_micro": 0.517,
    "cafa_smin": 18.985
  },
  "best_val_fmax": 0.5534602084987026,
  "best_epoch": 17,
  "total_epochs": 22,
  "train_size": 47691,
  "val_size": 5252,
  "test_size": 2392
}