{
  "model_type": "multimodal_fusion",
  "enabled_modalities": [
    "prott5",
    "esm",
    "text"
  ],
  "aspect": "MFO",
  "num_go_terms": 677,
  "num_parameters": 3361941,
  "seed": 42,
  "use_aux_heads": true,
  "config": {
    "hidden_dim": 512,
    "dropout": 0.3,
    "modality_dropout": 0.1,
    "aux_weight": 0.1,
    "lr": 0.001,
    "weight_decay": 0.01,
    "batch_size": 32,
    "max_epochs": 50,
    "patience": 7,
    "warmup_ratio": 0.1,
    "focal_gamma": 2.0,
    "focal_alpha": 0.25,
    "min_delta_fmax": 0.0001,
    "min_delta_loss": 0.0001,
    "normalize": "none"
  },
  "test_metrics": {
    "loss": 0.02907631361287915,
    "fmax": 0.6251307171057439,
    "threshold": 0.44555555555555554,
    "precision": 0.6621196222455327,
    "recall": 0.5920558798999104,
    "micro_auprc": 0.6514884861238739,
    "macro_auprc": 0.41500123456703686,
    "gate_prott5": 0.6079113483428955,
    "gate_esm": 0.08863095939159393,
    "gate_text": 0.30345770716667175,
    "cafa_fmax": 0.684,
    "cafa_threshold": 0.5,
    "cafa_precision": 0.736,
    "cafa_recall": 0.639,
    "cafa_coverage": 1.0,
    "cafa_pr_micro": 0.671,
    "cafa_rc_micro": 0.585,
    "cafa_f_micro": 0.625,
    "cafa_smin": 4.22
  },
  "best_val_fmax": 0.6632212464131046,
  "loss_at_best_fmax": 0.03289308980832585,
  "best_epoch_by_fmax": 15,
  "total_epochs": 18,
  "train_size": 32421,
  "val_size": 3587,
  "test_size": 1137
}