{
  "plm_type": "text",
  "aspect": "MFO",
  "embedding_dim": 768,
  "num_go_terms": 677,
  "num_gpus": 1,
  "effective_batch_size": 16,
  "seed": 42,
  "test_metrics": {
    "fmax": 0.5696001749760956,
    "threshold": 0.3564646464646465,
    "precision": 0.5991255321596985,
    "recall": 0.5428482068390269,
    "micro_auprc": 0.5890200562259144,
    "macro_auprc": 0.34315930824879387,
    "cafa_fmax": 0.629,
    "cafa_threshold": 0.42,
    "cafa_precision": 0.686,
    "cafa_recall": 0.58,
    "cafa_coverage": 1.0,
    "cafa_pr_micro": 0.624,
    "cafa_rc_micro": 0.523,
    "cafa_f_micro": 0.569,
    "cafa_smin": 4.768
  },
  "best_val_fmax": 0.6008793616781976,
  "best_epoch": 25,
  "total_epochs": 30,
  "train_size": 32421,
  "val_size": 3587,
  "test_size": 1137
}