{
  "experiment_name": "prott5_esm_temp_1.5_fixed",
  "modality_pair": "prott5_esm",
  "aspect": "MFO",
  "temperature_init": 1.5,
  "temperature_final": 1.5,
  "learnable_temperature": false,
  "num_go_terms": 677,
  "seed": 42,
  "test_metrics": {
    "fmax": 0.6156220715007896,
    "threshold": 0.5544444444444444,
    "precision": 0.6531758100362539,
    "recall": 0.5821517931609614,
    "micro_auprc": 0.6460173726448993,
    "macro_auprc": 0.4130146233374922,
    "cafa_fmax": 0.681,
    "cafa_threshold": 0.58,
    "cafa_precision": 0.72,
    "cafa_recall": 0.645,
    "cafa_coverage": 1.0,
    "cafa_pr_micro": 0.647,
    "cafa_rc_micro": 0.59,
    "cafa_f_micro": 0.617,
    "cafa_smin": 4.353
  },
  "best_val_fmax": 0.6625214185077771,
  "best_epoch": 17,
  "total_epochs": 22
}