{
  "model_type": "pairwise_adaptive_fusion_with_ppi",
  "modality_pair": "text_esm",
  "experiment_name": "text_esm_fusion_ppi_nolosses",
  "aspect": "CCO",
  "num_go_terms": 551,
  "num_parameters": 5294892,
  "seed": 42,
  "use_ppi": true,
  "regularization": {
    "diversity_loss": false,
    "diversity_weight": null,
    "gate_entropy": false,
    "gate_entropy_weight": null
  },
  "test_metrics": {
    "fmax": 0.6375385422318394,
    "threshold": 0.5346464646464646,
    "precision": 0.6732248008313081,
    "recall": 0.6054451436047561,
    "micro_auprc": 0.679328842076894,
    "macro_auprc": 0.2634582614706549,
    "gate_text_mean": 0.42601215839385986,
    "gate_text_std": 0.07867011427879333,
    "gate_esm_mean": 0.5739878416061401,
    "gate_esm_std": 0.07867011427879333,
    "cafa_fmax": 0.702,
    "cafa_threshold": 0.61,
    "cafa_precision": 0.731,
    "cafa_recall": 0.675,
    "cafa_coverage": 1.0,
    "cafa_pr_micro": 0.689,
    "cafa_rc_micro": 0.591,
    "cafa_f_micro": 0.636,
    "cafa_smin": 6.193
  },
  "best_val_fmax": 0.7493820094238463,
  "best_epoch": 14,
  "total_epochs": 19,
  "train_size": 45309,
  "val_size": 4985,
  "test_size": 1265
}