{
  "experiment_name": "text_prott5_temp_3.0_fixed",
  "modality_pair": "text_prott5",
  "aspect": "BPO",
  "temperature_init": 3.0,
  "temperature_final": 3.0,
  "learnable_temperature": false,
  "num_go_terms": 3992,
  "seed": 42,
  "test_metrics": {
    "fmax": 0.5068217368135165,
    "threshold": 0.46535353535353535,
    "precision": 0.52619470091125,
    "recall": 0.48882463051434566,
    "micro_auprc": 0.49397135886091226,
    "macro_auprc": 0.17764063953179063,
    "cafa_fmax": 0.581,
    "cafa_threshold": 0.55,
    "cafa_precision": 0.601,
    "cafa_recall": 0.563,
    "cafa_coverage": 1.0,
    "cafa_pr_micro": 0.558,
    "cafa_rc_micro": 0.467,
    "cafa_f_micro": 0.509,
    "cafa_smin": 19.107
  },
  "best_val_fmax": 0.5165920436390482,
  "best_epoch": 18,
  "total_epochs": 23
}