{
  "model_type": "multimodal_fusion",
  "enabled_modalities": [
    "prott5",
    "struct",
    "ppi"
  ],
  "aspect": "CCO",
  "num_go_terms": 551,
  "num_parameters": 2579101,
  "seed": 42,
  "use_aux_heads": true,
  "config": {
    "hidden_dim": 512,
    "dropout": 0.3,
    "modality_dropout": 0.1,
    "aux_weight": 0.1,
    "lr": 0.001,
    "weight_decay": 0.01,
    "batch_size": 32,
    "max_epochs": 50,
    "patience": 7,
    "warmup_ratio": 0.1,
    "focal_gamma": 2.0,
    "focal_alpha": 0.25,
    "min_delta_fmax": 0.0001,
    "min_delta_loss": 0.0001,
    "normalize": "none"
  },
  "test_metrics": {
    "loss": 0.05168177490122616,
    "fmax": 0.6368015729470178,
    "threshold": 0.5445454545454546,
    "precision": 0.6717367256637121,
    "recall": 0.6053205407762718,
    "micro_auprc": 0.682580840141317,
    "macro_auprc": 0.26014839462139533,
    "gate_prott5": 0.4641436040401459,
    "gate_struct": 0.0013870511902496219,
    "gate_ppi": 0.5344693660736084,
    "cafa_fmax": 0.698,
    "cafa_threshold": 0.6,
    "cafa_precision": 0.727,
    "cafa_recall": 0.671,
    "cafa_coverage": 1.0,
    "cafa_pr_micro": 0.683,
    "cafa_rc_micro": 0.593,
    "cafa_f_micro": 0.635,
    "cafa_smin": 6.226
  },
  "best_val_fmax": 0.7516975119000309,
  "loss_at_best_fmax": 0.04064113757787989,
  "best_epoch_by_fmax": 19,
  "total_epochs": 19,
  "train_size": 45309,
  "val_size": 4985,
  "test_size": 1265
}