{
  "model_type": "simplified_pairwise_fusion",
  "modality_pair": "prott5_prostt5",
  "experiment_name": "prott5_prostt5_simplified",
  "aspect": "BPO",
  "num_go_terms": 3992,
  "num_parameters": 3888283,
  "seed": 42,
  "use_ppi": false,
  "config": {
    "hidden_dim": 512,
    "dropout": 0.3,
    "entropy_weight": 0.0005,
    "lr": 0.001,
    "weight_decay": 0.01,
    "batch_size": 32,
    "max_epochs": 50,
    "patience": 5,
    "gradient_clip": 1.0,
    "warmup_ratio": 0.1,
    "focal_gamma": 2.0,
    "focal_alpha": 0.25
  },
  "test_metrics": {
    "fmax": 0.5076694633759363,
    "threshold": 0.37626262626262624,
    "precision": 0.5244541744854488,
    "recall": 0.4919257955466146,
    "micro_auprc": 0.4806136437560859,
    "macro_auprc": 0.17165122070725145,
    "gate1_mean": 0.48602980375289917,
    "gate2_mean": 0.5139701962471008,
    "cafa_fmax": 0.576,
    "cafa_threshold": 0.41,
    "cafa_precision": 0.597,
    "cafa_recall": 0.557,
    "cafa_coverage": 1.0,
    "cafa_pr_micro": 0.558,
    "cafa_rc_micro": 0.459,
    "cafa_f_micro": 0.503,
    "cafa_smin": 19.301
  },
  "best_val_fmax": 0.5083884123447071,
  "best_epoch": 30,
  "total_epochs": 35,
  "train_size": 47691,
  "val_size": 5252,
  "test_size": 2392
}