{
  "model_type": "pairwise_adaptive_fusion",
  "modality_pair": "text_esm",
  "experiment_name": "text_esm_fusion_div",
  "aspect": "MFO",
  "num_go_terms": 677,
  "seed": 42,
  "use_diversity_loss": true,
  "diversity_weight": 0.02,
  "test_metrics": {
    "fmax": 0.6063293243419241,
    "threshold": 0.5445454545454546,
    "precision": 0.6472606792095533,
    "recall": 0.5702668890742226,
    "micro_auprc": 0.6430973284811048,
    "macro_auprc": 0.41416327059378694,
    "cafa_fmax": 0.665,
    "cafa_threshold": 0.51,
    "cafa_precision": 0.681,
    "cafa_recall": 0.649,
    "cafa_coverage": 1.0,
    "cafa_pr_micro": 0.613,
    "cafa_rc_micro": 0.599,
    "cafa_f_micro": 0.606,
    "cafa_smin": 4.429
  },
  "best_val_fmax": 0.656415473252808,
  "best_epoch": 22,
  "total_epochs": 27,
  "train_size": 32421,
  "val_size": 3587,
  "test_size": 1137
}