{
  "model_type": "pairwise_adaptive_fusion_with_ppi",
  "modality_pair": "prott5_esm",
  "experiment_name": "prott5_esm_fusion_ppi_div_entropy",
  "aspect": "MFO",
  "num_go_terms": 677,
  "num_parameters": 5555114,
  "seed": 42,
  "use_ppi": true,
  "regularization": {
    "diversity_loss": true,
    "diversity_weight": 0.01,
    "gate_entropy": true,
    "gate_entropy_weight": 0.001
  },
  "test_metrics": {
    "fmax": 0.6046775190103757,
    "threshold": 0.37626262626262624,
    "precision": 0.5976578411405234,
    "recall": 0.6118640533778085,
    "micro_auprc": 0.6271278783895027,
    "macro_auprc": 0.4204998985990182,
    "gate_prott5_mean": 0.46598055958747864,
    "gate_prott5_std": 0.07293185591697693,
    "gate_esm_mean": 0.5340194702148438,
    "gate_esm_std": 0.07293185591697693,
    "cafa_fmax": 0.678,
    "cafa_threshold": 0.54,
    "cafa_precision": 0.705,
    "cafa_recall": 0.652,
    "cafa_coverage": 1.0,
    "cafa_pr_micro": 0.63,
    "cafa_rc_micro": 0.58,
    "cafa_f_micro": 0.604,
    "cafa_smin": 4.505
  },
  "best_val_fmax": 0.6757059842502413,
  "best_epoch": 22,
  "total_epochs": 27,
  "train_size": 32421,
  "val_size": 3587,
  "test_size": 1137
}