{
  "experiment_name": "prott5_esm_temp_3.0_fixed",
  "modality_pair": "prott5_esm",
  "aspect": "CCO",
  "temperature_init": 3.0,
  "temperature_final": 3.0,
  "learnable_temperature": false,
  "num_go_terms": 551,
  "seed": 42,
  "test_metrics": {
    "fmax": 0.6374230718369918,
    "threshold": 0.5247474747474747,
    "precision": 0.6715872249430871,
    "recall": 0.606566569061114,
    "micro_auprc": 0.6840125813644274,
    "macro_auprc": 0.20980469511129907,
    "cafa_fmax": 0.701,
    "cafa_threshold": 0.56,
    "cafa_precision": 0.716,
    "cafa_recall": 0.686,
    "cafa_coverage": 1.0,
    "cafa_pr_micro": 0.681,
    "cafa_rc_micro": 0.6,
    "cafa_f_micro": 0.638,
    "cafa_smin": 6.186
  },
  "best_val_fmax": 0.7140911572043641,
  "best_epoch": 11,
  "total_epochs": 16
}