{
  "ablation_name": "04_no_interaction",
  "ablation_description": "Remove cross-modal interaction layer",
  "modality_pair": "text_prott5",
  "aspect": "BPO",
  "num_go_terms": 3992,
  "num_parameters": 6852765,
  "seed": 42,
  "model_config": {
    "use_adaptive_gates": true,
    "use_gate_adjuster": true,
    "use_interaction": false,
    "use_diversity_loss": false,
    "use_gate_entropy": true,
    "learnable_temperature": true,
    "temperature": 1.5,
    "gate_entropy_weight": 0.001
  },
  "test_metrics": {
    "fmax": 0.5066761464128664,
    "threshold": 0.4257575757575757,
    "precision": 0.5159272558786046,
    "recall": 0.4977509568910115,
    "micro_auprc": 0.4855219759130347,
    "macro_auprc": 0.18222248760109108,
    "text_mean": 0.5066846013069153,
    "text_std": 0.07374288141727448,
    "prott5_mean": 0.49331536889076233,
    "prott5_std": 0.07374288141727448,
    "cafa_fmax": 0.578,
    "cafa_threshold": 0.55,
    "cafa_precision": 0.594,
    "cafa_recall": 0.562,
    "cafa_coverage": 1.0,
    "cafa_pr_micro": 0.557,
    "cafa_rc_micro": 0.46,
    "cafa_f_micro": 0.504,
    "cafa_smin": 19.392
  },
  "best_val_fmax": 0.517912898582765,
  "best_epoch": 26,
  "total_epochs": 31,
  "dataset_sizes": {
    "train": 47691,
    "val": 5252,
    "test": 2392
  }
}