{
  "experiment_name": "text_esm_temp_0.5_learned",
  "modality_pair": "text_esm",
  "aspect": "CCO",
  "temperature_init": 0.5,
  "temperature_final": 0.7527538537979126,
  "learnable_temperature": true,
  "num_go_terms": 551,
  "seed": 42,
  "test_metrics": {
    "fmax": 0.6332618443642049,
    "threshold": 0.5544444444444444,
    "precision": 0.6618216396114878,
    "recall": 0.6070649803750507,
    "micro_auprc": 0.6795521762847331,
    "macro_auprc": 0.2205411828806266,
    "cafa_fmax": 0.699,
    "cafa_threshold": 0.64,
    "cafa_precision": 0.738,
    "cafa_recall": 0.663,
    "cafa_coverage": 1.0,
    "cafa_pr_micro": 0.698,
    "cafa_rc_micro": 0.576,
    "cafa_f_micro": 0.631,
    "cafa_smin": 6.222
  },
  "best_val_fmax": 0.7136355647706064,
  "best_epoch": 15,
  "total_epochs": 20
}