{
  "model_type": "pairwise_with_ppi",
  "modality_pair": "text_prott5",
  "use_ppi": true,
  "aspect": "BPO",
  "num_go_terms": 3992,
  "num_parameters": 8690845,
  "seed": 42,
  "regularization": {
    "diversity_loss": true,
    "diversity_weight": 0.01,
    "gate_entropy": false,
    "gate_entropy_weight": null
  },
  "test_metrics": {
    "fmax": 0.5144810191386371,
    "threshold": 0.43565656565656563,
    "precision": 0.5281422855125331,
    "recall": 0.5015086748805625,
    "micro_auprc": 0.4959887069009556,
    "macro_auprc": 0.20499866863054553,
    "text_mean": 0.5001371502876282,
    "text_std": 0.0939125195145607,
    "prott5_mean": 0.4998628795146942,
    "prott5_std": 0.0939125269651413,
    "cafa_fmax": 0.587,
    "cafa_threshold": 0.56,
    "cafa_precision": 0.602,
    "cafa_recall": 0.572,
    "cafa_coverage": 1.0,
    "cafa_pr_micro": 0.563,
    "cafa_rc_micro": 0.473,
    "cafa_f_micro": 0.514,
    "cafa_smin": 19.067
  },
  "best_val_fmax": 0.5573508042062397,
  "best_epoch": 18,
  "total_epochs": 23,
  "dataset_sizes": {
    "train": 47691,
    "val": 5252,
    "test": 2392
  }
}