{
  "experiment_name": "text_prott5_temp_1.0_fixed",
  "modality_pair": "text_prott5",
  "aspect": "CCO",
  "temperature_init": 1.0,
  "temperature_final": 1.0,
  "learnable_temperature": false,
  "num_go_terms": 551,
  "seed": 42,
  "test_metrics": {
    "fmax": 0.6402521386263204,
    "threshold": 0.5346464646464646,
    "precision": 0.661703117729172,
    "recall": 0.6201482773658923,
    "micro_auprc": 0.6850402106503841,
    "macro_auprc": 0.22868338974888602,
    "cafa_fmax": 0.703,
    "cafa_threshold": 0.64,
    "cafa_precision": 0.737,
    "cafa_recall": 0.672,
    "cafa_coverage": 1.0,
    "cafa_pr_micro": 0.698,
    "cafa_rc_micro": 0.585,
    "cafa_f_micro": 0.637,
    "cafa_smin": 6.168
  },
  "best_val_fmax": 0.718635629825225,
  "best_epoch": 14,
  "total_epochs": 19
}