{
  "model_type": "multimodal_fusion",
  "enabled_modalities": [
    "prott5",
    "esm",
    "text",
    "struct",
    "ppi"
  ],
  "aspect": "MFO",
  "num_go_terms": 677,
  "num_parameters": 4583903,
  "seed": 42,
  "use_aux_heads": true,
  "config": {
    "hidden_dim": 512,
    "dropout": 0.3,
    "modality_dropout": 0.1,
    "aux_weight": 0.1,
    "lr": 0.001,
    "weight_decay": 0.01,
    "batch_size": 32,
    "max_epochs": 50,
    "patience": 7,
    "warmup_ratio": 0.1,
    "focal_gamma": 2.0,
    "focal_alpha": 0.25,
    "min_delta_fmax": 0.0001,
    "min_delta_loss": 0.0001,
    "normalize": "none"
  },
  "test_metrics": {
    "loss": 0.028958849505417876,
    "fmax": 0.6237774396371075,
    "threshold": 0.47525252525252526,
    "precision": 0.6513844757149267,
    "recall": 0.598415346121762,
    "micro_auprc": 0.6568694313300956,
    "macro_auprc": 0.4247801320037969,
    "gate_prott5": 0.36503681540489197,
    "gate_esm": 0.13184179365634918,
    "gate_text": 0.20182031393051147,
    "gate_struct": 0.0011234799167141318,
    "gate_ppi": 0.30017751455307007,
    "cafa_fmax": 0.687,
    "cafa_threshold": 0.52,
    "cafa_precision": 0.728,
    "cafa_recall": 0.65,
    "cafa_coverage": 1.0,
    "cafa_pr_micro": 0.656,
    "cafa_rc_micro": 0.595,
    "cafa_f_micro": 0.624,
    "cafa_smin": 4.253
  },
  "best_val_fmax": 0.6722638601858154,
  "loss_at_best_fmax": 0.03215163316478772,
  "best_epoch_by_fmax": 15,
  "total_epochs": 15,
  "train_size": 32421,
  "val_size": 3587,
  "test_size": 1137
}