{
  "model_type": "pairwise_adaptive_fusion_with_ppi",
  "modality_pair": "prott5_esm",
  "experiment_name": "prott5_esm_fusion_ppi_div_noentropy",
  "aspect": "BPO",
  "num_go_terms": 3992,
  "num_parameters": 8952989,
  "seed": 42,
  "use_ppi": true,
  "regularization": {
    "diversity_loss": true,
    "diversity_weight": 0.01,
    "gate_entropy": false,
    "gate_entropy_weight": null
  },
  "test_metrics": {
    "fmax": 0.5166303102317812,
    "threshold": 0.44555555555555554,
    "precision": 0.5407052212024487,
    "recall": 0.4946078842231714,
    "micro_auprc": 0.5022022692596702,
    "macro_auprc": 0.20060966670439795,
    "gate_prott5_mean": 0.9359159469604492,
    "gate_prott5_std": 0.13527868688106537,
    "gate_esm_mean": 0.06408403068780899,
    "gate_esm_std": 0.13527868688106537,
    "cafa_fmax": 0.594,
    "cafa_threshold": 0.62,
    "cafa_precision": 0.649,
    "cafa_recall": 0.547,
    "cafa_coverage": 1.0,
    "cafa_pr_micro": 0.603,
    "cafa_rc_micro": 0.447,
    "cafa_f_micro": 0.513,
    "cafa_smin": 18.754
  },
  "best_val_fmax": 0.5494612430717882,
  "best_epoch": 20,
  "total_epochs": 25,
  "train_size": 47691,
  "val_size": 5252,
  "test_size": 2392
}