{
  "experiment_name": "text_esm_temp_2.0_learned",
  "modality_pair": "text_esm",
  "aspect": "CCO",
  "temperature_init": 2.0,
  "temperature_final": 2.1062827110290527,
  "learnable_temperature": true,
  "num_go_terms": 551,
  "seed": 42,
  "test_metrics": {
    "fmax": 0.6384018203223767,
    "threshold": 0.5742424242424242,
    "precision": 0.6895828815152123,
    "recall": 0.5942931904554196,
    "micro_auprc": 0.6874055968540775,
    "macro_auprc": 0.2218585818038138,
    "cafa_fmax": 0.702,
    "cafa_threshold": 0.65,
    "cafa_precision": 0.752,
    "cafa_recall": 0.658,
    "cafa_coverage": 1.0,
    "cafa_pr_micro": 0.724,
    "cafa_rc_micro": 0.562,
    "cafa_f_micro": 0.633,
    "cafa_smin": 6.152
  },
  "best_val_fmax": 0.7122845027201973,
  "best_epoch": 8,
  "total_epochs": 13
}