{
  "model_type": "pairwise_adaptive_fusion_with_ppi",
  "modality_pair": "prott5_prostt5",
  "experiment_name": "prott5_prostt5_fusion_ppi_nolosses",
  "aspect": "CCO",
  "num_go_terms": 551,
  "num_parameters": 5294892,
  "seed": 42,
  "use_ppi": true,
  "regularization": {
    "diversity_loss": false,
    "diversity_weight": null,
    "gate_entropy": false,
    "gate_entropy_weight": null
  },
  "test_metrics": {
    "fmax": 0.6306415189856721,
    "threshold": 0.45545454545454545,
    "precision": 0.6441845354126015,
    "recall": 0.6176562207962082,
    "micro_auprc": 0.6768314043927053,
    "macro_auprc": 0.23458523390194366,
    "gate_prott5_mean": 0.9076642990112305,
    "gate_prott5_std": 0.11460055410861969,
    "gate_prostt5_mean": 0.09233564883470535,
    "gate_prostt5_std": 0.11460055410861969,
    "cafa_fmax": 0.696,
    "cafa_threshold": 0.64,
    "cafa_precision": 0.748,
    "cafa_recall": 0.651,
    "cafa_coverage": 1.0,
    "cafa_pr_micro": 0.705,
    "cafa_rc_micro": 0.564,
    "cafa_f_micro": 0.627,
    "cafa_smin": 6.282
  },
  "best_val_fmax": 0.7508857916697402,
  "best_epoch": 13,
  "total_epochs": 18,
  "train_size": 45309,
  "val_size": 4985,
  "test_size": 1265
}