{
  "model_type": "pairwise_with_ppi",
  "modality_pair": "text_prott5",
  "use_ppi": true,
  "aspect": "BPO",
  "num_go_terms": 3992,
  "num_parameters": 8690845,
  "seed": 42,
  "regularization": {
    "diversity_loss": false,
    "diversity_weight": null,
    "gate_entropy": true,
    "gate_entropy_weight": 0.001
  },
  "test_metrics": {
    "fmax": 0.5227771678973674,
    "threshold": 0.47525252525252526,
    "precision": 0.5411446341536337,
    "recall": 0.5056156231665402,
    "micro_auprc": 0.5112137705703728,
    "macro_auprc": 0.2126472607142268,
    "text_mean": 0.4895435869693756,
    "text_std": 0.044322267174720764,
    "prott5_mean": 0.510456383228302,
    "prott5_std": 0.044322267174720764,
    "cafa_fmax": 0.597,
    "cafa_threshold": 0.61,
    "cafa_precision": 0.622,
    "cafa_recall": 0.573,
    "cafa_coverage": 1.0,
    "cafa_pr_micro": 0.577,
    "cafa_rc_micro": 0.476,
    "cafa_f_micro": 0.522,
    "cafa_smin": 18.734
  },
  "best_val_fmax": 0.5552833713430333,
  "best_epoch": 18,
  "total_epochs": 23,
  "dataset_sizes": {
    "train": 47691,
    "val": 5252,
    "test": 2392
  }
}