{
  "model_type": "pairwise_adaptive_fusion_with_ppi",
  "modality_pair": "prott5_esm",
  "experiment_name": "prott5_esm_fusion_ppi_nolosses",
  "aspect": "CCO",
  "num_go_terms": 551,
  "num_parameters": 5425964,
  "seed": 42,
  "use_ppi": true,
  "regularization": {
    "diversity_loss": false,
    "diversity_weight": null,
    "gate_entropy": false,
    "gate_entropy_weight": null
  },
  "test_metrics": {
    "fmax": 0.6329179646437486,
    "threshold": 0.5742424242424242,
    "precision": 0.6604808669149972,
    "recall": 0.6075633916889875,
    "micro_auprc": 0.6754618954887418,
    "macro_auprc": 0.23957916544679916,
    "gate_prott5_mean": 0.9999935626983643,
    "gate_prott5_std": 4.7799454478081316e-05,
    "gate_esm_mean": 6.453899004554842e-06,
    "gate_esm_std": 4.779772280016914e-05,
    "cafa_fmax": 0.698,
    "cafa_threshold": 0.61,
    "cafa_precision": 0.705,
    "cafa_recall": 0.692,
    "cafa_coverage": 1.0,
    "cafa_pr_micro": 0.662,
    "cafa_rc_micro": 0.611,
    "cafa_f_micro": 0.635,
    "cafa_smin": 6.259
  },
  "best_val_fmax": 0.7528607755380785,
  "best_epoch": 16,
  "total_epochs": 21,
  "train_size": 45309,
  "val_size": 4985,
  "test_size": 1265
}