{
  "plm_type": "ankh",
  "aspect": "BPO",
  "num_go_terms": 3992,
  "num_gpus": 6,
  "effective_batch_size": 96,
  "test_metrics": {
    "fmax": 0.47108656895514744,
    "threshold": 0.32676767676767676,
    "precision": 0.5030907829802724,
    "recall": 0.4429107209011213,
    "micro_auprc": 0.3650356772021828,
    "macro_auprc": 0.05176103718531875,
    "cafa_fmax": 0.469,
    "cafa_threshold": 0.32,
    "cafa_precision": 0.489,
    "cafa_recall": 0.45,
    "cafa_coverage": 1.0,
    "cafa_pr_micro": 0.45,
    "cafa_rc_micro": 0.353,
    "cafa_f_micro": 0.396,
    "cafa_smin": 22.465
  },
  "best_val_fmax": 0.4363735027396963,
  "best_epoch": 47,
  "total_epochs": 50,
  "train_size": 47691,
  "val_size": 5252,
  "test_size": 2392
}