{
  "plm_type": "ankh",
  "aspect": "BPO",
  "embedding_dim": 768,
  "num_go_terms": 3992,
  "num_gpus": 1,
  "effective_batch_size": 16,
  "seed": 42,
  "test_metrics": {
    "fmax": 0.48221913694296176,
    "threshold": 0.36636363636363634,
    "precision": 0.5414064074906992,
    "recall": 0.434697433806601,
    "micro_auprc": 0.37069821202157754,
    "macro_auprc": 0.050794678616218,
    "cafa_fmax": 0.482,
    "cafa_threshold": 0.35,
    "cafa_precision": 0.516,
    "cafa_recall": 0.451,
    "cafa_coverage": 1.0,
    "cafa_pr_micro": 0.497,
    "cafa_rc_micro": 0.334,
    "cafa_f_micro": 0.4,
    "cafa_smin": 22.18
  },
  "best_val_fmax": 0.43583422989169807,
  "best_epoch": 44,
  "total_epochs": 46,
  "train_size": 47691,
  "val_size": 5252,
  "test_size": 2392
}