{
  "plm_type": "ankh",
  "aspect": "BPO",
  "embedding_dim": 768,
  "num_go_terms": 3992,
  "num_gpus": 1,
  "effective_batch_size": 16,
  "seed": 42,
  "test_metrics": {
    "fmax": 0.4011253535038855,
    "threshold": 0.2871717171717172,
    "precision": 0.434588427057864,
    "recall": 0.37244712653312045,
    "micro_auprc": 0.368135047287511,
    "macro_auprc": 0.050115827056379056,
    "cafa_fmax": 0.479,
    "cafa_threshold": 0.35,
    "cafa_precision": 0.536,
    "cafa_recall": 0.433,
    "cafa_coverage": 1.0,
    "cafa_pr_micro": 0.506,
    "cafa_rc_micro": 0.324,
    "cafa_f_micro": 0.395,
    "cafa_smin": 22.219
  },
  "best_val_fmax": 0.3915596615745191,
  "best_epoch": 36,
  "total_epochs": 41,
  "train_size": 47691,
  "val_size": 5252,
  "test_size": 2392
}