{
  "model_type": "pairwise_with_ppi",
  "modality_pair": "text_prott5",
  "use_ppi": false,
  "aspect": "CCO",
  "num_go_terms": 551,
  "num_parameters": 4374828,
  "seed": 42,
  "regularization": {
    "diversity_loss": true,
    "diversity_weight": 0.01,
    "gate_entropy": false,
    "gate_entropy_weight": null
  },
  "test_metrics": {
    "fmax": 0.6320705759749898,
    "threshold": 0.5544444444444444,
    "precision": 0.6592246803328553,
    "recall": 0.6070649803750507,
    "micro_auprc": 0.6779904254221644,
    "macro_auprc": 0.21458063107678316,
    "text_mean": 0.40213868021965027,
    "text_std": 0.0625162273645401,
    "prott5_mean": 0.5978612899780273,
    "prott5_std": 0.0625162273645401,
    "cafa_fmax": 0.694,
    "cafa_threshold": 0.66,
    "cafa_precision": 0.731,
    "cafa_recall": 0.66,
    "cafa_coverage": 1.0,
    "cafa_pr_micro": 0.693,
    "cafa_rc_micro": 0.574,
    "cafa_f_micro": 0.628,
    "cafa_smin": 6.284
  },
  "best_val_fmax": 0.7168070474136771,
  "best_epoch": 15,
  "total_epochs": 20,
  "dataset_sizes": {
    "train": 45309,
    "val": 4985,
    "test": 1265
  }
}