{
  "model_type": "simplified_pairwise_fusion",
  "modality_pair": "text_prott5",
  "experiment_name": "text_prott5_simplified",
  "aspect": "BPO",
  "num_go_terms": 3992,
  "num_parameters": 3757211,
  "seed": 42,
  "use_ppi": false,
  "config": {
    "hidden_dim": 512,
    "dropout": 0.3,
    "entropy_weight": 0.0005,
    "lr": 0.001,
    "weight_decay": 0.01,
    "batch_size": 32,
    "max_epochs": 50,
    "patience": 5,
    "gradient_clip": 1.0,
    "warmup_ratio": 0.1,
    "focal_gamma": 2.0,
    "focal_alpha": 0.25
  },
  "test_metrics": {
    "fmax": 0.5143932549939632,
    "threshold": 0.40595959595959596,
    "precision": 0.5577758187220417,
    "recall": 0.4772720923085513,
    "micro_auprc": 0.5055017170289356,
    "macro_auprc": 0.1814555481121658,
    "gate1_mean": 0.4962351620197296,
    "gate2_mean": 0.5037648677825928,
    "cafa_fmax": 0.59,
    "cafa_threshold": 0.44,
    "cafa_precision": 0.64,
    "cafa_recall": 0.547,
    "cafa_coverage": 1.0,
    "cafa_pr_micro": 0.605,
    "cafa_rc_micro": 0.45,
    "cafa_f_micro": 0.516,
    "cafa_smin": 18.663
  },
  "best_val_fmax": 0.5162719218448303,
  "best_epoch": 22,
  "total_epochs": 27,
  "train_size": 47691,
  "val_size": 5252,
  "test_size": 2392
}