{
  "model_type": "multimodal_fusion",
  "enabled_modalities": [
    "prott5",
    "text",
    "struct",
    "ppi"
  ],
  "aspect": "CCO",
  "num_go_terms": 551,
  "num_parameters": 3256516,
  "seed": 42,
  "use_aux_heads": true,
  "config": {
    "hidden_dim": 512,
    "dropout": 0.3,
    "modality_dropout": 0.1,
    "aux_weight": 0.1,
    "lr": 0.001,
    "weight_decay": 0.01,
    "batch_size": 32,
    "max_epochs": 50,
    "patience": 7,
    "warmup_ratio": 0.1,
    "focal_gamma": 2.0,
    "focal_alpha": 0.25,
    "min_delta_fmax": 0.0001,
    "min_delta_loss": 0.0001,
    "normalize": "none"
  },
  "test_metrics": {
    "loss": 0.0501625691074878,
    "fmax": 0.6440351045888744,
    "threshold": 0.5148484848484849,
    "precision": 0.6653161530286884,
    "recall": 0.6240732664631449,
    "micro_auprc": 0.6887002197561123,
    "macro_auprc": 0.2780933500606378,
    "gate_prott5": 0.4095365107059479,
    "gate_text": 0.1451515257358551,
    "gate_struct": 0.0004912096774205565,
    "gate_ppi": 0.44482073187828064,
    "cafa_fmax": 0.706,
    "cafa_threshold": 0.61,
    "cafa_precision": 0.731,
    "cafa_recall": 0.682,
    "cafa_coverage": 1.0,
    "cafa_pr_micro": 0.695,
    "cafa_rc_micro": 0.597,
    "cafa_f_micro": 0.642,
    "cafa_smin": 6.097
  },
  "best_val_fmax": 0.7521342716373529,
  "loss_at_best_fmax": 0.03979658568277955,
  "best_epoch_by_fmax": 15,
  "total_epochs": 19,
  "train_size": 45309,
  "val_size": 4985,
  "test_size": 1265
}