{
  "model_type": "prostt5",
  "aspect": "MF",
  "similarity_threshold": 70,
  "num_go_terms": 1200,
  "test_metrics": {
    "fmax": 0.7073922006530323,
    "threshold": 0.39606060606060606,
    "precision": 0.7315736498299205,
    "recall": 0.6847581906411131,
    "micro_auprc": 0.6514838044138207,
    "macro_auprc": 0.4580741975289622,
    "cafa_fmax": 0.755,
    "cafa_threshold": 0.44,
    "cafa_precision": 0.786,
    "cafa_recall": 0.726,
    "cafa_coverage": 0.999,
    "cafa_pr_micro": 0.726,
    "cafa_rc_micro": 0.64,
    "cafa_f_micro": 0.68,
    "cafa_smin": 3.392
  },
  "best_val_fmax": 0.7100082170994972,
  "best_epoch": 50,
  "total_epochs": 50,
  "train_size": 26613,
  "val_size": 3292,
  "test_size": 3350
}