{
  "model_type": "ankh",
  "aspect": "MF",
  "similarity_threshold": 70,
  "num_go_terms": 1200,
  "test_metrics": {
    "fmax": 0.7149757491685151,
    "threshold": 0.3465656565656566,
    "precision": 0.7215106348890034,
    "recall": 0.7085581769014299,
    "micro_auprc": 0.6622767972911476,
    "macro_auprc": 0.4785014703331618,
    "cafa_fmax": 0.76,
    "cafa_threshold": 0.43,
    "cafa_precision": 0.79,
    "cafa_recall": 0.732,
    "cafa_coverage": 0.998,
    "cafa_pr_micro": 0.732,
    "cafa_rc_micro": 0.648,
    "cafa_f_micro": 0.688,
    "cafa_smin": 3.322
  },
  "best_val_fmax": 0.714744592926594,
  "best_epoch": 46,
  "total_epochs": 50,
  "train_size": 26613,
  "val_size": 3292,
  "test_size": 3350
}