{
  "model_type": "esm",
  "aspect": "MF",
  "similarity_threshold": 70,
  "num_go_terms": 1200,
  "test_metrics": {
    "fmax": 0.7091707429264963,
    "threshold": 0.38616161616161615,
    "precision": 0.7441746824614268,
    "recall": 0.6773118481446785,
    "micro_auprc": 0.6566181964734197,
    "macro_auprc": 0.45598011161474483,
    "cafa_fmax": 0.757,
    "cafa_threshold": 0.38,
    "cafa_precision": 0.779,
    "cafa_recall": 0.736,
    "cafa_coverage": 1.0,
    "cafa_pr_micro": 0.721,
    "cafa_rc_micro": 0.655,
    "cafa_f_micro": 0.686,
    "cafa_smin": 3.348
  },
  "best_val_fmax": 0.7130478769211193,
  "best_epoch": 50,
  "total_epochs": 50,
  "train_size": 26613,
  "val_size": 3292,
  "test_size": 3350
}