{
  "model_type": "simplified_pairwise_fusion",
  "modality_pair": "text_prott5",
  "aspect": "BPO",
  "num_go_terms": 3992,
  "seed": 42,
  "use_ppi": true,
  "config": {
    "use_ppi": true,
    "hidden_dim": 512,
    "dropout": 0.3,
    "entropy_weight": 0.0001,
    "lr": 0.001,
    "weight_decay": 0.01,
    "batch_size": 32,
    "max_epochs": 50,
    "patience": 5,
    "warmup_ratio": 0.1,
    "focal_gamma": 2.0,
    "focal_alpha": 0.25
  },
  "test_metrics": {
    "fmax": 0.5162381398118934,
    "threshold": 0.38616161616161615,
    "precision": 0.5423653201242954,
    "recall": 0.49251250244461137,
    "micro_auprc": 0.49854496239985957,
    "macro_auprc": 0.21844315515553195,
    "gate1_mean": 0.48877349495887756,
    "gate2_mean": 0.5112264752388,
    "cafa_fmax": 0.584,
    "cafa_threshold": 0.44,
    "cafa_precision": 0.612,
    "cafa_recall": 0.558,
    "cafa_coverage": 1.0,
    "cafa_pr_micro": 0.574,
    "cafa_rc_micro": 0.468,
    "cafa_f_micro": 0.516,
    "cafa_smin": 18.854
  },
  "best_val_fmax": 0.5546682922120802,
  "best_epoch": 31,
  "total_epochs": 36
}