{
  "model_type": "pairwise_adaptive_fusion_with_ppi",
  "modality_pair": "text_esm",
  "experiment_name": "text_esm_fusion_ppi_div_entropy",
  "aspect": "CCO",
  "num_go_terms": 551,
  "num_parameters": 5294892,
  "seed": 42,
  "use_ppi": true,
  "regularization": {
    "diversity_loss": true,
    "diversity_weight": 0.01,
    "gate_entropy": true,
    "gate_entropy_weight": 0.001
  },
  "test_metrics": {
    "fmax": 0.6440086858750073,
    "threshold": 0.5148484848484849,
    "precision": 0.6823537614167142,
    "recall": 0.6097439411874611,
    "micro_auprc": 0.6883749602310469,
    "macro_auprc": 0.26649737975316756,
    "gate_text_mean": 0.5274006128311157,
    "gate_text_std": 0.059110019356012344,
    "gate_esm_mean": 0.47259941697120667,
    "gate_esm_std": 0.059110019356012344,
    "cafa_fmax": 0.705,
    "cafa_threshold": 0.58,
    "cafa_precision": 0.729,
    "cafa_recall": 0.682,
    "cafa_coverage": 1.0,
    "cafa_pr_micro": 0.692,
    "cafa_rc_micro": 0.6,
    "cafa_f_micro": 0.643,
    "cafa_smin": 6.082
  },
  "best_val_fmax": 0.7489316757621842,
  "best_epoch": 13,
  "total_epochs": 18,
  "train_size": 45309,
  "val_size": 4985,
  "test_size": 1265
}