{
  "experiment_name": "text_esm_temp_0.5_fixed",
  "modality_pair": "text_esm",
  "aspect": "MFO",
  "temperature_init": 0.5,
  "temperature_final": 0.5,
  "learnable_temperature": false,
  "num_go_terms": 677,
  "seed": 42,
  "test_metrics": {
    "fmax": 0.6164658634038181,
    "threshold": 0.43565656565656563,
    "precision": 0.6250535790827194,
    "recall": 0.6081109257714699,
    "micro_auprc": 0.6484569218269383,
    "macro_auprc": 0.40211643695604166,
    "cafa_fmax": 0.666,
    "cafa_threshold": 0.54,
    "cafa_precision": 0.725,
    "cafa_recall": 0.615,
    "cafa_coverage": 1.0,
    "cafa_pr_micro": 0.663,
    "cafa_rc_micro": 0.574,
    "cafa_f_micro": 0.615,
    "cafa_smin": 4.336
  },
  "best_val_fmax": 0.6510232932504025,
  "best_epoch": 11,
  "total_epochs": 16
}