{
  "model_type": "pairwise_adaptive_fusion_with_ppi",
  "modality_pair": "prott5_prostt5",
  "experiment_name": "prott5_prostt5_fusion_ppi_div_noentropy",
  "aspect": "BPO",
  "num_go_terms": 3992,
  "num_parameters": 8821917,
  "seed": 42,
  "use_ppi": true,
  "regularization": {
    "diversity_loss": true,
    "diversity_weight": 0.01,
    "gate_entropy": false,
    "gate_entropy_weight": null
  },
  "test_metrics": {
    "fmax": 0.5129758962288186,
    "threshold": 0.44555555555555554,
    "precision": 0.5264264396712676,
    "recall": 0.5001955689659983,
    "micro_auprc": 0.49258032296053667,
    "macro_auprc": 0.2069213364393931,
    "gate_prott5_mean": 0.8988350629806519,
    "gate_prott5_std": 0.15838246047496796,
    "gate_prostt5_mean": 0.10116495192050934,
    "gate_prostt5_std": 0.15838246047496796,
    "cafa_fmax": 0.585,
    "cafa_threshold": 0.57,
    "cafa_precision": 0.604,
    "cafa_recall": 0.567,
    "cafa_coverage": 1.0,
    "cafa_pr_micro": 0.564,
    "cafa_rc_micro": 0.476,
    "cafa_f_micro": 0.516,
    "cafa_smin": 18.895
  },
  "best_val_fmax": 0.5504207109947749,
  "best_epoch": 23,
  "total_epochs": 28,
  "train_size": 47691,
  "val_size": 5252,
  "test_size": 2392
}