{
  "model_type": "ankh",
  "aspect": "BP",
  "similarity_threshold": 50,
  "num_go_terms": 5740,
  "test_metrics": {
    "fmax": 0.29009806057621274,
    "threshold": 0.12878787878787878,
    "precision": 0.26478626925749027,
    "recall": 0.3207606249692272,
    "micro_auprc": 0.21798630918365966,
    "macro_auprc": 0.12268050695912212,
    "cafa_fmax": 0.426,
    "cafa_threshold": 0.18,
    "cafa_precision": 0.445,
    "cafa_recall": 0.409,
    "cafa_coverage": 0.963,
    "cafa_pr_micro": 0.414,
    "cafa_rc_micro": 0.36,
    "cafa_f_micro": 0.385,
    "cafa_smin": 22.578
  },
  "best_val_fmax": 0.3020117309816351,
  "best_epoch": 49,
  "total_epochs": 50,
  "train_size": 21251,
  "val_size": 2625,
  "test_size": 2660
}