{
  "experiment_name": "text_esm_temp_3.0_learned",
  "modality_pair": "text_esm",
  "aspect": "CCO",
  "temperature_init": 3.0,
  "temperature_final": 3.1149003505706787,
  "learnable_temperature": true,
  "num_go_terms": 551,
  "seed": 42,
  "test_metrics": {
    "fmax": 0.6342068334846848,
    "threshold": 0.5544444444444444,
    "precision": 0.6659128289473638,
    "recall": 0.605382842190514,
    "micro_auprc": 0.6756358039874211,
    "macro_auprc": 0.22168688976857195,
    "cafa_fmax": 0.702,
    "cafa_threshold": 0.64,
    "cafa_precision": 0.739,
    "cafa_recall": 0.668,
    "cafa_coverage": 1.0,
    "cafa_pr_micro": 0.696,
    "cafa_rc_micro": 0.581,
    "cafa_f_micro": 0.633,
    "cafa_smin": 6.218
  },
  "best_val_fmax": 0.7128179709325995,
  "best_epoch": 20,
  "total_epochs": 25
}