{
  "model_type": "simplified_pairwise_fusion",
  "modality_pair": "text_prott5",
  "experiment_name": "text_prott5_simplified",
  "aspect": "MFO",
  "num_go_terms": 677,
  "num_parameters": 2056616,
  "seed": 42,
  "use_ppi": false,
  "config": {
    "hidden_dim": 512,
    "dropout": 0.3,
    "entropy_weight": 0.0005,
    "lr": 0.001,
    "weight_decay": 0.01,
    "batch_size": 32,
    "max_epochs": 50,
    "patience": 5,
    "gradient_clip": 1.0,
    "warmup_ratio": 0.1,
    "focal_gamma": 2.0,
    "focal_alpha": 0.25
  },
  "test_metrics": {
    "fmax": 0.6145460738730616,
    "threshold": 0.4257575757575757,
    "precision": 0.6747288368033827,
    "recall": 0.5642201834862326,
    "micro_auprc": 0.6407662974145925,
    "macro_auprc": 0.406393465494843,
    "gate1_mean": 0.5084450244903564,
    "gate2_mean": 0.49155500531196594,
    "cafa_fmax": 0.687,
    "cafa_threshold": 0.43,
    "cafa_precision": 0.742,
    "cafa_recall": 0.64,
    "cafa_coverage": 1.0,
    "cafa_pr_micro": 0.657,
    "cafa_rc_micro": 0.578,
    "cafa_f_micro": 0.615,
    "cafa_smin": 4.341
  },
  "best_val_fmax": 0.6633916744399412,
  "best_epoch": 25,
  "total_epochs": 30,
  "train_size": 32421,
  "val_size": 3587,
  "test_size": 1137
}