{
  "experiment_name": "text_esm_temp_0.5_fixed",
  "modality_pair": "text_esm",
  "aspect": "BPO",
  "temperature_init": 0.5,
  "temperature_final": 0.5,
  "learnable_temperature": false,
  "num_go_terms": 3992,
  "seed": 42,
  "test_metrics": {
    "fmax": 0.5055774156614202,
    "threshold": 0.44555555555555554,
    "precision": 0.5361118504485596,
    "recall": 0.47833375240968834,
    "micro_auprc": 0.4879536135462444,
    "macro_auprc": 0.17130483214301762,
    "cafa_fmax": 0.58,
    "cafa_threshold": 0.53,
    "cafa_precision": 0.601,
    "cafa_recall": 0.56,
    "cafa_coverage": 1.0,
    "cafa_pr_micro": 0.567,
    "cafa_rc_micro": 0.458,
    "cafa_f_micro": 0.507,
    "cafa_smin": 19.132
  },
  "best_val_fmax": 0.510589251696189,
  "best_epoch": 17,
  "total_epochs": 22
}