{
  "experiment_name": "text_esm_temp_1.5_learned",
  "modality_pair": "text_esm",
  "aspect": "BPO",
  "temperature_init": 1.5,
  "temperature_final": 1.829216480255127,
  "learnable_temperature": true,
  "num_go_terms": 3992,
  "seed": 42,
  "test_metrics": {
    "fmax": 0.5054536093349079,
    "threshold": 0.44555555555555554,
    "precision": 0.5337454760092568,
    "recall": 0.4800100578325364,
    "micro_auprc": 0.48411359279107774,
    "macro_auprc": 0.1741669300858778,
    "cafa_fmax": 0.58,
    "cafa_threshold": 0.52,
    "cafa_precision": 0.593,
    "cafa_recall": 0.568,
    "cafa_coverage": 1.0,
    "cafa_pr_micro": 0.56,
    "cafa_rc_micro": 0.462,
    "cafa_f_micro": 0.506,
    "cafa_smin": 19.17
  },
  "best_val_fmax": 0.5106006586282491,
  "best_epoch": 17,
  "total_epochs": 22
}