{
  "model_type": "function",
  "aspect": "MF",
  "similarity_threshold": 30,
  "num_go_terms": 1186,
  "test_metrics": {
    "fmax": 0.662985120688944,
    "threshold": 0.37626262626262624,
    "precision": 0.7342689852510694,
    "recall": 0.6043171617902126
  },
  "best_val_fmax": 0.6562699010054943,
  "train_size": 13938,
  "val_size": 1737,
  "test_size": 1728
}