{
  "model_type": "concat",
  "aspect": "MF",
  "similarity_threshold": 30,
  "num_go_terms": 1186,
  "test_metrics": {
    "fmax": 0.6940073971057895,
    "threshold": 0.29707070707070704,
    "precision": 0.7436833740191282,
    "recall": 0.6505523154629093,
    "micro_auprc": 0.6297351196126899,
    "macro_auprc": 0.36309165703784907,
    "cafa_fmax": 0.746,
    "cafa_threshold": 0.35,
    "cafa_precision": 0.809,
    "cafa_recall": 0.691,
    "cafa_coverage": 0.998,
    "cafa_pr_micro": 0.749,
    "cafa_rc_micro": 0.59,
    "cafa_f_micro": 0.66,
    "cafa_smin": 3.382
  },
  "best_val_fmax": 0.6857371743224778,
  "best_epoch": 20,
  "total_epochs": 30,
  "train_size": 13938,
  "val_size": 1737,
  "test_size": 1728
}