{
  "model_type": "text",
  "aspect": "MF",
  "similarity_threshold": 30,
  "num_go_terms": 1186,
  "test_metrics": {
    "fmax": 0.6993717129579637,
    "threshold": 0.31686868686868686,
    "precision": 0.7423851341392752,
    "recall": 0.661069669010939,
    "micro_auprc": 0.6281114639040648,
    "macro_auprc": 0.3853044807978653,
    "cafa_fmax": 0.749,
    "cafa_threshold": 0.41,
    "cafa_precision": 0.824,
    "cafa_recall": 0.686,
    "cafa_coverage": 0.999,
    "cafa_pr_micro": 0.778,
    "cafa_rc_micro": 0.571,
    "cafa_f_micro": 0.659,
    "cafa_smin": 3.377
  },
  "best_val_fmax": 0.6931594738356449,
  "best_epoch": 10,
  "total_epochs": 20,
  "train_size": 13938,
  "val_size": 1737,
  "test_size": 1728
}