{
  "model_type": "esm",
  "aspect": "MF",
  "similarity_threshold": 30,
  "num_go_terms": 1186,
  "test_metrics": {
    "fmax": 0.6840756721092454,
    "threshold": 0.4257575757575757,
    "precision": 0.7002576457377491,
    "recall": 0.6686246918474934,
    "micro_auprc": 0.5982886431071393,
    "macro_auprc": 0.3945411570731968,
    "cafa_fmax": 0.737,
    "cafa_threshold": 0.52,
    "cafa_precision": 0.782,
    "cafa_recall": 0.696,
    "cafa_coverage": 0.998,
    "cafa_pr_micro": 0.708,
    "cafa_rc_micro": 0.594,
    "cafa_f_micro": 0.646,
    "cafa_smin": 3.52
  },
  "best_val_fmax": 0.6821137695604098,
  "best_epoch": 32,
  "total_epochs": 42,
  "train_size": 13938,
  "val_size": 1737,
  "test_size": 1728
}