{
  "model_type": "function",
  "aspect": "MF",
  "similarity_threshold": 30,
  "num_go_terms": 1186,
  "test_metrics": {
    "fmax": 0.6751967178673116,
    "threshold": 0.37626262626262624,
    "precision": 0.7156352805545156,
    "recall": 0.639083863311883,
    "micro_auprc": 0.5934275259824502,
    "macro_auprc": 0.3738193673345162,
    "cafa_fmax": 0.729,
    "cafa_threshold": 0.5,
    "cafa_precision": 0.815,
    "cafa_recall": 0.659,
    "cafa_coverage": 0.997,
    "cafa_pr_micro": 0.751,
    "cafa_rc_micro": 0.543,
    "cafa_f_micro": 0.631,
    "cafa_smin": 3.635
  },
  "best_val_fmax": 0.6682818922633079,
  "best_epoch": 33,
  "total_epochs": 43,
  "train_size": 13938,
  "val_size": 1737,
  "test_size": 1728
}