{
  "model_type": "concat",
  "aspect": "MF",
  "similarity_threshold": 30,
  "num_go_terms": 1186,
  "test_metrics": {
    "fmax": 0.6990378651216301,
    "threshold": 0.29707070707070704,
    "precision": 0.7550851200234414,
    "recall": 0.6507360656204123,
    "micro_auprc": 0.6387481616474,
    "macro_auprc": 0.383769028905162
  },
  "best_val_fmax": 0.6874815084998237,
  "best_epoch": 22,
  "total_epochs": 32,
  "train_size": 13938,
  "val_size": 1737,
  "test_size": 1728
}