{
  "model_type": "text",
  "aspect": "CC",
  "similarity_threshold": 30,
  "num_go_terms": 798,
  "test_metrics": {
    "fmax": 0.6757153518013076,
    "threshold": 0.33666666666666667,
    "precision": 0.6669631997113055,
    "recall": 0.6847002565935596,
    "micro_auprc": 0.6497124222551927,
    "macro_auprc": 0.4553394490461222,
    "cafa_fmax": 0.774,
    "cafa_threshold": 0.38,
    "cafa_precision": 0.776,
    "cafa_recall": 0.772,
    "cafa_coverage": 0.995,
    "cafa_pr_micro": 0.754,
    "cafa_rc_micro": 0.725,
    "cafa_f_micro": 0.739,
    "cafa_smin": 4.412
  },
  "best_val_fmax": 0.6733823739951937,
  "best_epoch": 12,
  "total_epochs": 22,
  "train_size": 13242,
  "val_size": 1643,
  "test_size": 1664
}