{
  "model_type": "esm",
  "aspect": "CC",
  "similarity_threshold": 30,
  "num_go_terms": 798,
  "test_metrics": {
    "fmax": 0.5983848738875069,
    "threshold": 0.4257575757575757,
    "precision": 0.6270436850699284,
    "recall": 0.5722312460557765,
    "micro_auprc": 0.5221575670750556,
    "macro_auprc": 0.3013483725382298,
    "cafa_fmax": 0.722,
    "cafa_threshold": 0.4,
    "cafa_precision": 0.734,
    "cafa_recall": 0.71,
    "cafa_coverage": 0.994,
    "cafa_pr_micro": 0.696,
    "cafa_rc_micro": 0.641,
    "cafa_f_micro": 0.667,
    "cafa_smin": 5.536
  },
  "best_val_fmax": 0.6079505229410473,
  "best_epoch": 36,
  "total_epochs": 46,
  "train_size": 13242,
  "val_size": 1643,
  "test_size": 1664
}