{
  "model_type": "function",
  "aspect": "CC",
  "similarity_threshold": 30,
  "num_go_terms": 798,
  "test_metrics": {
    "fmax": 0.5984290636875323,
    "threshold": 0.33666666666666667,
    "precision": 0.6142753339476708,
    "recall": 0.5833797961310055,
    "micro_auprc": 0.5747895973209337,
    "macro_auprc": 0.38562054056591744,
    "cafa_fmax": 0.723,
    "cafa_threshold": 0.34,
    "cafa_precision": 0.734,
    "cafa_recall": 0.712,
    "cafa_coverage": 0.995,
    "cafa_pr_micro": 0.716,
    "cafa_rc_micro": 0.664,
    "cafa_f_micro": 0.689,
    "cafa_smin": 5.215
  },
  "best_val_fmax": 0.5999957777946787,
  "best_epoch": 19,
  "total_epochs": 29,
  "train_size": 13242,
  "val_size": 1643,
  "test_size": 1664
}