{
  "model_type": "function",
  "aspect": "CC",
  "similarity_threshold": 30,
  "num_go_terms": 798,
  "test_metrics": {
    "fmax": 0.6069667417438989,
    "threshold": 0.3564646464646465,
    "precision": 0.5985075289883931,
    "recall": 0.6156685051815187,
    "micro_auprc": 0.5892135979208704,
    "macro_auprc": 0.42388248264758005
  },
  "best_val_fmax": 0.6018576700451058,
  "best_epoch": 48,
  "total_epochs": 50,
  "train_size": 13242,
  "val_size": 1643,
  "test_size": 1664
}