{
  "model_type": "concat",
  "aspect": "CC",
  "similarity_threshold": 30,
  "num_go_terms": 798,
  "test_metrics": {
    "fmax": 0.6876628637113393,
    "threshold": 0.3564646464646465,
    "precision": 0.6825468215849657,
    "recall": 0.6928561799215477,
    "micro_auprc": 0.6596630689435289,
    "macro_auprc": 0.4425760891936171,
    "cafa_fmax": 0.781,
    "cafa_threshold": 0.4,
    "cafa_precision": 0.787,
    "cafa_recall": 0.774,
    "cafa_coverage": 0.993,
    "cafa_pr_micro": 0.764,
    "cafa_rc_micro": 0.718,
    "cafa_f_micro": 0.74,
    "cafa_smin": 4.376
  },
  "best_val_fmax": 0.6765832410317474,
  "best_epoch": 20,
  "total_epochs": 30,
  "train_size": 13242,
  "val_size": 1643,
  "test_size": 1664
}