{
  "model_type": "multimodal_fusion",
  "enabled_modalities": [
    "prott5",
    "text",
    "struct",
    "ppi"
  ],
  "aspect": "BPO",
  "num_go_terms": 3992,
  "num_parameters": 12082681,
  "seed": 42,
  "use_aux_heads": true,
  "config": {
    "hidden_dim": 512,
    "dropout": 0.3,
    "modality_dropout": 0.1,
    "aux_weight": 0.1,
    "lr": 0.001,
    "weight_decay": 0.01,
    "batch_size": 32,
    "max_epochs": 50,
    "patience": 7,
    "warmup_ratio": 0.1,
    "focal_gamma": 2.0,
    "focal_alpha": 0.25,
    "min_delta_fmax": 0.0001,
    "min_delta_loss": 0.0001,
    "normalize": "none"
  },
  "test_metrics": {
    "loss": 0.021108540116498868,
    "fmax": 0.5306197718693694,
    "threshold": 0.4257575757575757,
    "precision": 0.562160050015629,
    "recall": 0.502430642863129,
    "micro_auprc": 0.5293091518133908,
    "macro_auprc": 0.22261527142578652,
    "gate_prott5": 0.36895349621772766,
    "gate_text": 0.23402559757232666,
    "gate_struct": 0.0008606080082245171,
    "gate_ppi": 0.39616039395332336,
    "cafa_fmax": 0.603,
    "cafa_threshold": 0.51,
    "cafa_precision": 0.625,
    "cafa_recall": 0.582,
    "cafa_coverage": 1.0,
    "cafa_pr_micro": 0.589,
    "cafa_rc_micro": 0.489,
    "cafa_f_micro": 0.534,
    "cafa_smin": 18.268
  },
  "best_val_fmax": 0.5517338878029683,
  "loss_at_best_fmax": 0.03317735055179307,
  "best_epoch_by_fmax": 19,
  "total_epochs": 19,
  "train_size": 47691,
  "val_size": 5252,
  "test_size": 2392
}