{
  "model_type": "simplified_pairwise_fusion",
  "modality_pair": "text_esm",
  "experiment_name": "text_esm_simplified",
  "aspect": "CCO",
  "num_go_terms": 551,
  "num_parameters": 2123050,
  "seed": 42,
  "use_ppi": false,
  "config": {
    "hidden_dim": 512,
    "dropout": 0.3,
    "entropy_weight": 0.0005,
    "lr": 0.001,
    "weight_decay": 0.01,
    "batch_size": 32,
    "max_epochs": 50,
    "patience": 5,
    "gradient_clip": 1.0,
    "warmup_ratio": 0.1,
    "focal_gamma": 2.0,
    "focal_alpha": 0.25
  },
  "test_metrics": {
    "fmax": 0.6315059902468824,
    "threshold": 0.4257575757575757,
    "precision": 0.6714626614261604,
    "recall": 0.5960376300541985,
    "micro_auprc": 0.6759285459882978,
    "macro_auprc": 0.22234442924934758,
    "gate1_mean": 0.518438994884491,
    "gate2_mean": 0.4815610349178314,
    "cafa_fmax": 0.696,
    "cafa_threshold": 0.45,
    "cafa_precision": 0.734,
    "cafa_recall": 0.662,
    "cafa_coverage": 1.0,
    "cafa_pr_micro": 0.701,
    "cafa_rc_micro": 0.571,
    "cafa_f_micro": 0.63,
    "cafa_smin": 6.255
  },
  "best_val_fmax": 0.7128144601777835,
  "best_epoch": 20,
  "total_epochs": 25,
  "train_size": 45309,
  "val_size": 4985,
  "test_size": 1265
}