{
  "experiment_name": "prott5_prostt5_temp_0.5_fixed",
  "modality_pair": "prott5_prostt5",
  "aspect": "MFO",
  "temperature_init": 0.5,
  "temperature_final": 0.5,
  "learnable_temperature": false,
  "num_go_terms": 677,
  "seed": 42,
  "test_metrics": {
    "fmax": 0.6152790242887377,
    "threshold": 0.47525252525252526,
    "precision": 0.6232752166006993,
    "recall": 0.6074854045037468,
    "micro_auprc": 0.6476995228625061,
    "macro_auprc": 0.42071693901605833,
    "cafa_fmax": 0.687,
    "cafa_threshold": 0.52,
    "cafa_precision": 0.7,
    "cafa_recall": 0.674,
    "cafa_coverage": 1.0,
    "cafa_pr_micro": 0.625,
    "cafa_rc_micro": 0.61,
    "cafa_f_micro": 0.617,
    "cafa_smin": 4.321
  },
  "best_val_fmax": 0.6621660070374396,
  "best_epoch": 20,
  "total_epochs": 25
}