{
  "model_type": "multimodal_fusion",
  "enabled_modalities": [
    "prott5",
    "esm",
    "ppi"
  ],
  "aspect": "CCO",
  "num_go_terms": 551,
  "num_parameters": 2972317,
  "seed": 42,
  "use_aux_heads": true,
  "config": {
    "hidden_dim": 512,
    "dropout": 0.3,
    "modality_dropout": 0.1,
    "aux_weight": 0.1,
    "lr": 0.001,
    "weight_decay": 0.01,
    "batch_size": 32,
    "max_epochs": 50,
    "patience": 7,
    "warmup_ratio": 0.1,
    "focal_gamma": 2.0,
    "focal_alpha": 0.25,
    "min_delta_fmax": 0.0001,
    "min_delta_loss": 0.0001,
    "normalize": "none"
  },
  "test_metrics": {
    "loss": 0.05130774104036391,
    "fmax": 0.6395259938338136,
    "threshold": 0.47525252525252526,
    "precision": 0.6543250114073356,
    "recall": 0.625381596162229,
    "micro_auprc": 0.6800741996353294,
    "macro_auprc": 0.261978548460858,
    "gate_prott5": 0.3771804869174957,
    "gate_esm": 0.13030146062374115,
    "gate_ppi": 0.4925181269645691,
    "cafa_fmax": 0.699,
    "cafa_threshold": 0.59,
    "cafa_precision": 0.727,
    "cafa_recall": 0.673,
    "cafa_coverage": 1.0,
    "cafa_pr_micro": 0.688,
    "cafa_rc_micro": 0.592,
    "cafa_f_micro": 0.636,
    "cafa_smin": 6.193
  },
  "best_val_fmax": 0.7517660970133831,
  "loss_at_best_fmax": 0.04082471354363056,
  "best_epoch_by_fmax": 17,
  "total_epochs": 18,
  "train_size": 45309,
  "val_size": 4985,
  "test_size": 1265
}