{
  "experiment_name": "text_prott5_temp_1.0_learned",
  "modality_pair": "text_prott5",
  "aspect": "BPO",
  "temperature_init": 1.0,
  "temperature_final": 1.1794416904449463,
  "learnable_temperature": true,
  "num_go_terms": 3992,
  "seed": 42,
  "test_metrics": {
    "fmax": 0.5038172340953726,
    "threshold": 0.47525252525252526,
    "precision": 0.5205505981199807,
    "recall": 0.4881261699214923,
    "micro_auprc": 0.48838583958474896,
    "macro_auprc": 0.17940673584444866,
    "cafa_fmax": 0.58,
    "cafa_threshold": 0.61,
    "cafa_precision": 0.627,
    "cafa_recall": 0.539,
    "cafa_coverage": 1.0,
    "cafa_pr_micro": 0.584,
    "cafa_rc_micro": 0.442,
    "cafa_f_micro": 0.503,
    "cafa_smin": 19.148
  },
  "best_val_fmax": 0.5183867356230311,
  "best_epoch": 18,
  "total_epochs": 23
}