{
  "experiment_name": "text_prott5_temp_1.0_learned",
  "modality_pair": "text_prott5",
  "aspect": "CCO",
  "temperature_init": 1.0,
  "temperature_final": 1.1526929140090942,
  "learnable_temperature": true,
  "num_go_terms": 551,
  "seed": 42,
  "test_metrics": {
    "fmax": 0.6381081849583848,
    "threshold": 0.5049494949494949,
    "precision": 0.6477535301668764,
    "recall": 0.6287458725313025,
    "micro_auprc": 0.6835944522641078,
    "macro_auprc": 0.22647083060750778,
    "cafa_fmax": 0.703,
    "cafa_threshold": 0.61,
    "cafa_precision": 0.728,
    "cafa_recall": 0.68,
    "cafa_coverage": 1.0,
    "cafa_pr_micro": 0.687,
    "cafa_rc_micro": 0.594,
    "cafa_f_micro": 0.637,
    "cafa_smin": 6.193
  },
  "best_val_fmax": 0.717769778837862,
  "best_epoch": 14,
  "total_epochs": 19
}