{
  "feature_magnitude": {
    "mean": 30.30484707670392,
    "std": 0.2945043440189555,
    "min": 29.508705139160156,
    "max": 31.35690689086914,
    "median": 30.28561782836914
  }
}