{
  "feature_magnitude": {
    "mean": 30.324128068168207,
    "std": 0.2989761067616068,
    "min": 29.508705139160156,
    "max": 31.35690689086914,
    "median": 30.333126068115234
  }
}