{
  "model": "0_baseline_text",
  "aspect": "BPO",
  "best_fmax": 0.47204798460006714,
  "final_epoch": 38,
  "interpretability_summary": {
    "feature_magnitude": {
      "mean": 30.324128068168207,
      "std": 0.2989761067616068,
      "min": 29.508705139160156,
      "max": 31.35690689086914,
      "median": 30.333126068115234
    }
  }
}