{
  "feature_magnitude": {
    "mean": 7.340896338336872,
    "std": 0.21291285384733494,
    "min": 6.756494522094727,
    "max": 7.945669651031494,
    "median": 7.346858978271484
  }
}