{
  "feature_magnitude": {
    "mean": 7.180774017119072,
    "std": 0.21497853545027248,
    "min": 6.587937831878662,
    "max": 8.63992691040039,
    "median": 7.19002628326416
  }
}