{
  "feature_magnitude": {
    "mean": 1.3211944436127285,
    "std": 0.05059898814944043,
    "min": 1.2151620388031006,
    "max": 1.5141017436981201,
    "median": 1.3132927417755127
  }
}