{
  "feature_magnitude": {
    "mean": 30.237415036125363,
    "std": 0.3013199827348407,
    "min": 29.26338005065918,
    "max": 31.4599666595459,
    "median": 30.258413314819336
  }
}