{
  "feature_magnitude": {
    "mean": 1.321132603231466,
    "std": 0.05239115533000057,
    "min": 1.207251787185669,
    "max": 1.5141017436981201,
    "median": 1.311819314956665
  }
}