{
  "feature_magnitude": {
    "mean": 1.3279745699837804,
    "std": 0.04904066469502732,
    "min": 1.1862597465515137,
    "max": 1.480076551437378,
    "median": 1.3220282196998596
  }
}