{
  "feature_magnitude": {
    "mean": 7.3500633127987385,
    "std": 0.19871094682258078,
    "min": 6.735390663146973,
    "max": 7.937744140625,
    "median": 7.348237752914429
  }
}