{
  "model": "0_baseline_esm",
  "aspect": "BPO",
  "best_fmax": 0.4657803475856781,
  "best_epoch": 29,
  "final_epoch": 30,
  "avg_overfitting_gap": 0.0024974666816869454,
  "convergence_epoch": 7
}