{
  "feature_magnitude": {
    "mean": 30.363321870565414,
    "std": 0.27200457232228564,
    "min": 29.707006454467773,
    "max": 31.061080932617188,
    "median": 30.3778657913208
  }
}