{
  "feature_magnitude": {
    "mean": 1.298308661845928,
    "std": 0.049826417220177714,
    "min": 1.2092196941375732,
    "max": 1.5548171997070312,
    "median": 1.2922720909118652
  }
}