{
  "model": "0_baseline_text",
  "aspect": "BPO",
  "best_fmax": 0.4729083776473999,
  "final_epoch": 39,
  "interpretability_summary": {
    "feature_magnitude": {
      "mean": 30.30484707670392,
      "std": 0.2945043440189555,
      "min": 29.508705139160156,
      "max": 31.35690689086914,
      "median": 30.28561782836914
    }
  }
}