{
  "model": "0_baseline_prott5",
  "aspect": "CCO",
  "best_fmax": 0.7081818580627441,
  "final_epoch": 21,
  "interpretability_summary": {
    "feature_magnitude": {
      "mean": 1.3279745699837804,
      "std": 0.04904066469502732,
      "min": 1.1862597465515137,
      "max": 1.480076551437378,
      "median": 1.3220282196998596
    }
  }
}