{
  "model": "0_baseline_esm",
  "aspect": "BPO",
  "best_fmax": 0.47732505202293396,
  "final_epoch": 55,
  "interpretability_summary": {
    "feature_magnitude": {
      "mean": 7.30457743698696,
      "std": 0.20682103135145194,
      "min": 6.682160377502441,
      "max": 7.945669651031494,
      "median": 7.308650016784668
    }
  }
}