{
  "model": "10_triple_adaptive",
  "aspect": "BPO",
  "best_fmax": 0.49769043922424316,
  "final_epoch": 26,
  "interpretability_summary": {
    "text_gate": {
      "mean": 0.37222912345292436,
      "std": 0.033348727124892744,
      "min": 0.2616358995437622,
      "max": 0.441250741481781,
      "median": 0.37867361307144165
    },
    "prott5_gate": {
      "mean": 0.36853171319894074,
      "std": 0.15961714965419518,
      "min": 0.11683999747037888,
      "max": 0.5282117128372192,
      "median": 0.4749215245246887
    },
    "esm_   gate": {
      "mean": 0.25923916351682735,
      "std": 0.1776008519067763,
      "min": 0.0956009104847908,
      "max": 0.5114550590515137,
      "median": 0.13041089475154877
    },
    "temperature": {
      "mean": 1.4541409389028008,
      "std": 0.0358436054059157,
      "min": 1.426236867904663,
      "max": 1.5004349946975708,
      "median": 1.426236867904663
    },
    "gate_entropy": {
      "mean": 0.9648214738324004,
      "std": 0.040253168035332805,
      "min": 0.9007576704025269,
      "max": 1.0974159240722656,
      "median": 0.9522360563278198
    },
    "diversity_loss": {
      "mean": 0.19211938268733475,
      "std": 0.25736994351845577,
      "min": 0.0,
      "max": 0.6796083450317383,
      "median": 0.0
    }
  }
}