{
  "text_gate": {
    "mean": 0.23216811765450984,
    "std": 0.04707663241497907,
    "min": 0.15715357661247253,
    "max": 0.3006526827812195,
    "median": 0.2560735195875168
  },
  "prott5_gate": {
    "mean": 0.4312541442341171,
    "std": 0.13840859388723858,
    "min": 0.19015124440193176,
    "max": 0.5777814388275146,
    "median": 0.5226163864135742
  },
  "esm_gate": {
    "mean": 0.3365777365397662,
    "std": 0.1821011851449421,
    "min": 0.1680816113948822,
    "max": 0.6346349120140076,
    "median": 0.20785508304834366
  },
  "temperature": {
    "mean": 1.4760318910703063,
    "std": 0.01940641911757359,
    "min": 1.460495114326477,
    "max": 1.500624418258667,
    "median": 1.460495114326477
  },
  "gate_entropy": {
    "mean": 0.9775149885099381,
    "std": 0.030263742682918045,
    "min": 0.9070959687232971,
    "max": 1.094475269317627,
    "median": 0.9793981909751892
  },
  "diversity_loss": {
    "mean": 0.16125862568151206,
    "std": 0.20586580601989143,
    "min": 0.0,
    "max": 0.5201043486595154,
    "median": 0.0
  }
}