{
  "model": "10_triple_adaptive",
  "aspect": "MFO",
  "best_fmax": 0.6659214496612549,
  "final_epoch": 27,
  "interpretability_summary": {
    "text_gate": {
      "mean": 0.32542634933767184,
      "std": 0.017329924601844224,
      "min": 0.28349465131759644,
      "max": 0.3662680685520172,
      "median": 0.32536008954048157
    },
    "prott5_gate": {
      "mean": 0.34709832631926024,
      "std": 0.15817459804574363,
      "min": 0.15271936357021332,
      "max": 0.5303492546081543,
      "median": 0.46606069803237915
    },
    "esm_gate": {
      "mean": 0.3274753238533584,
      "std": 0.14501139159878065,
      "min": 0.1547941416501999,
      "max": 0.5272867679595947,
      "median": 0.2172960638999939
    },
    "temperature": {
      "mean": 1.4767109329151995,
      "std": 0.022823684074600028,
      "min": 1.4552407264709473,
      "max": 1.5011796951293945,
      "median": 1.4552407264709473
    },
    "gate_entropy": {
      "mean": 1.0109133398588834,
      "std": 0.02299535087068467,
      "min": 0.964583158493042,
      "max": 1.095306634902954,
      "median": 1.0054149627685547
    },
    "diversity_loss": {
      "mean": 0.19559498795880959,
      "std": 0.21519500500228714,
      "min": 0.0,
      "max": 0.5428680181503296,
      "median": 0.0
    }
  }
}