{
  "model": "10_triple_adaptive",
  "aspect": "BPO",
  "best_fmax": 0.4986768960952759,
  "final_epoch": 28,
  "interpretability_summary": {
    "text_gate": {
      "mean": 0.37506467283896683,
      "std": 0.028802613911667635,
      "min": 0.25854164361953735,
      "max": 0.42555418610572815,
      "median": 0.3829350471496582
    },
    "prott5_gate": {
      "mean": 0.3742889997531783,
      "std": 0.14973336931633335,
      "min": 0.14903488755226135,
      "max": 0.5321882963180542,
      "median": 0.4752393364906311
    },
    "esm_gate": {
      "mean": 0.2506463280545091,
      "std": 0.16388687763672327,
      "min": 0.09539927542209625,
      "max": 0.5036439299583435,
      "median": 0.13444241881370544
    },
    "temperature": {
      "mean": 1.4476839070050223,
      "std": 0.04153283647801126,
      "min": 1.4153510332107544,
      "max": 1.5013395547866821,
      "median": 1.4153510332107544
    },
    "gate_entropy": {
      "mean": 0.9748508813246242,
      "std": 0.046793650335214924,
      "min": 0.9043452739715576,
      "max": 1.0977686643600464,
      "median": 0.9567153453826904
    },
    "diversity_loss": {
      "mean": 0.1966128597844322,
      "std": 0.2638563506777988,
      "min": 0.0,
      "max": 0.6947742700576782,
      "median": 0.0
    }
  }
}