{
  "text_gate_mean": {
    "mean": 0.32805330134893246,
    "std": 0.008239659152233136,
    "min": 0.3131122589111328,
    "max": 0.33782997727394104,
    "median": 0.3254510760307312
  },
  "prott5_gate_mean": {
    "mean": 0.3972337672688032,
    "std": 0.062449162297166814,
    "min": 0.32930585741996765,
    "max": 0.4636634290218353,
    "median": 0.45052433013916016
  },
  "esm_gate_mean": {
    "mean": 0.2747129311723888,
    "std": 0.05459117366616762,
    "min": 0.21610504388809204,
    "max": 0.33400392532348633,
    "median": 0.22813323140144348
  },
  "text_gate_std": {
    "mean": 0.1636716179777059,
    "std": 0.11295300454796649,
    "min": 0.029710987582802773,
    "max": 0.279481440782547,
    "median": 0.2648310363292694
  },
  "prott5_gate_std": {
    "mean": 0.19214579061618153,
    "std": 0.1414749678440995,
    "min": 0.03064095787703991,
    "max": 0.33187031745910645,
    "median": 0.3208818733692169
  },
  "esm_gate_std": {
    "mean": 0.12775098623384332,
    "std": 0.07838586839392024,
    "min": 0.03106219694018364,
    "max": 0.2098611742258072,
    "median": 0.19694964587688446
  },
  "temperature": {
    "mean": 1.382485566004901,
    "std": 0.11141004441242865,
    "min": 1.2776801586151123,
    "max": 1.501251459121704,
    "median": 1.2776801586151123
  },
  "gate_entropy_perdim": {
    "mean": 0.8816062125241813,
    "std": 0.19618019687894758,
    "min": 0.6784051656723022,
    "max": 1.0944344997406006,
    "median": 0.7095142006874084
  },
  "diversity_loss": {
    "mean": 0.4218821759235131,
    "std": 0.06094762934573551,
    "min": 0.3061816096305847,
    "max": 0.5783027410507202,
    "median": 0.4026987552642822
  }
}