{
  "model": "11_enhanced_triple",
  "aspect": "BPO",
  "best_fmax": 0.49290773272514343,
  "final_epoch": 26,
  "interpretability_summary": {
    "text_gate_mean": {
      "mean": 0.34151683922083875,
      "std": 0.00431338789343904,
      "min": 0.33106496930122375,
      "max": 0.3541156053543091,
      "median": 0.34073036909103394
    },
    "prott5_gate_mean": {
      "mean": 0.40999709322767436,
      "std": 0.06434154750896806,
      "min": 0.32443323731422424,
      "max": 0.47044461965560913,
      "median": 0.4560824930667877
    },
    "esm_gate_mean": {
      "mean": 0.24848606653933256,
      "std": 0.06610634722397096,
      "min": 0.18883545696735382,
      "max": 0.3342207372188568,
      "median": 0.19952306151390076
    },
    "text_gate_std": {
      "mean": 0.20896772224245205,
      "std": 0.12735645562280448,
      "min": 0.02945103496313095,
      "max": 0.31813204288482666,
      "median": 0.30486637353897095
    },
    "prott5_gate_std": {
      "mean": 0.24241062248793413,
      "std": 0.1552580589821319,
      "min": 0.02804676443338394,
      "max": 0.3750370740890503,
      "median": 0.3596074879169464
    },
    "esm_gate_std": {
      "mean": 0.14212716683604806,
      "std": 0.0767388316498906,
      "min": 0.030271103605628014,
      "max": 0.21323183178901672,
      "median": 0.19808806478977203
    },
    "temperature": {
      "mean": 1.2564583031636365,
      "std": 0.18909735266511646,
      "min": 1.1092462539672852,
      "max": 1.500098466873169,
      "median": 1.1092462539672852
    },
    "gate_entropy_perdim": {
      "mean": 0.7897525843584312,
      "std": 0.23367792653153027,
      "min": 0.5724238157272339,
      "max": 1.0947508811950684,
      "median": 0.6187664270401001
    },
    "diversity_loss": {
      "mean": 0.4305203530023683,
      "std": 0.09678455391346737,
      "min": 0.290928453207016,
      "max": 0.6869442462921143,
      "median": 0.38448452949523926
    }
  }
}