{
  "text_gate_mean": {
    "mean": 0.3271136148920599,
    "std": 0.006785536691604226,
    "min": 0.3109923303127289,
    "max": 0.33578819036483765,
    "median": 0.327534019947052
  },
  "prott5_gate_mean": {
    "mean": 0.4131267986207638,
    "std": 0.065757062167435,
    "min": 0.3254491686820984,
    "max": 0.47447022795677185,
    "median": 0.45950764417648315
  },
  "esm_gate_mean": {
    "mean": 0.25975958761179224,
    "std": 0.06008896020304748,
    "min": 0.20567932724952698,
    "max": 0.33902958035469055,
    "median": 0.21503646671772003
  },
  "text_gate_std": {
    "mean": 0.19681953763202675,
    "std": 0.11959142565370509,
    "min": 0.03086710162460804,
    "max": 0.29964348673820496,
    "median": 0.28771287202835083
  },
  "prott5_gate_std": {
    "mean": 0.23751221208499287,
    "std": 0.14935116336264395,
    "min": 0.031031323596835136,
    "max": 0.3625204563140869,
    "median": 0.34987321496009827
  },
  "esm_gate_std": {
    "mean": 0.15764369821211077,
    "std": 0.08769338194840165,
    "min": 0.031002741307020187,
    "max": 0.23704224824905396,
    "median": 0.2218380570411682
  },
  "temperature": {
    "mean": 1.307648466668039,
    "std": 0.14975424634164017,
    "min": 1.1910649538040161,
    "max": 1.5001590251922607,
    "median": 1.1910649538040161
  },
  "gate_entropy_perdim": {
    "mean": 0.8002275633362105,
    "std": 0.22535033577876643,
    "min": 0.6018174290657043,
    "max": 1.0942957401275635,
    "median": 0.6347924470901489
  },
  "diversity_loss": {
    "mean": 0.45252791598158065,
    "std": 0.10172270540773573,
    "min": 0.3086149990558624,
    "max": 0.7113720178604126,
    "median": 0.4010627269744873
  }
}