{
  "text_gate_mean": {
    "mean": 0.3132984884505002,
    "std": 0.017162166869786707,
    "min": 0.282259464263916,
    "max": 0.3357999920845032,
    "median": 0.30536508560180664
  },
  "prott5_gate_mean": {
    "mean": 0.3881231648742028,
    "std": 0.04527462660394321,
    "min": 0.3272477388381958,
    "max": 0.43730270862579346,
    "median": 0.41933971643447876
  },
  "esm_gate_mean": {
    "mean": 0.29857834588806587,
    "std": 0.02862389200287402,
    "min": 0.2680531442165375,
    "max": 0.33698171377182007,
    "median": 0.27872389554977417
  },
  "text_gate_std": {
    "mean": 0.1525843544529294,
    "std": 0.0834362250733233,
    "min": 0.032069895416498184,
    "max": 0.22904475033283234,
    "median": 0.21373015642166138
  },
  "prott5_gate_std": {
    "mean": 0.19565599957164728,
    "std": 0.1160467438918653,
    "min": 0.031283024698495865,
    "max": 0.2985333800315857,
    "median": 0.28308919072151184
  },
  "esm_gate_std": {
    "mean": 0.17449916536515614,
    "std": 0.0963227920650828,
    "min": 0.03428181633353233,
    "max": 0.26203978061676025,
    "median": 0.24580422043800354
  },
  "temperature": {
    "mean": 1.2439300060272216,
    "std": 0.19843601360775978,
    "min": 1.0894478559494019,
    "max": 1.5,
    "median": 1.0894478559494019
  },
  "gate_entropy_perdim": {
    "mean": 0.8873051962762509,
    "std": 0.15657592300418857,
    "min": 0.7393451929092407,
    "max": 1.0938303470611572,
    "median": 0.772362470626831
  },
  "diversity_loss": {
    "mean": 0.03260285881027263,
    "std": 0.06944672024285228,
    "min": 0.0004874973092228174,
    "max": 0.3095057010650635,
    "median": 0.0008702407358214259
  }
}