{
  "text_gate_mean": {
    "mean": 0.31918536329493274,
    "std": 0.01738059235580476,
    "min": 0.2953379154205322,
    "max": 0.33864516019821167,
    "median": 0.3084847033023834
  },
  "prott5_gate_mean": {
    "mean": 0.3875728283129947,
    "std": 0.05689550567247636,
    "min": 0.3253566026687622,
    "max": 0.4474957287311554,
    "median": 0.4358956813812256
  },
  "esm_gate_mean": {
    "mean": 0.29324180692294394,
    "std": 0.039679847319410544,
    "min": 0.24894531071186066,
    "max": 0.336167573928833,
    "median": 0.25985169410705566
  },
  "text_gate_std": {
    "mean": 0.13625970960293018,
    "std": 0.08778660197907405,
    "min": 0.029404595494270325,
    "max": 0.23030491173267365,
    "median": 0.2117445170879364
  },
  "prott5_gate_std": {
    "mean": 0.17164280821739789,
    "std": 0.11935705385611912,
    "min": 0.029151683673262596,
    "max": 0.2892664074897766,
    "median": 0.27966612577438354
  },
  "esm_gate_std": {
    "mean": 0.15082293218045448,
    "std": 0.10013967165390993,
    "min": 0.029843084514141083,
    "max": 0.25301694869995117,
    "median": 0.2403632551431656
  },
  "temperature": {
    "mean": 1.4219459284079468,
    "std": 0.07315503967527578,
    "min": 1.3531274795532227,
    "max": 1.5,
    "median": 1.3531274795532227
  },
  "gate_entropy_perdim": {
    "mean": 0.9122242896769528,
    "std": 0.16699199123419994,
    "min": 0.7370024919509888,
    "max": 1.094696283340454,
    "median": 0.7642776966094971
  },
  "diversity_loss": {
    "mean": 0.06277330619383586,
    "std": 0.09368613490937414,
    "min": 0.0013179484521970153,
    "max": 0.3169841766357422,
    "median": 0.0022709316108375788
  }
}