{
  "model": "1_simple_concat",
  "aspect": "BPO",
  "best_fmax": 0.49612605571746826,
  "final_epoch": 36,
  "interpretability_summary": {
    "text_magnitude": {
      "mean": 30.33019879179181,
      "std": 0.2932847395276971,
      "min": 29.508705139160156,
      "max": 31.35690689086914,
      "median": 30.320247650146484
    },
    "prott5_magnitude": {
      "mean": 1.3205091872305241,
      "std": 0.0512715417840165,
      "min": 1.1717747449874878,
      "max": 1.5141017436981201,
      "median": 1.3151271343231201
    },
    "magnitude_ratio": {
      "mean": 23.74892484556954,
      "std": 0.7339631978037913,
      "min": 21.42620849609375,
      "max": 25.87544822692871,
      "median": 23.808025360107422
    }
  }
}