{
  "text_magnitude": {
    "mean": 30.319615669970243,
    "std": 0.2989508778970535,
    "min": 29.27826499938965,
    "max": 31.35690689086914,
    "median": 30.320247650146484
  },
  "prott5_magnitude": {
    "mean": 1.3194898173494158,
    "std": 0.05170642530607647,
    "min": 1.2047481536865234,
    "max": 1.5141017436981201,
    "median": 1.313291311264038
  },
  "magnitude_ratio": {
    "mean": 23.737350413484393,
    "std": 0.7480238042302146,
    "min": 21.42620849609375,
    "max": 25.789222717285156,
    "median": 23.796659469604492
  }
}