{
  "text_magnitude": {
    "mean": 30.357933804392815,
    "std": 0.2770107305376665,
    "min": 29.707006454467773,
    "max": 31.173717498779297,
    "median": 30.381317138671875
  },
  "prott5_magnitude": {
    "mean": 1.3293259935453534,
    "std": 0.049517895954788754,
    "min": 1.1862597465515137,
    "max": 1.480076551437378,
    "median": 1.3235783576965332
  },
  "magnitude_ratio": {
    "mean": 23.623658820986748,
    "std": 0.7036386570427293,
    "min": 21.73194122314453,
    "max": 26.04111099243164,
    "median": 23.62217426300049
  }
}