{
  "text_magnitude": {
    "mean": 30.227648229106492,
    "std": 0.30683102542424184,
    "min": 29.26338005065918,
    "max": 31.4599666595459,
    "median": 30.237224578857422
  },
  "prott5_magnitude": {
    "mean": 1.2963058131401528,
    "std": 0.0518738906006674,
    "min": 1.2037816047668457,
    "max": 1.5548171997070312,
    "median": 1.2927615642547607
  },
  "magnitude_ratio": {
    "mean": 24.006624006889236,
    "std": 0.6933621827629953,
    "min": 21.376554489135742,
    "max": 25.68621063232422,
    "median": 24.02750015258789
  }
}