{
  "model": "2_transformed_concat",
  "aspect": "CCO",
  "best_fmax": 0.7098401784896851,
  "final_epoch": 22,
  "interpretability_summary": {
    "text_hidden_magnitude": {
      "mean": 11.81136866658926,
      "std": 3.8412870243139894,
      "min": 8.22336196899414,
      "max": 17.22634506225586,
      "median": 8.92088270187378
    },
    "prott5_hidden_magnitude": {
      "mean": 14.597777087241411,
      "std": 1.279185300223773,
      "min": 13.421499252319336,
      "max": 16.745180130004883,
      "median": 13.642735481262207
    },
    "cosine_similarity": {
      "mean": 0.3196964004309848,
      "std": 0.028936733049724658,
      "min": 0.28221064805984497,
      "max": 0.3773823082447052,
      "median": 0.30412399768829346
    }
  }
}