{
  "text_hidden_magnitude": {
    "mean": 13.060985439819909,
    "std": 3.316085522399789,
    "min": 9.435873031616211,
    "max": 17.014698028564453,
    "median": 10.315486907958984
  },
  "prott5_hidden_magnitude": {
    "mean": 15.204785481305189,
    "std": 0.9346751994325577,
    "min": 14.11031723022461,
    "max": 16.779827117919922,
    "median": 14.423870086669922
  },
  "cosine_similarity": {
    "mean": 0.3283391923691745,
    "std": 0.027580183620547906,
    "min": 0.2886573076248169,
    "max": 0.3815898895263672,
    "median": 0.3140415549278259
  }
}