{
  "model": "2_transformed_concat",
  "aspect": "BPO",
  "best_fmax": 0.5013190507888794,
  "final_epoch": 32,
  "interpretability_summary": {
    "text_hidden_magnitude": {
      "mean": 12.318385980714043,
      "std": 3.352998829269828,
      "min": 9.208993911743164,
      "max": 17.093387603759766,
      "median": 9.909974098205566
    },
    "prott5_hidden_magnitude": {
      "mean": 13.772665070587735,
      "std": 1.862827629992681,
      "min": 12.127037048339844,
      "max": 16.786457061767578,
      "median": 12.40559196472168
    },
    "cosine_similarity": {
      "mean": 0.30086425587816057,
      "std": 0.029880138557049844,
      "min": 0.26718318462371826,
      "max": 0.3695884644985199,
      "median": 0.28566667437553406
    }
  }
}