{
  "text_hidden_magnitude": {
    "mean": 12.298261754017956,
    "std": 3.5211054359339706,
    "min": 8.899240493774414,
    "max": 17.16448974609375,
    "median": 9.759013175964355
  },
  "prott5_hidden_magnitude": {
    "mean": 13.864862420423975,
    "std": 1.9677839251116458,
    "min": 12.131956100463867,
    "max": 16.823768615722656,
    "median": 12.404027938842773
  },
  "cosine_similarity": {
    "mean": 0.3175540863343005,
    "std": 0.048091969717374436,
    "min": 0.2686617374420166,
    "max": 0.4037550985813141,
    "median": 0.28707143664360046
  }
}