{
  "model": "3_simple_gated",
  "aspect": "MFO",
  "best_fmax": 0.6615002751350403,
  "final_epoch": 17,
  "interpretability_summary": {
    "text_gate_mean": {
      "mean": 0.4800503684881148,
      "std": 0.030637749780162996,
      "min": 0.44347667694091797,
      "max": 0.5169000625610352,
      "median": 0.45495885610580444
    },
    "text_gate_std": {
      "mean": 0.2176562144023152,
      "std": 0.06834656692875324,
      "min": 0.14011886715888977,
      "max": 0.28468072414398193,
      "median": 0.2804836332798004
    },
    "prott5_gate_mean": {
      "mean": 0.49439555490520637,
      "std": 0.004511268904258963,
      "min": 0.4887464940547943,
      "max": 0.5003927946090698,
      "median": 0.49107474088668823
    },
    "prott5_gate_std": {
      "mean": 0.040085261023030595,
      "std": 0.029627474536075765,
      "min": 0.007210522890090942,
      "max": 0.0731993019580841,
      "median": 0.06563352793455124
    },
    "gate_difference": {
      "mean": -0.014345186902428737,
      "std": 0.026251640052191383,
      "min": -0.04770081490278244,
      "max": 0.018703460693359375,
      "median": -0.0350208543241024
    }
  }
}