{
  "model": "3_simple_gated",
  "aspect": "BPO",
  "best_fmax": 0.49537429213523865,
  "final_epoch": 24,
  "interpretability_summary": {
    "text_gate_mean": {
      "mean": 0.42150286548542526,
      "std": 0.06833812528798257,
      "min": 0.35862410068511963,
      "max": 0.5136496424674988,
      "median": 0.3723282814025879
    },
    "text_gate_std": {
      "mean": 0.20018959557110408,
      "std": 0.042237546229609416,
      "min": 0.14028000831604004,
      "max": 0.2373790144920349,
      "median": 0.23195870220661163
    },
    "prott5_gate_mean": {
      "mean": 0.48314184681424555,
      "std": 0.011732123222450918,
      "min": 0.4719468355178833,
      "max": 0.4996655583381653,
      "median": 0.47462183237075806
    },
    "prott5_gate_std": {
      "mean": 0.06091121148915504,
      "std": 0.04060810773737067,
      "min": 0.007351910229772329,
      "max": 0.09732173383235931,
      "median": 0.09104760736227036
    },
    "gate_difference": {
      "mean": -0.061638983170378886,
      "std": 0.05668044520522298,
      "min": -0.117229163646698,
      "max": 0.016669094562530518,
      "median": -0.10137199610471725
    }
  }
}