{
  "model": "3_simple_gated",
  "aspect": "BPO",
  "best_fmax": 0.4945104122161865,
  "final_epoch": 21,
  "interpretability_summary": {
    "text_gate_mean": {
      "mean": 0.42581771252290257,
      "std": 0.061780835015978676,
      "min": 0.3684254288673401,
      "max": 0.5104061365127563,
      "median": 0.3815770745277405
    },
    "text_gate_std": {
      "mean": 0.20557587444782258,
      "std": 0.04260000182075176,
      "min": 0.14464372396469116,
      "max": 0.24442118406295776,
      "median": 0.2375122755765915
    },
    "prott5_gate_mean": {
      "mean": 0.4877558834147903,
      "std": 0.008308875534306143,
      "min": 0.47959697246551514,
      "max": 0.4999708831310272,
      "median": 0.4817667007446289
    },
    "prott5_gate_std": {
      "mean": 0.05820863813794446,
      "std": 0.038475241738596136,
      "min": 0.007434211205691099,
      "max": 0.0930958241224289,
      "median": 0.08673806488513947
    },
    "gate_difference": {
      "mean": -0.06193817078294057,
      "std": 0.05355844619750401,
      "min": -0.11373114585876465,
      "max": 0.013197786174714565,
      "median": -0.0997983068227768
    }
  }
}