{
  "model": "3_simple_gated",
  "aspect": "CCO",
  "best_fmax": 0.7075175046920776,
  "final_epoch": 14,
  "interpretability_summary": {
    "text_gate_mean": {
      "mean": 0.4390964228659868,
      "std": 0.05357854378687484,
      "min": 0.38890641927719116,
      "max": 0.510339617729187,
      "median": 0.3992493599653244
    },
    "text_gate_std": {
      "mean": 0.23467761190840974,
      "std": 0.06723957328498167,
      "min": 0.1433340609073639,
      "max": 0.29105204343795776,
      "median": 0.28742246329784393
    },
    "prott5_gate_mean": {
      "mean": 0.4920219713822007,
      "std": 0.005316778745352649,
      "min": 0.48655590415000916,
      "max": 0.4998452067375183,
      "median": 0.488319531083107
    },
    "prott5_gate_std": {
      "mean": 0.05261495594822918,
      "std": 0.03520193037498145,
      "min": 0.00759375374764204,
      "max": 0.08489586412906647,
      "median": 0.07934895157814026
    },
    "gate_difference": {
      "mean": -0.05292555081905448,
      "std": 0.0483288889449765,
      "min": -0.09947729110717773,
      "max": 0.012662021443247795,
      "median": -0.08844050765037537
    }
  }
}