{
  "text_gate_mean": {
    "mean": 0.4792723552091047,
    "std": 0.026040052168472133,
    "min": 0.4530605673789978,
    "max": 0.520677924156189,
    "median": 0.4613657295703888
  },
  "prott5_gate_mean": {
    "mean": 0.4580994605785236,
    "std": 0.02218194772019143,
    "min": 0.43539804220199585,
    "max": 0.5009355545043945,
    "median": 0.443335697054863
  },
  "gate_correlation": {
    "mean": 0.043595745550646825,
    "std": 0.40168357840190483,
    "min": -0.8109844923019409,
    "max": 0.6798797249794006,
    "median": 0.16946162283420563
  }
}