{
  "model": "4_crossmodal_gated",
  "aspect": "BPO",
  "best_fmax": 0.49371322989463806,
  "final_epoch": 20,
  "interpretability_summary": {
    "text_gate_mean": {
      "mean": 0.4607796980524963,
      "std": 0.03707842539044843,
      "min": 0.4189947247505188,
      "max": 0.5167281627655029,
      "median": 0.43713343143463135
    },
    "prott5_gate_mean": {
      "mean": 0.43817892771846845,
      "std": 0.03363490116131442,
      "min": 0.40693140029907227,
      "max": 0.49975860118865967,
      "median": 0.41443324089050293
    },
    "gate_correlation": {
      "mean": -0.13751992290677012,
      "std": 0.40702470076455044,
      "min": -0.9251419901847839,
      "max": 0.5840483903884888,
      "median": -0.02010328508913517
    }
  }
}