{
  "text_gate_mean": {
    "mean": 0.43805947382495086,
    "std": 0.05703163517900496,
    "min": 0.3768746256828308,
    "max": 0.5220582485198975,
    "median": 0.3987939953804016
  },
  "prott5_gate_mean": {
    "mean": 0.42263322675003195,
    "std": 0.04610007100291931,
    "min": 0.3821258842945099,
    "max": 0.5001928806304932,
    "median": 0.38931307196617126
  },
  "gate_correlation": {
    "mean": -0.022525824319992987,
    "std": 0.4356002568789154,
    "min": -0.8558859825134277,
    "max": 0.6865435838699341,
    "median": 0.12807154655456543
  }
}