{
  "text_gate_mean": {
    "mean": 0.4900247714888882,
    "std": 0.01736815079612195,
    "min": 0.47026804089546204,
    "max": 0.5174452066421509,
    "median": 0.4771745204925537
  },
  "prott5_gate_mean": {
    "mean": 0.4573397310406949,
    "std": 0.023683791575942286,
    "min": 0.4325070381164551,
    "max": 0.4993591904640198,
    "median": 0.43806254863739014
  },
  "gate_correlation": {
    "mean": 0.040367835074523246,
    "std": 0.5180953925976606,
    "min": -0.8366022706031799,
    "max": 0.7314812541007996,
    "median": 0.2774984538555145
  }
}