{
  "model": "5_full_gated",
  "aspect": "BPO",
  "best_fmax": 0.4910816252231598,
  "final_epoch": 35,
  "interpretability_summary": {
    "text_gate_mean": {
      "mean": 0.5245703974984727,
      "std": 0.024117133098727726,
      "min": 0.4930986166000366,
      "max": 0.5526299476623535,
      "median": 0.5401102304458618
    },
    "prott5_gate_mean": {
      "mean": 0.45123271368584544,
      "std": 0.03785424456652091,
      "min": 0.4136470556259155,
      "max": 0.5006558895111084,
      "median": 0.4240172505378723
    },
    "residual_weight": {
      "mean": -0.011766123490513496,
      "std": 0.09016547949675852,
      "min": -0.08195360749959946,
      "max": 0.10651775449514389,
      "median": -0.08195360749959946
    },
    "text_contribution": {
      "mean": 4.0673084753864215,
      "std": 3.629749324381553,
      "min": 1.1163383722305298,
      "max": 8.903334617614746,
      "median": 1.2762112617492676
    },
    "prott5_contribution": {
      "mean": 4.035355293300917,
      "std": 3.896195197153697,
      "min": 0.8664032220840454,
      "max": 9.371665954589844,
      "median": 1.0436086654663086
    },
    "gate_sparsity_text": {
      "mean": 0.06269899764150944,
      "std": 0.0488321910149798,
      "min": 0.0,
      "max": 0.10791015625,
      "median": 0.09912109375
    },
    "gate_sparsity_prott5": {
      "mean": 0.08700895489386792,
      "std": 0.06785836310303005,
      "min": 0.0,
      "max": 0.1553955078125,
      "median": 0.1358642578125
    }
  }
}