{
  "text_gate_mean": {
    "mean": 0.5113568027064486,
    "std": 0.010605388298237506,
    "min": 0.4973883628845215,
    "max": 0.5277338624000549,
    "median": 0.5169627666473389
  },
  "prott5_gate_mean": {
    "mean": 0.4621646603323379,
    "std": 0.025266792050091864,
    "min": 0.42588603496551514,
    "max": 0.49802473187446594,
    "median": 0.4454401731491089
  },
  "residual_weight": {
    "mean": 0.008411101814148562,
    "std": 0.07383008175920681,
    "min": -0.04905853793025017,
    "max": 0.10569769144058228,
    "median": -0.04905853793025017
  },
  "text_contribution": {
    "mean": 4.183186072673438,
    "std": 3.4561453791049925,
    "min": 1.3699579238891602,
    "max": 8.73462200164795,
    "median": 1.53961181640625
  },
  "prott5_contribution": {
    "mean": 4.104915297706172,
    "std": 3.666367154417443,
    "min": 1.07632315158844,
    "max": 9.08309555053711,
    "median": 1.3007745742797852
  },
  "gate_sparsity_text": {
    "mean": 0.03857053360849057,
    "std": 0.03004844934476265,
    "min": 0.0,
    "max": 0.06573486328125,
    "median": 0.0606689453125
  },
  "gate_sparsity_prott5": {
    "mean": 0.0670032429245283,
    "std": 0.052411130533627504,
    "min": 0.0,
    "max": 0.12646484375,
    "median": 0.1019287109375
  }
}