{
  "model": "5_full_gated",
  "aspect": "MFO",
  "best_fmax": 0.6532712578773499,
  "final_epoch": 20,
  "interpretability_summary": {
    "text_gate_mean": {
      "mean": 0.5770275027539249,
      "std": 0.07255080154598756,
      "min": 0.49954134225845337,
      "max": 0.6529754996299744,
      "median": 0.6404613256454468
    },
    "prott5_gate_mean": {
      "mean": 0.5115815792844889,
      "std": 0.016220624871003134,
      "min": 0.4925881326198578,
      "max": 0.5307832956314087,
      "median": 0.5242775678634644
    },
    "residual_weight": {
      "mean": 0.0014966553855390056,
      "std": 0.09508792014797074,
      "min": -0.08794888108968735,
      "max": 0.10464068502187729,
      "median": -0.08794888108968735
    },
    "text_contribution": {
      "mean": 5.078521162691251,
      "std": 3.2689226729346688,
      "min": 1.6918301582336426,
      "max": 8.67182731628418,
      "median": 2.158003807067871
    },
    "prott5_contribution": {
      "mean": 4.957636937289171,
      "std": 3.6336854024728913,
      "min": 1.325463891029358,
      "max": 9.045439720153809,
      "median": 1.6679737567901611
    },
    "gate_sparsity_text": {
      "mean": 0.07670906081166066,
      "std": 0.07218409810799693,
      "min": 0.0,
      "max": 0.15142822265625,
      "median": 0.14093017578125
    },
    "gate_sparsity_prott5": {
      "mean": 0.06238518896656976,
      "std": 0.05870898662707519,
      "min": 0.0,
      "max": 0.1243489608168602,
      "median": 0.114501953125
    }
  }
}