{
  "model": "5_full_gated",
  "aspect": "BPO",
  "best_fmax": 0.49285396933555603,
  "best_epoch": 29,
  "final_epoch": 30,
  "avg_overfitting_gap": 0.00890964838719822,
  "convergence_epoch": 8
}