{
  "model": "5_full_gated",
  "aspect": "BPO",
  "best_fmax": 0.48711898922920227,
  "best_epoch": 30,
  "final_epoch": 30,
  "avg_overfitting_gap": 0.0053581080068479505,
  "convergence_epoch": 8
}