{
  "model": "5_full_gated",
  "aspect": "CCO",
  "best_fmax": 0.7080661654472351,
  "final_epoch": 16,
  "interpretability_summary": {
    "text_gate_mean": {
      "mean": 0.567565685370937,
      "std": 0.055055880359710735,
      "min": 0.49827486276626587,
      "max": 0.6164977550506592,
      "median": 0.609397828578949
    },
    "prott5_gate_mean": {
      "mean": 0.5038642931031063,
      "std": 0.005239603349282994,
      "min": 0.49587327241897583,
      "max": 0.5128904581069946,
      "median": 0.5057223439216614
    },
    "residual_weight": {
      "mean": -0.016879282338777557,
      "std": 0.09622283195281195,
      "min": -0.09391552209854126,
      "max": 0.1051795706152916,
      "median": -0.09391552209854126
    },
    "text_contribution": {
      "mean": 4.620353913400322,
      "std": 3.3435138867421705,
      "min": 1.7073910236358643,
      "max": 8.947938919067383,
      "median": 2.019472360610962
    },
    "prott5_contribution": {
      "mean": 4.32790391985327,
      "std": 3.5856272468892163,
      "min": 1.2546019554138184,
      "max": 9.025593757629395,
      "median": 1.5240970849990845
    },
    "gate_sparsity_text": {
      "mean": 0.08538320538355038,
      "std": 0.0683838353298604,
      "min": 0.0,
      "max": 0.14385986328125,
      "median": 0.137908935546875
    },
    "gate_sparsity_prott5": {
      "mean": 0.07408076286083087,
      "std": 0.05935508682134508,
      "min": 0.0,
      "max": 0.12945556640625,
      "median": 0.118988037109375
    }
  }
}