{
  "text_gate_mean": {
    "mean": 0.5112390512565397,
    "std": 0.08825642000001278,
    "min": 0.41459921002388,
    "max": 0.6587677001953125,
    "median": 0.4565824270248413
  },
  "prott5_gate_mean": {
    "mean": 0.48876094840607553,
    "std": 0.08825642016667834,
    "min": 0.3412322998046875,
    "max": 0.5854008197784424,
    "median": 0.5434175729751587
  },
  "temperature": {
    "mean": 1.879725095910846,
    "std": 0.09538772476239099,
    "min": 1.805468201637268,
    "max": 2.003816604614258,
    "median": 1.805468201637268
  },
  "gate_sum": {
    "mean": 1.0,
    "std": 0.0,
    "min": 1.0,
    "max": 1.0,
    "median": 1.0
  },
  "gate_entropy": {
    "mean": 0.6684981699259775,
    "std": 0.011707215922073402,
    "min": 0.6396594047546387,
    "max": 0.6895352602005005,
    "median": 0.672404944896698
  },
  "gate_variance_text": {
    "mean": 0.004329940508985189,
    "std": 0.0028330449913696928,
    "min": 0.0004094806790817529,
    "max": 0.012733662500977516,
    "median": 0.004697365686297417
  },
  "gate_variance_prott5": {
    "mean": 0.004329940523592017,
    "std": 0.0028330449653293666,
    "min": 0.0004094803298357874,
    "max": 0.012733658775687218,
    "median": 0.0046973638236522675
  }
}