{
  "text_gate_mean": {
    "mean": 0.49142486992871987,
    "std": 0.1391429674087494,
    "min": 0.2632230520248413,
    "max": 0.7429519295692444,
    "median": 0.40822193026542664
  },
  "prott5_gate_mean": {
    "mean": 0.5085751324329736,
    "std": 0.13914296858885897,
    "min": 0.2570480704307556,
    "max": 0.7367768883705139,
    "median": 0.591778039932251
  },
  "temperature": {
    "mean": 1.908159644648714,
    "std": 0.07281715555709467,
    "min": 1.8514728546142578,
    "max": 2.0024900436401367,
    "median": 1.8514728546142578
  },
  "gate_sum": {
    "mean": 1.0,
    "std": 0.0,
    "min": 1.0,
    "max": 1.0,
    "median": 1.0
  },
  "gate_entropy": {
    "mean": 0.6482593846770952,
    "std": 0.03324215767939804,
    "min": 0.5691834688186646,
    "max": 0.6903985142707825,
    "median": 0.6649986505508423
  },
  "gate_variance_text": {
    "mean": 0.002461215726293202,
    "std": 0.0014905015942017319,
    "min": 0.00028991285944357514,
    "max": 0.009001593105494976,
    "median": 0.0023478835355490446
  },
  "gate_variance_prott5": {
    "mean": 0.0024612157584721537,
    "std": 0.0014905017058904836,
    "min": 0.00028991265571676195,
    "max": 0.009001593105494976,
    "median": 0.0023478823713958263
  }
}