{
  "model": "6_adaptive_gated",
  "aspect": "CCO",
  "best_fmax": 0.7084332704544067,
  "final_epoch": 18,
  "interpretability_summary": {
    "text_gate_mean": {
      "mean": 0.46484095079358667,
      "std": 0.1329382743945807,
      "min": 0.3313818573951721,
      "max": 0.6782786846160889,
      "median": 0.37227505445480347
    },
    "prott5_gate_mean": {
      "mean": 0.5351590488571674,
      "std": 0.13293827689963608,
      "min": 0.32172128558158875,
      "max": 0.6686181426048279,
      "median": 0.6277249157428741
    },
    "temperature": {
      "mean": 1.9446874568238854,
      "std": 0.04627350292392467,
      "min": 1.9076422452926636,
      "max": 2.0035102367401123,
      "median": 1.9076422452926636
    },
    "gate_sum": {
      "mean": 1.0,
      "std": 0.0,
      "min": 1.0,
      "max": 1.0,
      "median": 1.0
    },
    "gate_entropy": {
      "mean": 0.6474048749078065,
      "std": 0.01315276891531419,
      "min": 0.6225253939628601,
      "max": 0.6895462870597839,
      "median": 0.6447137594223022
    },
    "gate_variance_text": {
      "mean": 0.0034733976144707412,
      "std": 0.0019809117348344382,
      "min": 0.0005355378962121904,
      "max": 0.009708184748888016,
      "median": 0.003578836563974619
    },
    "gate_variance_prott5": {
      "mean": 0.0034733976260667987,
      "std": 0.001980911755372613,
      "min": 0.0005355383036658168,
      "max": 0.009708183817565441,
      "median": 0.0035788355162367225
    }
  }
}