{
  "text_gate_mean": {
    "mean": 0.5032057707578363,
    "std": 0.1222641550768123,
    "min": 0.3633882701396942,
    "max": 0.672478199005127,
    "median": 0.4162817597389221
  },
  "prott5_gate_mean": {
    "mean": 0.49679422686357455,
    "std": 0.12226415258154175,
    "min": 0.32752177119255066,
    "max": 0.6366117000579834,
    "median": 0.5837182998657227
  },
  "temperature": {
    "mean": 1.9620500545546482,
    "std": 0.037109266810067015,
    "min": 1.9271447658538818,
    "max": 2.0024914741516113,
    "median": 1.9271447658538818
  },
  "gate_sum": {
    "mean": 1.0,
    "std": 0.0,
    "min": 1.0,
    "max": 1.0,
    "median": 1.0
  },
  "gate_entropy": {
    "mean": 0.6562331027827912,
    "std": 0.00971253893952827,
    "min": 0.6273549795150757,
    "max": 0.689141035079956,
    "median": 0.6553734540939331
  },
  "gate_variance_text": {
    "mean": 0.0032031779325602163,
    "std": 0.001956236191163812,
    "min": 0.0004221659619361162,
    "max": 0.008567563258111477,
    "median": 0.0031026992946863174
  },
  "gate_variance_prott5": {
    "mean": 0.003203177896624501,
    "std": 0.0019562361539145093,
    "min": 0.00042216622387059033,
    "max": 0.008567565120756626,
    "median": 0.0031026992946863174
  }
}