{
  "text_weight": {
    "mean": 0.5859602495184485,
    "std": 0.06551288110141883,
    "min": 0.39520183205604553,
    "max": 0.731623649597168,
    "median": 0.5966248512268066
  },
  "prott5_weight": {
    "mean": 0.4140397487946276,
    "std": 0.06551288133734767,
    "min": 0.2683763802051544,
    "max": 0.6047981977462769,
    "median": 0.40337511897087097
  },
  "attention_text_to_prott5": {
    "mean": 0.76381563870412,
    "std": 0.23608716466706897,
    "min": 0.43862324953079224,
    "max": 0.9728625416755676,
    "median": 0.939284086227417
  },
  "attention_prott5_to_text": {
    "mean": 0.4781262976943322,
    "std": 0.02194385119230281,
    "min": 0.43236207962036133,
    "max": 0.5194168090820312,
    "median": 0.4725503921508789
  },
  "weight_variance": {
    "mean": 0.03189170304674849,
    "std": 0.026075857862030212,
    "min": 0.00015824238653294742,
    "max": 0.1136951744556427,
    "median": 0.040508806705474854
  }
}