{
  "model": "7_attention_fusion",
  "aspect": "CCO",
  "best_fmax": 0.7060793042182922,
  "final_epoch": 23,
  "interpretability_summary": {
    "text_weight": {
      "mean": 0.7347202227683738,
      "std": 0.18370895647861166,
      "min": 0.447271466255188,
      "max": 0.9586431980133057,
      "median": 0.8482207953929901
    },
    "prott5_weight": {
      "mean": 0.26527977517980617,
      "std": 0.18370895405681606,
      "min": 0.041356801986694336,
      "max": 0.552728533744812,
      "median": 0.15177924931049347
    },
    "attention_text_to_prott5": {
      "mean": 0.7911958745680749,
      "std": 0.20621177625346512,
      "min": 0.4935283362865448,
      "max": 0.9712931513786316,
      "median": 0.950163722038269
    },
    "attention_prott5_to_text": {
      "mean": 0.4842089480953291,
      "std": 0.015192450486893078,
      "min": 0.4592224359512329,
      "max": 0.5235614776611328,
      "median": 0.47904881834983826
    },
    "weight_variance": {
      "mean": 0.02340569363764189,
      "std": 0.020992289327311908,
      "min": 0.00019520983914844692,
      "max": 0.07854066789150238,
      "median": 0.02632371336221695
    }
  }
}