{
  "text_weight": {
    "mean": 0.6158984248906794,
    "std": 0.1098921991626663,
    "min": 0.46454909443855286,
    "max": 0.8475304245948792,
    "median": 0.6551393270492554
  },
  "prott5_weight": {
    "mean": 0.38410157510932064,
    "std": 0.10989219959552037,
    "min": 0.15246954560279846,
    "max": 0.5354509353637695,
    "median": 0.34486061334609985
  },
  "attention_text_to_prott5": {
    "mean": 0.748065601771986,
    "std": 0.218258649627299,
    "min": 0.4777536392211914,
    "max": 0.970486581325531,
    "median": 0.9423427581787109
  },
  "attention_prott5_to_text": {
    "mean": 0.46282350247454757,
    "std": 0.03886463076152559,
    "min": 0.3674475848674774,
    "max": 0.5273230075836182,
    "median": 0.4468037486076355
  },
  "weight_variance": {
    "mean": 0.026914286732653423,
    "std": 0.02571579176928495,
    "min": 0.00018377313972450793,
    "max": 0.07348129898309708,
    "median": 0.035111721605062485
  }
}