{
  "model": "7_attention_fusion",
  "aspect": "BPO",
  "best_fmax": 0.48740044236183167,
  "final_epoch": 38,
  "interpretability_summary": {
    "text_weight": {
      "mean": 0.5620747327804565,
      "std": 0.0713527697405783,
      "min": 0.25595468282699585,
      "max": 0.6923762559890747,
      "median": 0.5765378475189209
    },
    "prott5_weight": {
      "mean": 0.43792526699462025,
      "std": 0.07135276965150768,
      "min": 0.3076237142086029,
      "max": 0.7440453171730042,
      "median": 0.4234620928764343
    },
    "attention_text_to_prott5": {
      "mean": 0.7807146306307811,
      "std": 0.21183595444722392,
      "min": 0.4678574800491333,
      "max": 0.9647132754325867,
      "median": 0.9386851787567139
    },
    "attention_prott5_to_text": {
      "mean": 0.48590748422550706,
      "std": 0.016447166717796422,
      "min": 0.3913835287094116,
      "max": 0.5194116830825806,
      "median": 0.48596060276031494
    },
    "weight_variance": {
      "mean": 0.027061333713826793,
      "std": 0.022315912939271595,
      "min": 0.00017657625721767545,
      "max": 0.09792616218328476,
      "median": 0.03464042395353317
    }
  }
}