{
  "model": "8_hierarchical_fusion",
  "aspect": "BPO",
  "best_fmax": 0.49610546231269836,
  "final_epoch": 29,
  "interpretability_summary": {
    "level_0_text_gate": {
      "mean": 0.981856681265921,
      "std": 0.07261477654163224,
      "min": 0.4566589593887329,
      "max": 0.9999931454658508,
      "median": 0.9999896287918091
    },
    "level_1_text_gate": {
      "mean": 0.9803854086489048,
      "std": 0.07857441512324168,
      "min": 0.39709606766700745,
      "max": 0.9999933242797852,
      "median": 0.9999896287918091
    },
    "level_2_text_gate": {
      "mean": 0.9868686891951651,
      "std": 0.054471457046282847,
      "min": 0.5524209141731262,
      "max": 0.9999933838844299,
      "median": 0.9999902248382568
    },
    "diversity_loss": {
      "mean": 0.38699074601227385,
      "std": 0.13890201450473638,
      "min": 0.28110429644584656,
      "max": 0.6860291957855225,
      "median": 0.30012401938438416
    },
    "feature_magnitudes_text": {
      "mean": 13.325567706126087,
      "std": 2.4918177544506994,
      "min": 10.80969524383545,
      "max": 17.015239715576172,
      "median": 11.600383758544922
    },
    "feature_magnitudes_prott5": {
      "mean": 14.51821643541444,
      "std": 1.3890160022451696,
      "min": 13.293079376220703,
      "max": 16.863582611083984,
      "median": 13.494840621948242
    },
    "feature_magnitudes_interaction": {
      "mean": 10.402005438534719,
      "std": 5.742124659292736,
      "min": 5.708956718444824,
      "max": 18.65589141845703,
      "median": 6.02433967590332
    }
  }
}