{
  "model": "8_hierarchical_fusion",
  "aspect": "CCO",
  "best_fmax": 0.709629476070404,
  "final_epoch": 15,
  "interpretability_summary": {
    "level_0_text_gate": {
      "mean": 0.9844662697287276,
      "std": 0.06149579411910836,
      "min": 0.49436935782432556,
      "max": 0.9999902248382568,
      "median": 0.9999799728393555
    },
    "level_1_text_gate": {
      "mean": 0.9874556330032647,
      "std": 0.05140189168234629,
      "min": 0.5535789728164673,
      "max": 0.99998939037323,
      "median": 0.999981164932251
    },
    "level_2_text_gate": {
      "mean": 0.9879718087613583,
      "std": 0.04983490088824624,
      "min": 0.5721760988235474,
      "max": 0.9999924898147583,
      "median": 0.9999872446060181
    },
    "diversity_loss": {
      "mean": 0.35420114756561816,
      "std": 0.06430993540703706,
      "min": 0.2985016703605652,
      "max": 0.5123187303543091,
      "median": 0.31846654415130615
    },
    "feature_magnitudes_text": {
      "mean": 12.226508341729641,
      "std": 3.6584176401185196,
      "min": 8.829545974731445,
      "max": 17.188594818115234,
      "median": 9.456890106201172
    },
    "feature_magnitudes_prott5": {
      "mean": 15.497455909848213,
      "std": 0.7943672276198767,
      "min": 14.697809219360352,
      "max": 16.929527282714844,
      "median": 14.933940410614014
    },
    "feature_magnitudes_interaction": {
      "mean": 11.935271043330431,
      "std": 4.6851689409556485,
      "min": 7.8342814445495605,
      "max": 18.192455291748047,
      "median": 8.307166576385498
    }
  }
}