{
  "level_0_text_gate": {
    "mean": 0.9633701564006085,
    "std": 0.10924070579396422,
    "min": 0.42848432064056396,
    "max": 0.9999898672103882,
    "median": 0.999982476234436
  },
  "level_1_text_gate": {
    "mean": 0.9546287057534704,
    "std": 0.13737140393858216,
    "min": 0.31976866722106934,
    "max": 0.9999911785125732,
    "median": 0.9999829530715942
  },
  "level_2_text_gate": {
    "mean": 0.9689047080165935,
    "std": 0.09344296879323664,
    "min": 0.5046389102935791,
    "max": 0.9999883770942688,
    "median": 0.9999789595603943
  },
  "diversity_loss": {
    "mean": 0.37879023900571857,
    "std": 0.14525228604341212,
    "min": 0.2706095576286316,
    "max": 0.6957358121871948,
    "median": 0.28810954093933105
  },
  "feature_magnitudes_text": {
    "mean": 12.511954545075039,
    "std": 2.905023258456929,
    "min": 9.539992332458496,
    "max": 16.61103057861328,
    "median": 10.472471237182617
  },
  "feature_magnitudes_prott5": {
    "mean": 14.001165843459795,
    "std": 1.5390915118591648,
    "min": 12.673553466796875,
    "max": 16.739715576171875,
    "median": 12.864831924438477
  },
  "feature_magnitudes_interaction": {
    "mean": 10.298672373789662,
    "std": 5.855267177567749,
    "min": 5.4320831298828125,
    "max": 18.27007484436035,
    "median": 5.83836555480957
  }
}