{
  "level_0_text_gate": {
    "mean": 0.07434173829113275,
    "std": 0.0937589636248542,
    "min": 4.586349859891925e-06,
    "max": 0.5043820738792419,
    "median": 7.460045253537828e-06
  },
  "level_1_text_gate": {
    "mean": 0.07569031292058552,
    "std": 0.0930310685528666,
    "min": 4.549804998532636e-06,
    "max": 0.47953709959983826,
    "median": 7.13393319529132e-06
  },
  "level_2_text_gate": {
    "mean": 0.07161178412637559,
    "std": 0.09158904901194423,
    "min": 4.693302344094263e-06,
    "max": 0.5102261304855347,
    "median": 7.525317414547317e-06
  },
  "diversity_loss": {
    "mean": 0.3820130312946481,
    "std": 0.09760110086548204,
    "min": 0.2895583510398865,
    "max": 0.5754292011260986,
    "median": 0.31518715620040894
  },
  "feature_magnitudes_text": {
    "mean": 13.842459235392825,
    "std": 2.875856332990655,
    "min": 10.572810173034668,
    "max": 17.3559627532959,
    "median": 11.481759071350098
  },
  "feature_magnitudes_prott5": {
    "mean": 15.550836800409595,
    "std": 0.8764003811307112,
    "min": 14.608354568481445,
    "max": 16.775121688842773,
    "median": 14.821651458740234
  },
  "feature_magnitudes_interaction": {
    "mean": 12.802215029935882,
    "std": 4.527527240814494,
    "min": 8.226248741149902,
    "max": 17.829212188720703,
    "median": 8.739763259887695
  }
}