{
  "model": "9_ensemble_fusion",
  "aspect": "CCO",
  "best_fmax": 0.7068031430244446,
  "final_epoch": 21,
  "interpretability_summary": {
    "text_gate": {
      "mean": 0.28772729082629667,
      "std": 0.33721457665069066,
      "min": 0.0030390936881303787,
      "max": 0.8552194237709045,
      "median": 0.037519434466958046
    },
    "prott5_gate": {
      "mean": 0.7122727084206417,
      "std": 0.3372145743962596,
      "min": 0.14478057622909546,
      "max": 0.9969608783721924,
      "median": 0.9624805450439453
    },
    "simple_path_weight": {
      "mean": 0.262666207854636,
      "std": 0.12879554794752263,
      "min": 0.1807616651058197,
      "max": 0.6717491149902344,
      "median": 0.18076176941394806
    },
    "gated_path_weight": {
      "mean": 0.7373337892349809,
      "std": 0.12879554741823024,
      "min": 0.3282508850097656,
      "max": 0.8192383050918579,
      "median": 0.8192381858825684
    },
    "path_temperature": {
      "mean": 0.7942222186829895,
      "std": 0.1654863498030226,
      "min": 0.6617274880409241,
      "max": 1.0017030239105225,
      "median": 0.6617274880409241
    },
    "gate_entropy": {
      "mean": 0.26745252079854254,
      "std": 0.25322600491849345,
      "min": 0.018026243895292282,
      "max": 0.6910659074783325,
      "median": 0.08706162124872208
    }
  }
}