{
  "model": "9_ensemble_fusion",
  "aspect": "MFO",
  "best_fmax": 0.6597306132316589,
  "final_epoch": 24,
  "interpretability_summary": {
    "text_gate": {
      "mean": 0.3391718509243014,
      "std": 0.344159656885392,
      "min": 0.0010539133800193667,
      "max": 0.8902988433837891,
      "median": 0.04731443524360657
    },
    "prott5_gate": {
      "mean": 0.660828150773832,
      "std": 0.3441596571416606,
      "min": 0.10970111191272736,
      "max": 0.9989461302757263,
      "median": 0.9526855945587158
    },
    "simple_path_weight": {
      "mean": 0.25013992708053945,
      "std": 0.08189683672424905,
      "min": 0.190779447555542,
      "max": 0.5876206159591675,
      "median": 0.19077955186367035
    },
    "gated_path_weight": {
      "mean": 0.7498600324834457,
      "std": 0.0818968105208187,
      "min": 0.4123793840408325,
      "max": 0.8092204928398132,
      "median": 0.8092203736305237
    },
    "path_temperature": {
      "mean": 0.8366905445224243,
      "std": 0.15374196940678206,
      "min": 0.6920638084411621,
      "max": 1.0013781785964966,
      "median": 0.6920638084411621
    },
    "gate_entropy": {
      "mean": 0.312342703937085,
      "std": 0.25966931830180234,
      "min": 0.007719270884990692,
      "max": 0.6910032629966736,
      "median": 0.12135748565196991
    }
  }
}