{
  "text_gate": {
    "mean": 0.3037007892188036,
    "std": 0.32210736849101873,
    "min": 0.026519693434238434,
    "max": 0.8980835676193237,
    "median": 0.07712022960186005
  },
  "prott5_gate": {
    "mean": 0.6962992120745047,
    "std": 0.3221073707035436,
    "min": 0.10191640257835388,
    "max": 0.9734803438186646,
    "median": 0.9228797554969788
  },
  "simple_path_weight": {
    "mean": 0.24445180684890389,
    "std": 0.05376848225518274,
    "min": 0.21314489841461182,
    "max": 0.5671555995941162,
    "median": 0.213257297873497
  },
  "gated_path_weight": {
    "mean": 0.7555481925325573,
    "std": 0.0537684796298309,
    "min": 0.4328444302082062,
    "max": 0.7868551015853882,
    "median": 0.7867426872253418
  },
  "path_temperature": {
    "mean": 0.8534508329517436,
    "std": 0.11312874644034447,
    "min": 0.7653828263282776,
    "max": 1.0005028247833252,
    "median": 0.7653828263282776
  },
  "gate_entropy": {
    "mean": 0.3120375072337546,
    "std": 0.20791752401588365,
    "min": 0.09144941717386246,
    "max": 0.6913922429084778,
    "median": 0.18836918473243713
  }
}