{
  "model": "9_ensemble_fusion",
  "aspect": "BPO",
  "best_fmax": 0.4944629967212677,
  "final_epoch": 24,
  "interpretability_summary": {
    "text_gate": {
      "mean": 0.3429341012611985,
      "std": 0.39626532393221553,
      "min": 0.00739792175590992,
      "max": 0.9634019136428833,
      "median": 0.05248754471540451
    },
    "prott5_gate": {
      "mean": 0.6570659003589513,
      "std": 0.3962653212771362,
      "min": 0.036598123610019684,
      "max": 0.9926020503044128,
      "median": 0.9475125074386597
    },
    "simple_path_weight": {
      "mean": 0.23141151458587286,
      "std": 0.03690446539383888,
      "min": 0.20467887818813324,
      "max": 0.434491366147995,
      "median": 0.20467893779277802
    },
    "gated_path_weight": {
      "mean": 0.7685884952545166,
      "std": 0.036904474893121035,
      "min": 0.5655086040496826,
      "max": 0.7953211069107056,
      "median": 0.7953211069107056
    },
    "path_temperature": {
      "mean": 0.8351149885159619,
      "std": 0.1263503210915896,
      "min": 0.7367547154426575,
      "max": 1.0,
      "median": 0.7367547154426575
    },
    "gate_entropy": {
      "mean": 0.21553803173438557,
      "std": 0.16893754667179875,
      "min": 0.03281218558549881,
      "max": 0.6905653476715088,
      "median": 0.14206330478191376
    }
  }
}