{
  "model_type": "multimodal_fusion",
  "enabled_modalities": [
    "prott5",
    "text",
    "ppi"
  ],
  "aspect": "BPO",
  "num_go_terms": 3992,
  "num_parameters": 9771105,
  "seed": 42,
  "use_aux_heads": true,
  "config": {
    "hidden_dim": 512,
    "dropout": 0.3,
    "modality_dropout": 0.1,
    "aux_weight": 0.1,
    "lr": 0.001,
    "weight_decay": 0.01,
    "batch_size": 32,
    "max_epochs": 50,
    "patience": 7,
    "warmup_ratio": 0.1,
    "focal_gamma": 2.0,
    "focal_alpha": 0.25,
    "min_delta_fmax": 0.0001,
    "min_delta_loss": 0.0001,
    "normalize": "none"
  },
  "test_metrics": {
    "loss": 0.021924281648049753,
    "fmax": 0.5231833605866651,
    "threshold": 0.46535353535353535,
    "precision": 0.5490253261703752,
    "recall": 0.4996647389154297,
    "micro_auprc": 0.5145760323440293,
    "macro_auprc": 0.2154959370264194,
    "gate_prott5": 0.36951401829719543,
    "gate_text": 0.2173026204109192,
    "gate_ppi": 0.4131834805011749,
    "cafa_fmax": 0.592,
    "cafa_threshold": 0.56,
    "cafa_precision": 0.618,
    "cafa_recall": 0.569,
    "cafa_coverage": 1.0,
    "cafa_pr_micro": 0.581,
    "cafa_rc_micro": 0.476,
    "cafa_f_micro": 0.523,
    "cafa_smin": 18.604
  },
  "best_val_fmax": 0.5538962919546954,
  "loss_at_best_fmax": 0.03314482259253661,
  "best_epoch_by_fmax": 21,
  "total_epochs": 22,
  "train_size": 47691,
  "val_size": 5252,
  "test_size": 2392
}