{
  "model_type": "multimodal_fusion",
  "enabled_modalities": [
    "prott5",
    "text",
    "ppi"
  ],
  "aspect": "CCO",
  "num_go_terms": 551,
  "num_parameters": 2710173,
  "seed": 42,
  "use_aux_heads": true,
  "config": {
    "hidden_dim": 512,
    "dropout": 0.3,
    "modality_dropout": 0.1,
    "aux_weight": 0.1,
    "lr": 0.001,
    "weight_decay": 0.01,
    "batch_size": 32,
    "max_epochs": 50,
    "patience": 7,
    "warmup_ratio": 0.1,
    "focal_gamma": 2.0,
    "focal_alpha": 0.25,
    "min_delta_fmax": 0.0001,
    "min_delta_loss": 0.0001,
    "normalize": "none"
  },
  "test_metrics": {
    "loss": 0.05228800144977867,
    "fmax": 0.6376006313627911,
    "threshold": 0.5148484848484849,
    "precision": 0.6463133640552954,
    "recall": 0.6291196810167552,
    "micro_auprc": 0.6810453883137779,
    "macro_auprc": 0.2402538529946934,
    "gate_prott5": 0.39691072702407837,
    "gate_text": 0.12364079058170319,
    "gate_ppi": 0.4794486165046692,
    "cafa_fmax": 0.701,
    "cafa_threshold": 0.62,
    "cafa_precision": 0.723,
    "cafa_recall": 0.68,
    "cafa_coverage": 1.0,
    "cafa_pr_micro": 0.681,
    "cafa_rc_micro": 0.596,
    "cafa_f_micro": 0.636,
    "cafa_smin": 6.215
  },
  "best_val_fmax": 0.7525395729073019,
  "loss_at_best_fmax": 0.04017621433983246,
  "best_epoch_by_fmax": 15,
  "total_epochs": 18,
  "train_size": 45309,
  "val_size": 4985,
  "test_size": 1265
}