{
  "model_type": "simplified_pairwise_fusion",
  "modality_pair": "text_esm",
  "experiment_name": "text_esm_simplified_ppi",
  "aspect": "MFO",
  "num_go_terms": 677,
  "num_parameters": 2714280,
  "seed": 42,
  "use_ppi": true,
  "config": {
    "hidden_dim": 512,
    "dropout": 0.3,
    "entropy_weight": 0.0005,
    "lr": 0.001,
    "weight_decay": 0.01,
    "batch_size": 32,
    "max_epochs": 50,
    "patience": 5,
    "gradient_clip": 1.0,
    "warmup_ratio": 0.1,
    "focal_gamma": 2.0,
    "focal_alpha": 0.25
  },
  "test_metrics": {
    "fmax": 0.6105193442848424,
    "threshold": 0.38616161616161615,
    "precision": 0.6486454790664871,
    "recall": 0.5766263552960741,
    "micro_auprc": 0.6315863359250776,
    "macro_auprc": 0.40201293656981896,
    "gate1_mean": 0.5141270756721497,
    "gate2_mean": 0.48587286472320557,
    "cafa_fmax": 0.676,
    "cafa_threshold": 0.41,
    "cafa_precision": 0.72,
    "cafa_recall": 0.637,
    "cafa_coverage": 1.0,
    "cafa_pr_micro": 0.648,
    "cafa_rc_micro": 0.576,
    "cafa_f_micro": 0.61,
    "cafa_smin": 4.376
  },
  "best_val_fmax": 0.6754416708356382,
  "best_epoch": 29,
  "total_epochs": 34,
  "train_size": 32421,
  "val_size": 3587,
  "test_size": 1137
}