{
  "experiment_name": "prott5_esm_temp_0.5_learned",
  "modality_pair": "prott5_esm",
  "aspect": "CCO",
  "temperature_init": 0.5,
  "temperature_final": 0.6977037191390991,
  "learnable_temperature": true,
  "num_go_terms": 551,
  "seed": 42,
  "test_metrics": {
    "fmax": 0.6359471482139393,
    "threshold": 0.5544444444444444,
    "precision": 0.6806907824603746,
    "recall": 0.5967229456108617,
    "micro_auprc": 0.6814261362353183,
    "macro_auprc": 0.20680543922771585,
    "cafa_fmax": 0.7,
    "cafa_threshold": 0.61,
    "cafa_precision": 0.733,
    "cafa_recall": 0.67,
    "cafa_coverage": 1.0,
    "cafa_pr_micro": 0.699,
    "cafa_rc_micro": 0.581,
    "cafa_f_micro": 0.634,
    "cafa_smin": 6.191
  },
  "best_val_fmax": 0.7160786746715369,
  "best_epoch": 11,
  "total_epochs": 16
}