{
  "experiment_name": "prott5_esm_temp_0.5_fixed",
  "modality_pair": "prott5_esm",
  "aspect": "CCO",
  "temperature_init": 0.5,
  "temperature_final": 0.5,
  "learnable_temperature": false,
  "num_go_terms": 551,
  "seed": 42,
  "test_metrics": {
    "fmax": 0.6368057163152676,
    "threshold": 0.5445454545454546,
    "precision": 0.6788686697700616,
    "recall": 0.5996511120802405,
    "micro_auprc": 0.6829811794647582,
    "macro_auprc": 0.20240954619413865,
    "cafa_fmax": 0.701,
    "cafa_threshold": 0.59,
    "cafa_precision": 0.728,
    "cafa_recall": 0.676,
    "cafa_coverage": 1.0,
    "cafa_pr_micro": 0.692,
    "cafa_rc_micro": 0.589,
    "cafa_f_micro": 0.636,
    "cafa_smin": 6.167
  },
  "best_val_fmax": 0.7148970757069746,
  "best_epoch": 11,
  "total_epochs": 16
}