{
  "model_type": "ankh",
  "aspect": "CC",
  "similarity_threshold": 95,
  "num_go_terms": 800,
  "test_metrics": {
    "fmax": 0.6131137521526864,
    "threshold": 0.32676767676767676,
    "precision": 0.5955846256623886,
    "recall": 0.6317059956156923,
    "micro_auprc": 0.5541604583459485,
    "macro_auprc": 0.33968159288639926,
    "cafa_fmax": 0.727,
    "cafa_threshold": 0.38,
    "cafa_precision": 0.739,
    "cafa_recall": 0.715,
    "cafa_coverage": 0.994,
    "cafa_pr_micro": 0.706,
    "cafa_rc_micro": 0.651,
    "cafa_f_micro": 0.677,
    "cafa_smin": 5.601
  },
  "best_val_fmax": 0.6154415083263123,
  "best_epoch": 50,
  "total_epochs": 50,
  "train_size": 32222,
  "val_size": 3968,
  "test_size": 4066
}