{
  "experiment_name": "prott5_prostt5_temp_0.5_fixed",
  "modality_pair": "prott5_prostt5",
  "aspect": "BPO",
  "temperature_init": 0.5,
  "temperature_final": 0.5,
  "learnable_temperature": false,
  "num_go_terms": 3992,
  "seed": 42,
  "test_metrics": {
    "fmax": 0.49598603091187443,
    "threshold": 0.41585858585858587,
    "precision": 0.5041776700290048,
    "recall": 0.488056323862207,
    "micro_auprc": 0.4682020161932838,
    "macro_auprc": 0.1728675086094442,
    "cafa_fmax": 0.57,
    "cafa_threshold": 0.51,
    "cafa_precision": 0.581,
    "cafa_recall": 0.559,
    "cafa_coverage": 1.0,
    "cafa_pr_micro": 0.533,
    "cafa_rc_micro": 0.46,
    "cafa_f_micro": 0.494,
    "cafa_smin": 19.822
  },
  "best_val_fmax": 0.5088950065269503,
  "best_epoch": 25,
  "total_epochs": 30
}