{
  "model_type": "simplified_pairwise_fusion",
  "modality_pair": "prott5_esm",
  "experiment_name": "prott5_esm_simplified_ppi",
  "aspect": "BPO",
  "num_go_terms": 3992,
  "num_parameters": 4545947,
  "seed": 42,
  "use_ppi": true,
  "config": {
    "hidden_dim": 512,
    "dropout": 0.3,
    "entropy_weight": 0.0005,
    "lr": 0.001,
    "weight_decay": 0.01,
    "batch_size": 32,
    "max_epochs": 50,
    "patience": 5,
    "gradient_clip": 1.0,
    "warmup_ratio": 0.1,
    "focal_gamma": 2.0,
    "focal_alpha": 0.25
  },
  "test_metrics": {
    "fmax": 0.5178304520729072,
    "threshold": 0.37626262626262624,
    "precision": 0.5415986700626831,
    "recall": 0.4960606822563064,
    "micro_auprc": 0.49033943463890206,
    "macro_auprc": 0.20125666331487624,
    "gate1_mean": 0.5521101951599121,
    "gate2_mean": 0.4478898048400879,
    "cafa_fmax": 0.582,
    "cafa_threshold": 0.41,
    "cafa_precision": 0.595,
    "cafa_recall": 0.569,
    "cafa_coverage": 1.0,
    "cafa_pr_micro": 0.562,
    "cafa_rc_micro": 0.486,
    "cafa_f_micro": 0.521,
    "cafa_smin": 18.765
  },
  "best_val_fmax": 0.5528141285073622,
  "best_epoch": 35,
  "total_epochs": 40,
  "train_size": 47691,
  "val_size": 5252,
  "test_size": 2392
}