{
  "model_type": "simplified_pairwise_fusion",
  "modality_pair": "text_esm",
  "experiment_name": "text_esm_simplified",
  "aspect": "BPO",
  "num_go_terms": 3992,
  "num_parameters": 3888283,
  "seed": 42,
  "use_ppi": false,
  "config": {
    "hidden_dim": 512,
    "dropout": 0.3,
    "entropy_weight": 0.0005,
    "lr": 0.001,
    "weight_decay": 0.01,
    "batch_size": 32,
    "max_epochs": 50,
    "patience": 5,
    "gradient_clip": 1.0,
    "warmup_ratio": 0.1,
    "focal_gamma": 2.0,
    "focal_alpha": 0.25
  },
  "test_metrics": {
    "fmax": 0.5019793795994387,
    "threshold": 0.38616161616161615,
    "precision": 0.5218433429811858,
    "recall": 0.4835722068560885,
    "micro_auprc": 0.4854838686624224,
    "macro_auprc": 0.17321494100792006,
    "gate1_mean": 0.5029242038726807,
    "gate2_mean": 0.49707579612731934,
    "cafa_fmax": 0.572,
    "cafa_threshold": 0.42,
    "cafa_precision": 0.586,
    "cafa_recall": 0.559,
    "cafa_coverage": 1.0,
    "cafa_pr_micro": 0.554,
    "cafa_rc_micro": 0.455,
    "cafa_f_micro": 0.5,
    "cafa_smin": 19.523
  },
  "best_val_fmax": 0.509813856022978,
  "best_epoch": 28,
  "total_epochs": 33,
  "train_size": 47691,
  "val_size": 5252,
  "test_size": 2392
}