{
  "experiment_name": "prott5_prostt5_temp_2.0_fixed",
  "modality_pair": "prott5_prostt5",
  "aspect": "MFO",
  "temperature_init": 2.0,
  "temperature_final": 2.0,
  "learnable_temperature": false,
  "num_go_terms": 677,
  "seed": 42,
  "test_metrics": {
    "fmax": 0.6139580818112089,
    "threshold": 0.5742424242424242,
    "precision": 0.648019457956907,
    "recall": 0.5832985821517871,
    "micro_auprc": 0.6383533654106643,
    "macro_auprc": 0.4169208291219268,
    "cafa_fmax": 0.676,
    "cafa_threshold": 0.64,
    "cafa_precision": 0.723,
    "cafa_recall": 0.635,
    "cafa_coverage": 1.0,
    "cafa_pr_micro": 0.652,
    "cafa_rc_micro": 0.581,
    "cafa_f_micro": 0.614,
    "cafa_smin": 4.352
  },
  "best_val_fmax": 0.6652489493961767,
  "best_epoch": 24,
  "total_epochs": 29
}