{
  "model_type": "multimodal_fusion",
  "enabled_modalities": [
    "prott5"
  ],
  "aspect": "MFO",
  "num_go_terms": 677,
  "num_parameters": 1615691,
  "seed": 42,
  "use_aux_heads": true,
  "config": {
    "hidden_dim": 512,
    "dropout": 0.3,
    "modality_dropout": 0.1,
    "aux_weight": 0.1,
    "lr": 0.001,
    "weight_decay": 0.01,
    "batch_size": 32,
    "max_epochs": 50,
    "patience": 7,
    "warmup_ratio": 0.1,
    "focal_gamma": 2.0,
    "focal_alpha": 0.25,
    "min_delta_fmax": 0.0001,
    "min_delta_loss": 0.0001,
    "normalize": "none"
  },
  "test_metrics": {
    "loss": 0.029207982795519963,
    "fmax": 0.6160295658390699,
    "threshold": 0.4851515151515151,
    "precision": 0.6540939440084262,
    "recall": 0.5821517931609614,
    "micro_auprc": 0.6504870070702771,
    "macro_auprc": 0.4136587988853848,
    "gate_prott5": 1.0,
    "cafa_fmax": 0.678,
    "cafa_threshold": 0.53,
    "cafa_precision": 0.727,
    "cafa_recall": 0.636,
    "cafa_coverage": 1.0,
    "cafa_pr_micro": 0.659,
    "cafa_rc_micro": 0.577,
    "cafa_f_micro": 0.615,
    "cafa_smin": 4.315
  },
  "best_val_fmax": 0.656931464124674,
  "loss_at_best_fmax": 0.03341496035258854,
  "best_epoch_by_fmax": 19,
  "total_epochs": 21,
  "train_size": 32421,
  "val_size": 3587,
  "test_size": 1137
}