{
  "model_type": "simplified_pairwise_fusion",
  "modality_pair": "prott5_esm",
  "experiment_name": "prott5_esm_simplified",
  "aspect": "BPO",
  "num_go_terms": 3992,
  "num_parameters": 4019355,
  "seed": 42,
  "use_ppi": false,
  "config": {
    "hidden_dim": 512,
    "dropout": 0.3,
    "entropy_weight": 0.0005,
    "lr": 0.001,
    "weight_decay": 0.01,
    "batch_size": 32,
    "max_epochs": 50,
    "patience": 5,
    "gradient_clip": 1.0,
    "warmup_ratio": 0.1,
    "focal_gamma": 2.0,
    "focal_alpha": 0.25
  },
  "test_metrics": {
    "fmax": 0.4961684646746535,
    "threshold": 0.3564646464646465,
    "precision": 0.4849988660770261,
    "recall": 0.5078646662755281,
    "micro_auprc": 0.4800766282219745,
    "macro_auprc": 0.17097199367307955,
    "gate1_mean": 0.497108519077301,
    "gate2_mean": 0.502891480922699,
    "cafa_fmax": 0.565,
    "cafa_threshold": 0.42,
    "cafa_precision": 0.6,
    "cafa_recall": 0.533,
    "cafa_coverage": 1.0,
    "cafa_pr_micro": 0.566,
    "cafa_rc_micro": 0.429,
    "cafa_f_micro": 0.488,
    "cafa_smin": 19.639
  },
  "best_val_fmax": 0.5057882604622171,
  "best_epoch": 28,
  "total_epochs": 33,
  "train_size": 47691,
  "val_size": 5252,
  "test_size": 2392
}