{
  "experiment_name": "text_prott5_temp_2.0_fixed",
  "modality_pair": "text_prott5",
  "aspect": "BPO",
  "temperature_init": 2.0,
  "temperature_final": 2.0,
  "learnable_temperature": false,
  "num_go_terms": 3992,
  "seed": 42,
  "test_metrics": {
    "fmax": 0.5021887882538046,
    "threshold": 0.44555555555555554,
    "precision": 0.5093981720986369,
    "recall": 0.49518062190931117,
    "micro_auprc": 0.49092617035775454,
    "macro_auprc": 0.17864402026227275,
    "cafa_fmax": 0.579,
    "cafa_threshold": 0.57,
    "cafa_precision": 0.613,
    "cafa_recall": 0.548,
    "cafa_coverage": 1.0,
    "cafa_pr_micro": 0.565,
    "cafa_rc_micro": 0.452,
    "cafa_f_micro": 0.502,
    "cafa_smin": 19.186
  },
  "best_val_fmax": 0.5164471444907507,
  "best_epoch": 18,
  "total_epochs": 23
}