{
  "model_type": "simplified_pairwise_fusion",
  "modality_pair": "prott5_prostt5",
  "experiment_name": "prott5_prostt5_simplified_ppi",
  "aspect": "BPO",
  "num_go_terms": 3992,
  "num_parameters": 4414875,
  "seed": 42,
  "use_ppi": true,
  "config": {
    "hidden_dim": 512,
    "dropout": 0.3,
    "entropy_weight": 0.0005,
    "lr": 0.001,
    "weight_decay": 0.01,
    "batch_size": 32,
    "max_epochs": 50,
    "patience": 5,
    "gradient_clip": 1.0,
    "warmup_ratio": 0.1,
    "focal_gamma": 2.0,
    "focal_alpha": 0.25
  },
  "test_metrics": {
    "fmax": 0.5203586410623652,
    "threshold": 0.37626262626262624,
    "precision": 0.5599040890877189,
    "recall": 0.48603078814293227,
    "micro_auprc": 0.5125125185859909,
    "macro_auprc": 0.19922052175218674,
    "gate1_mean": 0.5154203176498413,
    "gate2_mean": 0.4845796823501587,
    "cafa_fmax": 0.586,
    "cafa_threshold": 0.41,
    "cafa_precision": 0.62,
    "cafa_recall": 0.555,
    "cafa_coverage": 1.0,
    "cafa_pr_micro": 0.588,
    "cafa_rc_micro": 0.466,
    "cafa_f_micro": 0.52,
    "cafa_smin": 18.64
  },
  "best_val_fmax": 0.5449156680581831,
  "best_epoch": 17,
  "total_epochs": 22,
  "train_size": 47691,
  "val_size": 5252,
  "test_size": 2392
}