{
  "model_type": "pairwise_adaptive_fusion_with_ppi",
  "modality_pair": "prott5_esm",
  "experiment_name": "prott5_esm_fusion_ppi_nolosses",
  "aspect": "MFO",
  "num_go_terms": 677,
  "num_parameters": 5555114,
  "seed": 42,
  "use_ppi": true,
  "regularization": {
    "diversity_loss": false,
    "diversity_weight": null,
    "gate_entropy": false,
    "gate_entropy_weight": null
  },
  "test_metrics": {
    "fmax": 0.6102127659074612,
    "threshold": 0.4851515151515151,
    "precision": 0.6229365768896544,
    "recall": 0.5979983319432798,
    "micro_auprc": 0.6310761925268947,
    "macro_auprc": 0.42533252976163505,
    "gate_prott5_mean": 0.928248941898346,
    "gate_prott5_std": 0.12729546427726746,
    "gate_esm_mean": 0.07175114005804062,
    "gate_esm_std": 0.12729546427726746,
    "cafa_fmax": 0.673,
    "cafa_threshold": 0.56,
    "cafa_precision": 0.7,
    "cafa_recall": 0.648,
    "cafa_coverage": 1.0,
    "cafa_pr_micro": 0.63,
    "cafa_rc_micro": 0.596,
    "cafa_f_micro": 0.613,
    "cafa_smin": 4.403
  },
  "best_val_fmax": 0.6762667875631322,
  "best_epoch": 28,
  "total_epochs": 33,
  "train_size": 32421,
  "val_size": 3587,
  "test_size": 1137
}