{
  "model_type": "multimodal_fusion",
  "enabled_modalities": [
    "prott5",
    "esm",
    "text",
    "struct"
  ],
  "aspect": "BPO",
  "num_go_terms": 3992,
  "num_parameters": 12475897,
  "seed": 42,
  "use_aux_heads": true,
  "config": {
    "hidden_dim": 512,
    "dropout": 0.3,
    "modality_dropout": 0.1,
    "aux_weight": 0.1,
    "lr": 0.001,
    "weight_decay": 0.01,
    "batch_size": 32,
    "max_epochs": 50,
    "patience": 7,
    "warmup_ratio": 0.1,
    "focal_gamma": 2.0,
    "focal_alpha": 0.25,
    "min_delta_fmax": 0.0001,
    "min_delta_loss": 0.0001,
    "normalize": "none"
  },
  "test_metrics": {
    "loss": 0.022254671671738228,
    "fmax": 0.5085573111706497,
    "threshold": 0.43565656565656563,
    "precision": 0.5460227910182223,
    "recall": 0.47590310954655873,
    "micro_auprc": 0.49095294006269785,
    "macro_auprc": 0.17720234309608998,
    "gate_prott5": 0.46343857049942017,
    "gate_esm": 0.18879291415214539,
    "gate_text": 0.3467295467853546,
    "gate_struct": 0.0010389963863417506,
    "cafa_fmax": 0.585,
    "cafa_threshold": 0.51,
    "cafa_precision": 0.608,
    "cafa_recall": 0.563,
    "cafa_coverage": 1.0,
    "cafa_pr_micro": 0.577,
    "cafa_rc_micro": 0.455,
    "cafa_f_micro": 0.509,
    "cafa_smin": 19.033
  },
  "best_val_fmax": 0.514273223837097,
  "loss_at_best_fmax": 0.03570087962981426,
  "best_epoch_by_fmax": 20,
  "total_epochs": 20,
  "train_size": 47691,
  "val_size": 5252,
  "test_size": 2392
}