{
  "model_type": "multimodal_fusion",
  "enabled_modalities": [
    "prott5",
    "ppi"
  ],
  "aspect": "MFO",
  "num_go_terms": 677,
  "num_parameters": 2226672,
  "seed": 42,
  "use_aux_heads": true,
  "config": {
    "hidden_dim": 512,
    "dropout": 0.3,
    "modality_dropout": 0.1,
    "aux_weight": 0.1,
    "lr": 0.001,
    "weight_decay": 0.01,
    "batch_size": 32,
    "max_epochs": 50,
    "patience": 7,
    "warmup_ratio": 0.1,
    "focal_gamma": 2.0,
    "focal_alpha": 0.25,
    "min_delta_fmax": 0.0001,
    "min_delta_loss": 0.0001,
    "normalize": "none"
  },
  "test_metrics": {
    "loss": 0.03050567354593012,
    "fmax": 0.6035690824988381,
    "threshold": 0.46535353535353535,
    "precision": 0.6354310742277474,
    "recall": 0.5747497914929047,
    "micro_auprc": 0.639937738617048,
    "macro_auprc": 0.41060283773646417,
    "gate_prott5": 0.5781004428863525,
    "gate_ppi": 0.421899676322937,
    "cafa_fmax": 0.66,
    "cafa_threshold": 0.49,
    "cafa_precision": 0.694,
    "cafa_recall": 0.628,
    "cafa_coverage": 1.0,
    "cafa_pr_micro": 0.627,
    "cafa_rc_micro": 0.583,
    "cafa_f_micro": 0.604,
    "cafa_smin": 4.439
  },
  "best_val_fmax": 0.6655822184708771,
  "loss_at_best_fmax": 0.03354919640825386,
  "best_epoch_by_fmax": 17,
  "total_epochs": 18,
  "train_size": 32421,
  "val_size": 3587,
  "test_size": 1137
}