{
  "model_type": "dual_adaptive_fusion",
  "aspect": "BPO",
  "num_go_terms": 3992,
  "seed": 42,
  "use_diversity_loss": true,
  "diversity_weight": 0.02,
  "test_metrics": {
    "fmax": 0.5118385952807539,
    "threshold": 0.45545454545454545,
    "precision": 0.5273583927222074,
    "recall": 0.4972061576285859,
    "micro_auprc": 0.4954011935992041,
    "macro_auprc": 0.17540418713485434,
    "cafa_fmax": 0.584,
    "cafa_threshold": 0.52,
    "cafa_precision": 0.587,
    "cafa_recall": 0.58,
    "cafa_coverage": 1.0,
    "cafa_pr_micro": 0.549,
    "cafa_rc_micro": 0.479,
    "cafa_f_micro": 0.511,
    "cafa_smin": 19.119
  },
  "best_val_fmax": 0.5167534811350599,
  "best_epoch": 18,
  "total_epochs": 23,
  "train_size": 47691,
  "val_size": 5252,
  "test_size": 2392
}