{
  "model_type": "simplified_pairwise_fusion",
  "modality_pair": "prott5_prostt5",
  "experiment_name": "prott5_prostt5_simplified",
  "aspect": "CCO",
  "num_go_terms": 551,
  "num_parameters": 2123050,
  "seed": 42,
  "use_ppi": false,
  "config": {
    "hidden_dim": 512,
    "dropout": 0.3,
    "entropy_weight": 0.0005,
    "lr": 0.001,
    "weight_decay": 0.01,
    "batch_size": 32,
    "max_epochs": 50,
    "patience": 5,
    "gradient_clip": 1.0,
    "warmup_ratio": 0.1,
    "focal_gamma": 2.0,
    "focal_alpha": 0.25
  },
  "test_metrics": {
    "fmax": 0.6365546897234197,
    "threshold": 0.40595959595959596,
    "precision": 0.6616480709772774,
    "recall": 0.613295121799261,
    "micro_auprc": 0.6713959849495201,
    "macro_auprc": 0.21367638323428562,
    "gate1_mean": 0.5118436217308044,
    "gate2_mean": 0.48815637826919556,
    "cafa_fmax": 0.7,
    "cafa_threshold": 0.43,
    "cafa_precision": 0.722,
    "cafa_recall": 0.68,
    "cafa_coverage": 1.0,
    "cafa_pr_micro": 0.687,
    "cafa_rc_micro": 0.593,
    "cafa_f_micro": 0.637,
    "cafa_smin": 6.185
  },
  "best_val_fmax": 0.7128524000307367,
  "best_epoch": 23,
  "total_epochs": 28,
  "train_size": 45309,
  "val_size": 4985,
  "test_size": 1265
}