{
  "model_type": "pairwise_with_ppi",
  "modality_pair": "text_prott5",
  "use_ppi": true,
  "aspect": "BPO",
  "num_go_terms": 3992,
  "num_parameters": 8690845,
  "seed": 42,
  "regularization": {
    "diversity_loss": true,
    "diversity_weight": 0.01,
    "gate_entropy": true,
    "gate_entropy_weight": 0.001
  },
  "test_metrics": {
    "fmax": 0.5243648750995649,
    "threshold": 0.46535353535353535,
    "precision": 0.5449313788999525,
    "recall": 0.5052943312938277,
    "micro_auprc": 0.5114347844763641,
    "macro_auprc": 0.20531300576923783,
    "text_mean": 0.5016464591026306,
    "text_std": 0.04434638470411301,
    "prott5_mean": 0.4983535408973694,
    "prott5_std": 0.04434638470411301,
    "cafa_fmax": 0.6,
    "cafa_threshold": 0.58,
    "cafa_precision": 0.623,
    "cafa_recall": 0.579,
    "cafa_coverage": 1.0,
    "cafa_pr_micro": 0.576,
    "cafa_rc_micro": 0.484,
    "cafa_f_micro": 0.526,
    "cafa_smin": 18.532
  },
  "best_val_fmax": 0.5557855900789794,
  "best_epoch": 18,
  "total_epochs": 23,
  "dataset_sizes": {
    "train": 47691,
    "val": 5252,
    "test": 2392
  }
}