{
  "experiment_name": "text_esm_temp_1.5_learned",
  "modality_pair": "text_esm",
  "aspect": "MFO",
  "temperature_init": 1.5,
  "temperature_final": 1.6325517892837524,
  "learnable_temperature": true,
  "num_go_terms": 677,
  "seed": 42,
  "test_metrics": {
    "fmax": 0.5995518390494169,
    "threshold": 0.5049494949494949,
    "precision": 0.6300976450315838,
    "recall": 0.5718306922435303,
    "micro_auprc": 0.6341805301154054,
    "macro_auprc": 0.4111365647008889,
    "cafa_fmax": 0.663,
    "cafa_threshold": 0.52,
    "cafa_precision": 0.685,
    "cafa_recall": 0.642,
    "cafa_coverage": 1.0,
    "cafa_pr_micro": 0.618,
    "cafa_rc_micro": 0.584,
    "cafa_f_micro": 0.601,
    "cafa_smin": 4.517
  },
  "best_val_fmax": 0.6566715098960244,
  "best_epoch": 17,
  "total_epochs": 22
}