{
  "model_type": "pairwise_adaptive_fusion_with_ppi",
  "modality_pair": "text_prott5",
  "experiment_name": "text_prott5_fusion_ppi",
  "aspect": "MFO",
  "num_go_terms": 677,
  "num_parameters": 5292970,
  "seed": 42,
  "use_ppi": true,
  "regularization": {
    "diversity_loss": false,
    "diversity_weight": null,
    "gate_entropy": true,
    "gate_entropy_weight": 0.001
  },
  "test_metrics": {
    "fmax": 0.6011393060090326,
    "threshold": 0.39606060606060606,
    "precision": 0.597242230911704,
    "recall": 0.605087572977475,
    "micro_auprc": 0.6279795569064326,
    "macro_auprc": 0.41998663345458026,
    "gate_text_mean": 0.4601910710334778,
    "gate_text_std": 0.0603012852370739,
    "gate_prott5_mean": 0.5398089289665222,
    "gate_prott5_std": 0.0603012815117836,
    "cafa_fmax": 0.667,
    "cafa_threshold": 0.48,
    "cafa_precision": 0.676,
    "cafa_recall": 0.658,
    "cafa_coverage": 1.0,
    "cafa_pr_micro": 0.605,
    "cafa_rc_micro": 0.598,
    "cafa_f_micro": 0.602,
    "cafa_smin": 4.519
  },
  "best_val_fmax": 0.6779555422147793,
  "best_epoch": 19,
  "total_epochs": 24,
  "train_size": 32421,
  "val_size": 3587,
  "test_size": 1137
}