{
  "experiment_name": "prott5_esm_temp_1.5_fixed",
  "modality_pair": "prott5_esm",
  "aspect": "CCO",
  "temperature_init": 1.5,
  "temperature_final": 1.5,
  "learnable_temperature": false,
  "num_go_terms": 551,
  "seed": 42,
  "test_metrics": {
    "fmax": 0.6359732347449983,
    "threshold": 0.5445454545454546,
    "precision": 0.6828710323134066,
    "recall": 0.5951031088405669,
    "micro_auprc": 0.6818019000556186,
    "macro_auprc": 0.20745875547887516,
    "cafa_fmax": 0.701,
    "cafa_threshold": 0.6,
    "cafa_precision": 0.737,
    "cafa_recall": 0.668,
    "cafa_coverage": 1.0,
    "cafa_pr_micro": 0.702,
    "cafa_rc_micro": 0.58,
    "cafa_f_micro": 0.635,
    "cafa_smin": 6.181
  },
  "best_val_fmax": 0.713485672693457,
  "best_epoch": 11,
  "total_epochs": 16
}