{
  "description": "Full model with all components (BASELINE - should match previous results)",
  "config": {
    "model_class": "SimplifiedPairwiseFusion",
    "use_ppi": true,
    "entropy_weight": 0.0005,
    "use_focal_loss": true,
    "description": "Full model with all components (BASELINE - should match previous results)"
  },
  "results": {
    "BPO": {
      "test_fmax": 0.5301139095544761,
      "test_threshold": 0.37626262626262624,
      "test_precision": 0.5451834354469616,
      "test_recall": 0.5158550554577703,
      "test_micro_auprc": 0.5229835033936943,
      "test_macro_auprc": 0.2110406654685816,
      "test_gate1": 0.5009757192929586,
      "test_gate2": 0.49902427633603413,
      "best_val_fmax": 0.5535143912954673,
      "best_epoch": 19,
      "total_epochs": 24,
      "cafa_fmax": 0.598,
      "cafa_threshold": 0.43,
      "cafa_precision": 0.635,
      "cafa_recall": 0.565,
      "cafa_coverage": 1.0,
      "cafa_pr_micro": 0.601,
      "cafa_rc_micro": 0.476,
      "cafa_f_micro": 0.531,
      "cafa_smin": 18.231
    },
    "CCO": {
      "test_fmax": 0.6286180698941192,
      "test_threshold": 0.40595959595959596,
      "test_precision": 0.6335505916598074,
      "test_recall": 0.6237617593919343,
      "test_micro_auprc": 0.6745644886964799,
      "test_macro_auprc": 0.2468400592895249,
      "test_gate1": 0.5172936350107193,
      "test_gate2": 0.48270636796951294,
      "best_val_fmax": 0.7523187119711023,
      "best_epoch": 18,
      "total_epochs": 23,
      "cafa_fmax": 0.695,
      "cafa_threshold": 0.46,
      "cafa_precision": 0.727,
      "cafa_recall": 0.665,
      "cafa_coverage": 1.0,
      "cafa_pr_micro": 0.677,
      "cafa_rc_micro": 0.585,
      "cafa_f_micro": 0.628,
      "cafa_smin": 6.348
    },
    "MFO": {
      "test_fmax": 0.6133517299436417,
      "test_threshold": 0.37626262626262624,
      "test_precision": 0.624621703415471,
      "test_recall": 0.602481234361962,
      "test_micro_auprc": 0.6271212784655571,
      "test_macro_auprc": 0.41435090932963875,
      "test_gate1": 0.5050025085608164,
      "test_gate2": 0.4949974881278144,
      "best_val_fmax": 0.6827239335539295,
      "best_epoch": 44,
      "total_epochs": 49,
      "cafa_fmax": 0.675,
      "cafa_threshold": 0.37,
      "cafa_precision": 0.668,
      "cafa_recall": 0.681,
      "cafa_coverage": 1.0,
      "cafa_pr_micro": 0.603,
      "cafa_rc_micro": 0.622,
      "cafa_f_micro": 0.612,
      "cafa_smin": 4.388
    }
  }
}