{
  "description": "Without PPI integration",
  "config": {
    "model_class": "SimplifiedPairwiseFusion",
    "use_ppi": false,
    "entropy_weight": 0.0005,
    "use_focal_loss": true,
    "description": "Without PPI integration"
  },
  "results": {
    "BPO": {
      "test_fmax": 0.5143932549939632,
      "test_threshold": 0.40595959595959596,
      "test_precision": 0.5577758187220417,
      "test_recall": 0.4772720923085513,
      "test_micro_auprc": 0.5055017170289356,
      "test_macro_auprc": 0.1814555481121658,
      "test_gate1": 0.49623514493306475,
      "test_gate2": 0.5037648578484853,
      "best_val_fmax": 0.5162719218448303,
      "best_epoch": 22,
      "total_epochs": 27,
      "cafa_fmax": 0.59,
      "cafa_threshold": 0.44,
      "cafa_precision": 0.64,
      "cafa_recall": 0.547,
      "cafa_coverage": 1.0,
      "cafa_pr_micro": 0.605,
      "cafa_rc_micro": 0.45,
      "cafa_f_micro": 0.516,
      "cafa_smin": 18.663
    },
    "CCO": {
      "test_fmax": 0.6361280892406758,
      "test_threshold": 0.41585858585858587,
      "test_precision": 0.6813491781114305,
      "test_recall": 0.5965360413681353,
      "test_micro_auprc": 0.683134599952568,
      "test_macro_auprc": 0.2259185002278595,
      "test_gate1": 0.5159783802926541,
      "test_gate2": 0.48402161449193953,
      "best_val_fmax": 0.7174751862047766,
      "best_epoch": 16,
      "total_epochs": 21,
      "cafa_fmax": 0.695,
      "cafa_threshold": 0.43,
      "cafa_precision": 0.718,
      "cafa_recall": 0.672,
      "cafa_coverage": 1.0,
      "cafa_pr_micro": 0.69,
      "cafa_rc_micro": 0.587,
      "cafa_f_micro": 0.635,
      "cafa_smin": 6.213
    },
    "MFO": {
      "test_fmax": 0.6145460738730616,
      "test_threshold": 0.4257575757575757,
      "test_precision": 0.6747288368033827,
      "test_recall": 0.5642201834862326,
      "test_micro_auprc": 0.6407662974145925,
      "test_macro_auprc": 0.406393465494843,
      "test_gate1": 0.5084449839260843,
      "test_gate2": 0.4915550160739157,
      "best_val_fmax": 0.6633916744399412,
      "best_epoch": 25,
      "total_epochs": 30,
      "cafa_fmax": 0.687,
      "cafa_threshold": 0.43,
      "cafa_precision": 0.742,
      "cafa_recall": 0.64,
      "cafa_coverage": 1.0,
      "cafa_pr_micro": 0.657,
      "cafa_rc_micro": 0.578,
      "cafa_f_micro": 0.615,
      "cafa_smin": 4.341
    }
  }
}