{
  "description": "With PPI but no learnable missing embedding (zeros)",
  "config": {
    "model_class": "NoLearnablePPI",
    "use_ppi": true,
    "entropy_weight": 0.0005,
    "use_focal_loss": true,
    "description": "With PPI but no learnable missing embedding (zeros)"
  },
  "results": {
    "BPO": {
      "test_fmax": 0.5158607097331346,
      "test_threshold": 0.38616161616161615,
      "test_precision": 0.535888480761124,
      "test_recall": 0.4972760036878712,
      "test_micro_auprc": 0.49532371744362735,
      "test_macro_auprc": 0.2127295663484794,
      "test_gate1": 0.48824042876561485,
      "test_gate2": 0.511759561697642,
      "best_val_fmax": 0.5555365582774409,
      "best_epoch": 44,
      "total_epochs": 49,
      "cafa_fmax": 0.581,
      "cafa_threshold": 0.43,
      "cafa_precision": 0.595,
      "cafa_recall": 0.567,
      "cafa_coverage": 1.0,
      "cafa_pr_micro": 0.558,
      "cafa_rc_micro": 0.482,
      "cafa_f_micro": 0.517,
      "cafa_smin": 18.864
    },
    "CCO": {
      "test_fmax": 0.624480726449908,
      "test_threshold": 0.40595959595959596,
      "test_precision": 0.6463138248233525,
      "test_recall": 0.6040745124914297,
      "test_micro_auprc": 0.6680871343724508,
      "test_macro_auprc": 0.2347570806898727,
      "test_gate1": 0.48359945341944693,
      "test_gate2": 0.5164005510509014,
      "best_val_fmax": 0.7500491086275454,
      "best_epoch": 25,
      "total_epochs": 30,
      "cafa_fmax": 0.686,
      "cafa_threshold": 0.43,
      "cafa_precision": 0.695,
      "cafa_recall": 0.677,
      "cafa_coverage": 1.0,
      "cafa_pr_micro": 0.654,
      "cafa_rc_micro": 0.598,
      "cafa_f_micro": 0.625,
      "cafa_smin": 6.439
    },
    "MFO": {
      "test_fmax": 0.6155091467850886,
      "test_threshold": 0.38616161616161615,
      "test_precision": 0.6379908267143904,
      "test_recall": 0.5945579649708028,
      "test_micro_auprc": 0.6354801530983776,
      "test_macro_auprc": 0.42515217793532367,
      "test_gate1": 0.5098349559638236,
      "test_gate2": 0.4901650415526496,
      "best_val_fmax": 0.6842173652663733,
      "best_epoch": 46,
      "total_epochs": 50,
      "cafa_fmax": 0.683,
      "cafa_threshold": 0.43,
      "cafa_precision": 0.716,
      "cafa_recall": 0.652,
      "cafa_coverage": 1.0,
      "cafa_pr_micro": 0.645,
      "cafa_rc_micro": 0.59,
      "cafa_f_micro": 0.616,
      "cafa_smin": 4.359
    }
  }
}