{
  "description": "No entropy regularization (may cause gate collapse)",
  "config": {
    "model_class": "SimplifiedPairwiseFusion",
    "use_ppi": false,
    "entropy_weight": 0.0,
    "use_focal_loss": true,
    "description": "No entropy regularization (may cause gate collapse)"
  },
  "results": {
    "BPO": {
      "test_fmax": 0.5155774337216629,
      "test_threshold": 0.38616161616161615,
      "test_precision": 0.5317301269205069,
      "test_recall": 0.5003771687201402,
      "test_micro_auprc": 0.5079569907799963,
      "test_macro_auprc": 0.17616752039121372,
      "test_gate1": 0.4066168332099915,
      "test_gate2": 0.5933831723531088,
      "best_val_fmax": 0.516343001905884,
      "best_epoch": 22,
      "total_epochs": 27,
      "cafa_fmax": 0.587,
      "cafa_threshold": 0.43,
      "cafa_precision": 0.62,
      "cafa_recall": 0.558,
      "cafa_coverage": 1.0,
      "cafa_pr_micro": 0.587,
      "cafa_rc_micro": 0.457,
      "cafa_f_micro": 0.514,
      "cafa_smin": 18.86
    },
    "CCO": {
      "test_fmax": 0.6393191377855636,
      "test_threshold": 0.41585858585858587,
      "test_precision": 0.6707033388067825,
      "test_recall": 0.6107407638153348,
      "test_micro_auprc": 0.6815201715161834,
      "test_macro_auprc": 0.22071001389641434,
      "test_gate1": 0.3357673741877079,
      "test_gate2": 0.6642326265573502,
      "best_val_fmax": 0.7180335150911039,
      "best_epoch": 21,
      "total_epochs": 26,
      "cafa_fmax": 0.701,
      "cafa_threshold": 0.42,
      "cafa_precision": 0.7,
      "cafa_recall": 0.703,
      "cafa_coverage": 1.0,
      "cafa_pr_micro": 0.664,
      "cafa_rc_micro": 0.616,
      "cafa_f_micro": 0.639,
      "cafa_smin": 6.208
    },
    "MFO": {
      "test_fmax": 0.6063708139985545,
      "test_threshold": 0.41585858585858587,
      "test_precision": 0.634674569702489,
      "test_recall": 0.5804837364470331,
      "test_micro_auprc": 0.6317884636337895,
      "test_macro_auprc": 0.41004864053674783,
      "test_gate1": 0.42617282188600963,
      "test_gate2": 0.5738271706634097,
      "best_val_fmax": 0.6656168520554037,
      "best_epoch": 26,
      "total_epochs": 31,
      "cafa_fmax": 0.677,
      "cafa_threshold": 0.42,
      "cafa_precision": 0.699,
      "cafa_recall": 0.657,
      "cafa_coverage": 1.0,
      "cafa_pr_micro": 0.618,
      "cafa_rc_micro": 0.593,
      "cafa_f_micro": 0.605,
      "cafa_smin": 4.457
    }
  }
}