{
  "description": "No residual connections in gating",
  "config": {
    "model_class": "NoResidualGating",
    "use_ppi": false,
    "entropy_weight": 0.0005,
    "use_focal_loss": true,
    "description": "No residual connections in gating"
  },
  "results": {
    "BPO": {
      "test_fmax": 0.5183704618463639,
      "test_threshold": 0.38616161616161615,
      "test_precision": 0.5403112168366179,
      "test_recall": 0.49814209482300936,
      "test_micro_auprc": 0.5072126066476405,
      "test_macro_auprc": 0.18502702805636714,
      "test_gate1": 0.4993863769372304,
      "test_gate2": 0.5006136258443197,
      "best_val_fmax": 0.5167118946988176,
      "best_epoch": 22,
      "total_epochs": 27,
      "cafa_fmax": 0.589,
      "cafa_threshold": 0.42,
      "cafa_precision": 0.614,
      "cafa_recall": 0.566,
      "cafa_coverage": 1.0,
      "cafa_pr_micro": 0.58,
      "cafa_rc_micro": 0.469,
      "cafa_f_micro": 0.519,
      "cafa_smin": 18.74
    },
    "CCO": {
      "test_fmax": 0.6334777227222756,
      "test_threshold": 0.38616161616161615,
      "test_precision": 0.6292335115864489,
      "test_recall": 0.6377795775964075,
      "test_micro_auprc": 0.6815410532346539,
      "test_macro_auprc": 0.23031958596973512,
      "test_gate1": 0.5123392686247825,
      "test_gate2": 0.48766073286533357,
      "best_val_fmax": 0.717236354755431,
      "best_epoch": 16,
      "total_epochs": 21,
      "cafa_fmax": 0.692,
      "cafa_threshold": 0.43,
      "cafa_precision": 0.71,
      "cafa_recall": 0.675,
      "cafa_coverage": 1.0,
      "cafa_pr_micro": 0.68,
      "cafa_rc_micro": 0.588,
      "cafa_f_micro": 0.631,
      "cafa_smin": 6.29
    },
    "MFO": {
      "test_fmax": 0.6223430279468234,
      "test_threshold": 0.38616161616161615,
      "test_precision": 0.6502328751561893,
      "test_recall": 0.5967472894078336,
      "test_micro_auprc": 0.6520304313795339,
      "test_macro_auprc": 0.4191347531820586,
      "test_gate1": 0.49272332506047356,
      "test_gate2": 0.5072766749395264,
      "best_val_fmax": 0.6613596519208738,
      "best_epoch": 18,
      "total_epochs": 23,
      "cafa_fmax": 0.676,
      "cafa_threshold": 0.41,
      "cafa_precision": 0.725,
      "cafa_recall": 0.633,
      "cafa_coverage": 1.0,
      "cafa_pr_micro": 0.66,
      "cafa_rc_micro": 0.584,
      "cafa_f_micro": 0.62,
      "cafa_smin": 4.293
    }
  }
}