{
  "description": "Simple concatenation without adaptive gating",
  "config": {
    "model_class": "SimpleConcat",
    "use_ppi": false,
    "entropy_weight": 0.0,
    "use_focal_loss": true,
    "description": "Simple concatenation without adaptive gating"
  },
  "results": {
    "BPO": {
      "test_fmax": 0.5098534430627464,
      "test_threshold": 0.37626262626262624,
      "test_precision": 0.5273229345473535,
      "test_recall": 0.49350431648646315,
      "test_micro_auprc": 0.49208464646408995,
      "test_macro_auprc": 0.17626935772350086,
      "test_gate1": 0.5,
      "test_gate2": 0.5,
      "best_val_fmax": 0.5149433270969508,
      "best_epoch": 23,
      "total_epochs": 28,
      "cafa_fmax": 0.582,
      "cafa_threshold": 0.41,
      "cafa_precision": 0.601,
      "cafa_recall": 0.565,
      "cafa_coverage": 1.0,
      "cafa_pr_micro": 0.569,
      "cafa_rc_micro": 0.461,
      "cafa_f_micro": 0.509,
      "cafa_smin": 19.104
    },
    "CCO": {
      "test_fmax": 0.6370360585950049,
      "test_threshold": 0.41585858585858587,
      "test_precision": 0.67772078971404,
      "test_recall": 0.6009594417793247,
      "test_micro_auprc": 0.6809846985815395,
      "test_macro_auprc": 0.2152822520502634,
      "test_gate1": 0.5,
      "test_gate2": 0.5,
      "best_val_fmax": 0.7168442699071014,
      "best_epoch": 18,
      "total_epochs": 23,
      "cafa_fmax": 0.7,
      "cafa_threshold": 0.45,
      "cafa_precision": 0.74,
      "cafa_recall": 0.663,
      "cafa_coverage": 1.0,
      "cafa_pr_micro": 0.715,
      "cafa_rc_micro": 0.569,
      "cafa_f_micro": 0.634,
      "cafa_smin": 6.181
    },
    "MFO": {
      "test_fmax": 0.6181119179337906,
      "test_threshold": 0.38616161616161615,
      "test_precision": 0.6335376532399231,
      "test_recall": 0.6034195162635466,
      "test_micro_auprc": 0.6426336984394488,
      "test_macro_auprc": 0.4208081940321326,
      "test_gate1": 0.5,
      "test_gate2": 0.5,
      "best_val_fmax": 0.6628840156941297,
      "best_epoch": 17,
      "total_epochs": 22,
      "cafa_fmax": 0.67,
      "cafa_threshold": 0.41,
      "cafa_precision": 0.709,
      "cafa_recall": 0.635,
      "cafa_coverage": 1.0,
      "cafa_pr_micro": 0.645,
      "cafa_rc_micro": 0.591,
      "cafa_f_micro": 0.617,
      "cafa_smin": 4.329
    }
  }
}