{
  "4_no_entropy": {
    "description": "No entropy regularization (may cause gate collapse)",
    "config": {
      "model_class": "SimplifiedPairwiseFusion",
      "use_ppi": false,
      "entropy_weight": 0.0,
      "use_focal_loss": true,
      "description": "No entropy regularization (may cause gate collapse)"
    },
    "results": {
      "BPO": {
        "test_fmax": 0.5155774337216629,
        "test_threshold": 0.38616161616161615,
        "test_precision": 0.5317301269205069,
        "test_recall": 0.5003771687201402,
        "test_micro_auprc": 0.5079569907799963,
        "test_macro_auprc": 0.17616752039121372,
        "test_gate1": 0.4066168332099915,
        "test_gate2": 0.5933831723531088,
        "best_val_fmax": 0.516343001905884,
        "best_epoch": 22,
        "total_epochs": 27,
        "cafa_fmax": 0.587,
        "cafa_threshold": 0.43,
        "cafa_precision": 0.62,
        "cafa_recall": 0.558,
        "cafa_coverage": 1.0,
        "cafa_pr_micro": 0.587,
        "cafa_rc_micro": 0.457,
        "cafa_f_micro": 0.514,
        "cafa_smin": 18.86
      },
      "CCO": {
        "test_fmax": 0.6393191377855636,
        "test_threshold": 0.41585858585858587,
        "test_precision": 0.6707033388067825,
        "test_recall": 0.6107407638153348,
        "test_micro_auprc": 0.6815201715161834,
        "test_macro_auprc": 0.22071001389641434,
        "test_gate1": 0.3357673741877079,
        "test_gate2": 0.6642326265573502,
        "best_val_fmax": 0.7180335150911039,
        "best_epoch": 21,
        "total_epochs": 26,
        "cafa_fmax": 0.701,
        "cafa_threshold": 0.42,
        "cafa_precision": 0.7,
        "cafa_recall": 0.703,
        "cafa_coverage": 1.0,
        "cafa_pr_micro": 0.664,
        "cafa_rc_micro": 0.616,
        "cafa_f_micro": 0.639,
        "cafa_smin": 6.208
      },
      "MFO": {
        "test_fmax": 0.6063708139985545,
        "test_threshold": 0.41585858585858587,
        "test_precision": 0.634674569702489,
        "test_recall": 0.5804837364470331,
        "test_micro_auprc": 0.6317884636337895,
        "test_macro_auprc": 0.41004864053674783,
        "test_gate1": 0.42617282188600963,
        "test_gate2": 0.5738271706634097,
        "best_val_fmax": 0.6656168520554037,
        "best_epoch": 26,
        "total_epochs": 31,
        "cafa_fmax": 0.677,
        "cafa_threshold": 0.42,
        "cafa_precision": 0.699,
        "cafa_recall": 0.657,
        "cafa_coverage": 1.0,
        "cafa_pr_micro": 0.618,
        "cafa_rc_micro": 0.593,
        "cafa_f_micro": 0.605,
        "cafa_smin": 4.457
      }
    }
  },
  "5_no_residual": {
    "description": "No residual connections in gating",
    "config": {
      "model_class": "NoResidualGating",
      "use_ppi": false,
      "entropy_weight": 0.0005,
      "use_focal_loss": true,
      "description": "No residual connections in gating"
    },
    "results": {
      "BPO": {
        "test_fmax": 0.5183704618463639,
        "test_threshold": 0.38616161616161615,
        "test_precision": 0.5403112168366179,
        "test_recall": 0.49814209482300936,
        "test_micro_auprc": 0.5072126066476405,
        "test_macro_auprc": 0.18502702805636714,
        "test_gate1": 0.4993863769372304,
        "test_gate2": 0.5006136258443197,
        "best_val_fmax": 0.5167118946988176,
        "best_epoch": 22,
        "total_epochs": 27,
        "cafa_fmax": 0.589,
        "cafa_threshold": 0.42,
        "cafa_precision": 0.614,
        "cafa_recall": 0.566,
        "cafa_coverage": 1.0,
        "cafa_pr_micro": 0.58,
        "cafa_rc_micro": 0.469,
        "cafa_f_micro": 0.519,
        "cafa_smin": 18.74
      },
      "CCO": {
        "test_fmax": 0.6334777227222756,
        "test_threshold": 0.38616161616161615,
        "test_precision": 0.6292335115864489,
        "test_recall": 0.6377795775964075,
        "test_micro_auprc": 0.6815410532346539,
        "test_macro_auprc": 0.23031958596973512,
        "test_gate1": 0.5123392686247825,
        "test_gate2": 0.48766073286533357,
        "best_val_fmax": 0.717236354755431,
        "best_epoch": 16,
        "total_epochs": 21,
        "cafa_fmax": 0.692,
        "cafa_threshold": 0.43,
        "cafa_precision": 0.71,
        "cafa_recall": 0.675,
        "cafa_coverage": 1.0,
        "cafa_pr_micro": 0.68,
        "cafa_rc_micro": 0.588,
        "cafa_f_micro": 0.631,
        "cafa_smin": 6.29
      },
      "MFO": {
        "test_fmax": 0.6223430279468234,
        "test_threshold": 0.38616161616161615,
        "test_precision": 0.6502328751561893,
        "test_recall": 0.5967472894078336,
        "test_micro_auprc": 0.6520304313795339,
        "test_macro_auprc": 0.4191347531820586,
        "test_gate1": 0.49272332506047356,
        "test_gate2": 0.5072766749395264,
        "best_val_fmax": 0.6613596519208738,
        "best_epoch": 18,
        "total_epochs": 23,
        "cafa_fmax": 0.676,
        "cafa_threshold": 0.41,
        "cafa_precision": 0.725,
        "cafa_recall": 0.633,
        "cafa_coverage": 1.0,
        "cafa_pr_micro": 0.66,
        "cafa_rc_micro": 0.584,
        "cafa_f_micro": 0.62,
        "cafa_smin": 4.293
      }
    }
  },
  "6_bce_loss": {
    "description": "Standard BCE instead of Focal BCE",
    "config": {
      "model_class": "SimplifiedPairwiseFusion",
      "use_ppi": false,
      "entropy_weight": 0.0005,
      "use_focal_loss": false,
      "description": "Standard BCE instead of Focal BCE"
    },
    "results": {
      "BPO": {
        "test_fmax": 0.5134381799554727,
        "test_threshold": 0.47525252525252526,
        "test_precision": 0.5359231856094551,
        "test_recall": 0.4927639482580386,
        "test_micro_auprc": 0.4998949301614568,
        "test_macro_auprc": 0.1734665568519661,
        "test_gate1": 0.47880531668663023,
        "test_gate2": 0.5211946868896484,
        "best_val_fmax": 0.5162480771270478,
        "best_epoch": 22,
        "total_epochs": 27,
        "cafa_fmax": 0.581,
        "cafa_threshold": 0.58,
        "cafa_precision": 0.609,
        "cafa_recall": 0.555,
        "cafa_coverage": 1.0,
        "cafa_pr_micro": 0.573,
        "cafa_rc_micro": 0.458,
        "cafa_f_micro": 0.509,
        "cafa_smin": 19.025
      },
      "CCO": {
        "test_fmax": 0.6413352721255142,
        "test_threshold": 0.46535353535353535,
        "test_precision": 0.6509657960598045,
        "test_recall": 0.631985546071892,
        "test_micro_auprc": 0.6861493079578084,
        "test_macro_auprc": 0.2109227597652634,
        "test_gate1": 0.4513694629073143,
        "test_gate2": 0.5486305318772793,
        "best_val_fmax": 0.7176841117237942,
        "best_epoch": 14,
        "total_epochs": 19,
        "cafa_fmax": 0.704,
        "cafa_threshold": 0.54,
        "cafa_precision": 0.713,
        "cafa_recall": 0.695,
        "cafa_coverage": 1.0,
        "cafa_pr_micro": 0.681,
        "cafa_rc_micro": 0.607,
        "cafa_f_micro": 0.642,
        "cafa_smin": 6.152
      },
      "MFO": {
        "test_fmax": 0.6026461337750392,
        "test_threshold": 0.5247474747474747,
        "test_precision": 0.627909604519767,
        "test_recall": 0.5793369474562075,
        "test_micro_auprc": 0.6333384606915146,
        "test_macro_auprc": 0.41382009882191806,
        "test_gate1": 0.510185778968864,
        "test_gate2": 0.48981422268682057,
        "best_val_fmax": 0.664114981984298,
        "best_epoch": 28,
        "total_epochs": 33,
        "cafa_fmax": 0.676,
        "cafa_threshold": 0.6,
        "cafa_precision": 0.724,
        "cafa_recall": 0.634,
        "cafa_coverage": 1.0,
        "cafa_pr_micro": 0.639,
        "cafa_rc_micro": 0.568,
        "cafa_f_micro": 0.601,
        "cafa_smin": 4.493
      }
    }
  },
  "7_baseline_concat": {
    "description": "Simple concatenation without adaptive gating",
    "config": {
      "model_class": "SimpleConcat",
      "use_ppi": false,
      "entropy_weight": 0.0,
      "use_focal_loss": true,