{
  "6_bce_loss": {
    "description": "Standard BCE instead of Focal BCE",
    "config": {
      "model_class": "SimplifiedPairwiseFusion",
      "use_ppi": false,
      "entropy_weight": 0.0005,
      "use_focal_loss": false,
      "description": "Standard BCE instead of Focal BCE"
    },
    "results": {
      "BPO": {
        "test_fmax": 0.5134381799554727,
        "test_threshold": 0.47525252525252526,
        "test_precision": 0.5359231856094551,
        "test_recall": 0.4927639482580386,
        "test_micro_auprc": 0.4998949301614568,
        "test_macro_auprc": 0.1734665568519661,
        "test_gate1": 0.47880531668663023,
        "test_gate2": 0.5211946868896484,
        "best_val_fmax": 0.5162480771270478,
        "best_epoch": 22,
        "total_epochs": 27,
        "cafa_fmax": 0.581,
        "cafa_threshold": 0.58,
        "cafa_precision": 0.609,
        "cafa_recall": 0.555,
        "cafa_coverage": 1.0,
        "cafa_pr_micro": 0.573,
        "cafa_rc_micro": 0.458,
        "cafa_f_micro": 0.509,
        "cafa_smin": 19.025
      },
      "CCO": {
        "test_fmax": 0.6413352721255142,
        "test_threshold": 0.46535353535353535,
        "test_precision": 0.6509657960598045,
        "test_recall": 0.631985546071892,
        "test_micro_auprc": 0.6861493079578084,
        "test_macro_auprc": 0.2109227597652634,
        "test_gate1": 0.4513694629073143,
        "test_gate2": 0.5486305318772793,
        "best_val_fmax": 0.7176841117237942,
        "best_epoch": 14,
        "total_epochs": 19,
        "cafa_fmax": 0.704,
        "cafa_threshold": 0.54,
        "cafa_precision": 0.713,
        "cafa_recall": 0.695,
        "cafa_coverage": 1.0,
        "cafa_pr_micro": 0.681,
        "cafa_rc_micro": 0.607,
        "cafa_f_micro": 0.642,
        "cafa_smin": 6.152
      },
      "MFO": {
        "test_fmax": 0.6026461337750392,
        "test_threshold": 0.5247474747474747,
        "test_precision": 0.627909604519767,
        "test_recall": 0.5793369474562075,
        "test_micro_auprc": 0.6333384606915146,
        "test_macro_auprc": 0.41382009882191806,
        "test_gate1": 0.510185778968864,
        "test_gate2": 0.48981422268682057,
        "best_val_fmax": 0.664114981984298,
        "best_epoch": 28,
        "total_epochs": 33,
        "cafa_fmax": 0.676,
        "cafa_threshold": 0.6,
        "cafa_precision": 0.724,
        "cafa_recall": 0.634,
        "cafa_coverage": 1.0,
        "cafa_pr_micro": 0.639,
        "cafa_rc_micro": 0.568,
        "cafa_f_micro": 0.601,
        "cafa_smin": 4.493
      }
    }
  }
}