{
  "model_type": "multimodal_fusion",
  "enabled_modalities": [
    "prott5",
    "esm"
  ],
  "aspect": "MFO",
  "num_go_terms": 677,
  "num_parameters": 2619888,
  "seed": 42,
  "use_aux_heads": true,
  "config": {
    "hidden_dim": 512,
    "dropout": 0.3,
    "modality_dropout": 0.1,
    "aux_weight": 0.1,
    "lr": 0.001,
    "weight_decay": 0.01,
    "batch_size": 32,
    "max_epochs": 50,
    "patience": 7,
    "warmup_ratio": 0.1,
    "focal_gamma": 2.0,
    "focal_alpha": 0.25,
    "min_delta_fmax": 0.0001,
    "min_delta_loss": 0.0001,
    "normalize": "none"
  },
  "test_metrics": {
    "loss": 0.029907019317357078,
    "fmax": 0.6131269149637497,
    "threshold": 0.46535353535353535,
    "precision": 0.6328931306181264,
    "recall": 0.5945579649708028,
    "micro_auprc": 0.6508490793006423,
    "macro_auprc": 0.415945617008091,
    "gate_prott5": 0.7659409046173096,
    "gate_esm": 0.23405888676643372,
    "cafa_fmax": 0.672,
    "cafa_threshold": 0.5,
    "cafa_precision": 0.699,
    "cafa_recall": 0.647,
    "cafa_coverage": 1.0,
    "cafa_pr_micro": 0.631,
    "cafa_rc_micro": 0.594,
    "cafa_f_micro": 0.612,
    "cafa_smin": 4.344
  },
  "best_val_fmax": 0.6595014104503661,
  "loss_at_best_fmax": 0.03362319567364402,
  "best_epoch_by_fmax": 21,
  "total_epochs": 22,
  "train_size": 32421,
  "val_size": 3587,
  "test_size": 1137
}