{
  "experiment_name": "prott5_prostt5_temp_3.0_fixed",
  "modality_pair": "prott5_prostt5",
  "aspect": "BPO",
  "temperature_init": 3.0,
  "temperature_final": 3.0,
  "learnable_temperature": false,
  "num_go_terms": 3992,
  "seed": 42,
  "test_metrics": {
    "fmax": 0.5001565902152745,
    "threshold": 0.47525252525252526,
    "precision": 0.522498668492733,
    "recall": 0.4796468583242527,
    "micro_auprc": 0.4818866627556214,
    "macro_auprc": 0.1712169155594772,
    "cafa_fmax": 0.57,
    "cafa_threshold": 0.59,
    "cafa_precision": 0.601,
    "cafa_recall": 0.542,
    "cafa_coverage": 1.0,
    "cafa_pr_micro": 0.553,
    "cafa_rc_micro": 0.444,
    "cafa_f_micro": 0.493,
    "cafa_smin": 19.589
  },
  "best_val_fmax": 0.5078412669543954,
  "best_epoch": 26,
  "total_epochs": 31
}