{
  "model_type": "multimodal_fusion",
  "enabled_modalities": [
    "prott5",
    "ppi"
  ],
  "aspect": "BPO",
  "num_go_terms": 3992,
  "num_parameters": 7328457,
  "seed": 42,
  "use_aux_heads": true,
  "config": {
    "hidden_dim": 512,
    "dropout": 0.3,
    "modality_dropout": 0.1,
    "aux_weight": 0.1,
    "lr": 0.001,
    "weight_decay": 0.01,
    "batch_size": 32,
    "max_epochs": 50,
    "patience": 7,
    "warmup_ratio": 0.1,
    "focal_gamma": 2.0,
    "focal_alpha": 0.25,
    "min_delta_fmax": 0.0001,
    "min_delta_loss": 0.0001,
    "normalize": "none"
  },
  "test_metrics": {
    "loss": 0.02114837063786884,
    "fmax": 0.5163617183046535,
    "threshold": 0.3465656565656566,
    "precision": 0.5271645005894245,
    "recall": 0.505992791886681,
    "micro_auprc": 0.5133341444119756,
    "macro_auprc": 0.20401442691299948,
    "gate_prott5": 0.485236257314682,
    "gate_ppi": 0.5147637724876404,
    "cafa_fmax": 0.588,
    "cafa_threshold": 0.5,
    "cafa_precision": 0.641,
    "cafa_recall": 0.543,
    "cafa_coverage": 1.0,
    "cafa_pr_micro": 0.603,
    "cafa_rc_micro": 0.446,
    "cafa_f_micro": 0.513,
    "cafa_smin": 18.727
  },
  "best_val_fmax": 0.5448670545749774,
  "loss_at_best_fmax": 0.03348806258855444,
  "best_epoch_by_fmax": 18,
  "total_epochs": 21,
  "train_size": 47691,
  "val_size": 5252,
  "test_size": 2392
}