{
  "experiment_name": "text_prott5_temp_1.5_fixed",
  "modality_pair": "text_prott5",
  "aspect": "BPO",
  "temperature_init": 1.5,
  "temperature_final": 1.5,
  "learnable_temperature": false,
  "num_go_terms": 3992,
  "seed": 42,
  "test_metrics": {
    "fmax": 0.5097975564631718,
    "threshold": 0.495050505050505,
    "precision": 0.5401982551049117,
    "recall": 0.482636269661665,
    "micro_auprc": 0.49510538418062855,
    "macro_auprc": 0.1813116808319851,
    "cafa_fmax": 0.584,
    "cafa_threshold": 0.6,
    "cafa_precision": 0.624,
    "cafa_recall": 0.548,
    "cafa_coverage": 1.0,
    "cafa_pr_micro": 0.586,
    "cafa_rc_micro": 0.451,
    "cafa_f_micro": 0.51,
    "cafa_smin": 18.953
  },
  "best_val_fmax": 0.518577823672631,
  "best_epoch": 18,
  "total_epochs": 23
}