{
  "model_type": "simplified_pairwise_fusion",
  "modality_pair": "text_prott5",
  "aspect": "BPO",
  "num_go_terms": 3992,
  "seed": 42,
  "use_ppi": true,
  "config": {
    "use_ppi": true,
    "hidden_dim": 512,
    "dropout": 0.3,
    "entropy_weight": 0.005,
    "lr": 0.001,
    "weight_decay": 0.01,
    "batch_size": 32,
    "max_epochs": 50,
    "patience": 5,
    "warmup_ratio": 0.1,
    "focal_gamma": 2.0,
    "focal_alpha": 0.25
  },
  "test_metrics": {
    "fmax": 0.5180966458209908,
    "threshold": 0.37626262626262624,
    "precision": 0.5382322388329336,
    "recall": 0.4994132931020025,
    "micro_auprc": 0.49956449787061,
    "macro_auprc": 0.21152831373274358,
    "gate1_mean": 0.50091952085495,
    "gate2_mean": 0.49908044934272766,
    "cafa_fmax": 0.574,
    "cafa_threshold": 0.39,
    "cafa_precision": 0.556,
    "cafa_recall": 0.593,
    "cafa_coverage": 1.0,
    "cafa_pr_micro": 0.53,
    "cafa_rc_micro": 0.513,
    "cafa_f_micro": 0.521,
    "cafa_smin": 18.96
  },
  "best_val_fmax": 0.5538787606146063,
  "best_epoch": 28,
  "total_epochs": 33
}