{
  "model_type": "pairwise_adaptive_fusion",
  "modality_pair": "text_esm",
  "experiment_name": "text_esm_fusion_div",
  "aspect": "CCO",
  "num_go_terms": 551,
  "seed": 42,
  "use_diversity_loss": true,
  "diversity_weight": 0.01,
  "test_metrics": {
    "fmax": 0.6332837653861569,
    "threshold": 0.5445454545454546,
    "precision": 0.6581334408385362,
    "recall": 0.610242352501398,
    "micro_auprc": 0.6811545456563852,
    "macro_auprc": 0.21613199794988386,
    "cafa_fmax": 0.698,
    "cafa_threshold": 0.62,
    "cafa_precision": 0.724,
    "cafa_recall": 0.673,
    "cafa_coverage": 1.0,
    "cafa_pr_micro": 0.684,
    "cafa_rc_micro": 0.586,
    "cafa_f_micro": 0.631,
    "cafa_smin": 6.262
  },
  "best_val_fmax": 0.7131208928761764,
  "best_epoch": 15,
  "total_epochs": 20,
  "train_size": 45309,
  "val_size": 4985,
  "test_size": 1265
}