{
  "model_type": "pairwise_adaptive_fusion_with_ppi",
  "modality_pair": "text_prott5",
  "experiment_name": "text_prott5_fusion_ppi_div_entropy",
  "aspect": "CCO",
  "num_go_terms": 551,
  "num_parameters": 5163820,
  "seed": 42,
  "use_ppi": true,
  "regularization": {
    "diversity_loss": true,
    "diversity_weight": 0.01,
    "gate_entropy": true,
    "gate_entropy_weight": 0.001
  },
  "test_metrics": {
    "fmax": 0.6365176259527783,
    "threshold": 0.5346464646464646,
    "precision": 0.6534978343614605,
    "recall": 0.6203974830228608,
    "micro_auprc": 0.6820771692592194,
    "macro_auprc": 0.2623207524009734,
    "gate_text_mean": 0.5136235356330872,
    "gate_text_std": 0.07611502707004547,
    "gate_prott5_mean": 0.48637646436691284,
    "gate_prott5_std": 0.07611502707004547,
    "cafa_fmax": 0.699,
    "cafa_threshold": 0.62,
    "cafa_precision": 0.712,
    "cafa_recall": 0.686,
    "cafa_coverage": 1.0,
    "cafa_pr_micro": 0.672,
    "cafa_rc_micro": 0.601,
    "cafa_f_micro": 0.635,
    "cafa_smin": 6.229
  },
  "best_val_fmax": 0.7519701418981481,
  "best_epoch": 14,
  "total_epochs": 19,
  "train_size": 45309,
  "val_size": 4985,
  "test_size": 1265
}