{
  "model_type": "pairwise_adaptive_fusion",
  "modality_pair": "prott5_esm",
  "experiment_name": "prott5_esm_fusion",
  "aspect": "BPO",
  "num_go_terms": 3992,
  "seed": 42,
  "use_diversity_loss": false,
  "diversity_weight": null,
  "test_metrics": {
    "fmax": 0.5023393603112127,
    "threshold": 0.40595959595959596,
    "precision": 0.5123698011243946,
    "recall": 0.49269410219875326,
    "micro_auprc": 0.48571705573533586,
    "macro_auprc": 0.16758910013625067,
    "cafa_fmax": 0.573,
    "cafa_threshold": 0.54,
    "cafa_precision": 0.605,
    "cafa_recall": 0.545,
    "cafa_coverage": 1.0,
    "cafa_pr_micro": 0.57,
    "cafa_rc_micro": 0.44,
    "cafa_f_micro": 0.497,
    "cafa_smin": 19.4
  },
  "best_val_fmax": 0.5068006384278525,
  "best_epoch": 19,
  "total_epochs": 24,
  "train_size": 47691,
  "val_size": 5252,
  "test_size": 2392
}