{
  "model_type": "simplified_pairwise_fusion",
  "modality_pair": "text_esm",
  "experiment_name": "text_esm_simplified",
  "aspect": "MFO",
  "num_go_terms": 677,
  "num_parameters": 2187688,
  "seed": 42,
  "use_ppi": false,
  "config": {
    "hidden_dim": 512,
    "dropout": 0.3,
    "entropy_weight": 0.0005,
    "lr": 0.001,
    "weight_decay": 0.01,
    "batch_size": 32,
    "max_epochs": 50,
    "patience": 5,
    "gradient_clip": 1.0,
    "warmup_ratio": 0.1,
    "focal_gamma": 2.0,
    "focal_alpha": 0.25
  },
  "test_metrics": {
    "fmax": 0.6019334048909631,
    "threshold": 0.38616161616161615,
    "precision": 0.6207354895879418,
    "recall": 0.5842368640533717,
    "micro_auprc": 0.6297375680660144,
    "macro_auprc": 0.4065729355355768,
    "gate1_mean": 0.5138214826583862,
    "gate2_mean": 0.48617851734161377,
    "cafa_fmax": 0.66,
    "cafa_threshold": 0.41,
    "cafa_precision": 0.697,
    "cafa_recall": 0.626,
    "cafa_coverage": 1.0,
    "cafa_pr_micro": 0.629,
    "cafa_rc_micro": 0.576,
    "cafa_f_micro": 0.601,
    "cafa_smin": 4.558
  },
  "best_val_fmax": 0.6615616568302338,
  "best_epoch": 30,
  "total_epochs": 35,
  "train_size": 32421,
  "val_size": 3587,
  "test_size": 1137
}