{
  "model_type": "pairwise_adaptive_fusion",
  "modality_pair": "text_esm",
  "experiment_name": "text_esm_fusion_div",
  "aspect": "BPO",
  "num_go_terms": 3992,
  "seed": 42,
  "use_diversity_loss": true,
  "diversity_weight": 0.01,
  "test_metrics": {
    "fmax": 0.5014747103140706,
    "threshold": 0.46535353535353535,
    "precision": 0.5266636946395896,
    "recall": 0.47858519822311557,
    "micro_auprc": 0.4798552106994608,
    "macro_auprc": 0.1721520814749,
    "cafa_fmax": 0.577,
    "cafa_threshold": 0.57,
    "cafa_precision": 0.599,
    "cafa_recall": 0.556,
    "cafa_coverage": 1.0,
    "cafa_pr_micro": 0.565,
    "cafa_rc_micro": 0.445,
    "cafa_f_micro": 0.498,
    "cafa_smin": 19.407
  },
  "best_val_fmax": 0.510839989730864,
  "best_epoch": 19,
  "total_epochs": 24,
  "train_size": 47691,
  "val_size": 5252,
  "test_size": 2392
}