{
  "model_type": "simplified_pairwise_fusion_with_heads",
  "modality_pair": "text_prott5",
  "experiment_name": "text_prott5_simplified_ppi",
  "aspect": "CCO",
  "num_go_terms": 551,
  "num_parameters": 3648120,
  "seed": 42,
  "use_ppi": true,
  "config": {
    "hidden_dim": 512,
    "dropout": 0.3,
    "entropy_weight": 0.0005,
    "aux_weight": 0.3,
    "lr": 0.001,
    "weight_decay": 0.01,
    "batch_size": 32,
    "max_epochs": 50,
    "patience": 5,
    "gradient_clip": 1.0,
    "warmup_ratio": 0.1,
    "focal_gamma": 2.0,
    "focal_alpha": 0.25
  },
  "test_metrics": {
    "fmax": 0.6297718401429496,
    "fmax_mod1_individual": 0.605747280734506,
    "fmax_mod2_individual": 0.6275083747508866,
    "threshold": 0.39606060606060606,
    "precision": 0.6417669124304706,
    "recall": 0.6182169335243871,
    "micro_auprc": 0.6790740921268796,
    "macro_auprc": 0.24368536587123193,
    "gate1_mean": 0.577028751373291,
    "gate2_mean": 0.42297130823135376,
    "cafa_fmax": 0.692,
    "cafa_threshold": 0.44,
    "cafa_precision": 0.715,
    "cafa_recall": 0.671,
    "cafa_coverage": 1.0,
    "cafa_pr_micro": 0.678,
    "cafa_rc_micro": 0.586,
    "cafa_f_micro": 0.629,
    "cafa_smin": 6.31
  },
  "best_val_fmax": 0.7494454074391327,
  "best_epoch": 24,
  "total_epochs": 29,
  "train_size": 45309,
  "val_size": 4985,
  "test_size": 1265
}