{
  "model_type": "simplified_pairwise_fusion",
  "modality_pair": "text_prott5",
  "experiment_name": "text_prott5_simplified_ppi",
  "aspect": "CCO",
  "num_go_terms": 551,
  "num_parameters": 2518570,
  "seed": 42,
  "use_ppi": true,
  "config": {
    "hidden_dim": 512,
    "dropout": 0.3,
    "entropy_weight": 0.0005,
    "lr": 0.001,
    "weight_decay": 0.01,
    "batch_size": 32,
    "max_epochs": 50,
    "patience": 5,
    "gradient_clip": 1.0,
    "warmup_ratio": 0.1,
    "focal_gamma": 2.0,
    "focal_alpha": 0.25
  },
  "test_metrics": {
    "fmax": 0.6286180698941192,
    "threshold": 0.40595959595959596,
    "precision": 0.6335505916598074,
    "recall": 0.6237617593919343,
    "micro_auprc": 0.6745644886964799,
    "macro_auprc": 0.2468400592895249,
    "gate1_mean": 0.5172936320304871,
    "gate2_mean": 0.48270636796951294,
    "cafa_fmax": 0.695,
    "cafa_threshold": 0.46,
    "cafa_precision": 0.727,
    "cafa_recall": 0.665,
    "cafa_coverage": 1.0,
    "cafa_pr_micro": 0.677,
    "cafa_rc_micro": 0.585,
    "cafa_f_micro": 0.628,
    "cafa_smin": 6.348
  },
  "best_val_fmax": 0.7523187119711023,
  "best_epoch": 18,
  "total_epochs": 23,
  "train_size": 45309,
  "val_size": 4985,
  "test_size": 1265
}