{
  "model_type": "simplified_pairwise_fusion",
  "modality_pair": "text_prott5",
  "aspect": "BPO",
  "num_go_terms": 3992,
  "seed": 42,
  "use_ppi": true,
  "config": {
    "use_ppi": true,
    "hidden_dim": 512,
    "dropout": 0.3,
    "entropy_weight": 0.0,
    "lr": 0.001,
    "weight_decay": 0.01,
    "batch_size": 32,
    "max_epochs": 50,
    "patience": 5,
    "warmup_ratio": 0.1,
    "focal_gamma": 2.0,
    "focal_alpha": 0.25
  },
  "test_metrics": {
    "fmax": 0.5292033208409933,
    "threshold": 0.38616161616161615,
    "precision": 0.5522650993970863,
    "recall": 0.5079903891822416,
    "micro_auprc": 0.5142333376719205,
    "macro_auprc": 0.2131489086278938,
    "gate1_mean": 0.4002018868923187,
    "gate2_mean": 0.5997980833053589,
    "cafa_fmax": 0.592,
    "cafa_threshold": 0.43,
    "cafa_precision": 0.619,
    "cafa_recall": 0.567,
    "cafa_coverage": 1.0,
    "cafa_pr_micro": 0.588,
    "cafa_rc_micro": 0.479,
    "cafa_f_micro": 0.528,
    "cafa_smin": 18.445
  },
  "best_val_fmax": 0.553133792024864,
  "best_epoch": 19,
  "total_epochs": 24
}