{
  "model_type": "multimodal_fusion",
  "enabled_modalities": [
    "prott5",
    "esm",
    "struct"
  ],
  "aspect": "MFO",
  "num_go_terms": 677,
  "num_parameters": 3230869,
  "seed": 42,
  "use_aux_heads": true,
  "config": {
    "hidden_dim": 512,
    "dropout": 0.3,
    "modality_dropout": 0.1,
    "aux_weight": 0.1,
    "lr": 0.001,
    "weight_decay": 0.01,
    "batch_size": 32,
    "max_epochs": 50,
    "patience": 7,
    "warmup_ratio": 0.1,
    "focal_gamma": 2.0,
    "focal_alpha": 0.25,
    "min_delta_fmax": 0.0001,
    "min_delta_loss": 0.0001,
    "normalize": "none"
  },
  "test_metrics": {
    "loss": 0.03160544764250517,
    "fmax": 0.6016543316871384,
    "threshold": 0.495050505050505,
    "precision": 0.629326047358827,
    "recall": 0.5763135946622125,
    "micro_auprc": 0.6340149295773935,
    "macro_auprc": 0.41372553912826804,
    "gate_prott5": 0.911841630935669,
    "gate_esm": 0.08559881150722504,
    "gate_struct": 0.002559531480073929,
    "cafa_fmax": 0.669,
    "cafa_threshold": 0.51,
    "cafa_precision": 0.694,
    "cafa_recall": 0.646,
    "cafa_coverage": 1.0,
    "cafa_pr_micro": 0.618,
    "cafa_rc_micro": 0.585,
    "cafa_f_micro": 0.601,
    "cafa_smin": 4.501
  },
  "best_val_fmax": 0.6612860684210966,
  "loss_at_best_fmax": 0.03466721085122729,
  "best_epoch_by_fmax": 24,
  "total_epochs": 24,
  "train_size": 32421,
  "val_size": 3587,
  "test_size": 1137
}