{
  "experiment_name": "text_prott5_temp_1.0_fixed",
  "modality_pair": "text_prott5",
  "aspect": "MFO",
  "temperature_init": 1.0,
  "temperature_final": 1.0,
  "learnable_temperature": false,
  "num_go_terms": 677,
  "seed": 42,
  "test_metrics": {
    "fmax": 0.6161009148978237,
    "threshold": 0.5148484848484849,
    "precision": 0.6408379321995648,
    "recall": 0.5932026688907361,
    "micro_auprc": 0.6452015887612808,
    "macro_auprc": 0.42004037902169555,
    "cafa_fmax": 0.684,
    "cafa_threshold": 0.49,
    "cafa_precision": 0.695,
    "cafa_recall": 0.673,
    "cafa_coverage": 1.0,
    "cafa_pr_micro": 0.607,
    "cafa_rc_micro": 0.621,
    "cafa_f_micro": 0.614,
    "cafa_smin": 4.318
  },
  "best_val_fmax": 0.661822420777871,
  "best_epoch": 17,
  "total_epochs": 22
}