{
  "model_type": "multimodal_fusion",
  "enabled_modalities": [
    "prott5",
    "esm",
    "text",
    "struct"
  ],
  "aspect": "MFO",
  "num_go_terms": 677,
  "num_parameters": 3972922,
  "seed": 42,
  "use_aux_heads": true,
  "config": {
    "hidden_dim": 512,
    "dropout": 0.3,
    "modality_dropout": 0.1,
    "aux_weight": 0.1,
    "lr": 0.001,
    "weight_decay": 0.01,
    "batch_size": 32,
    "max_epochs": 50,
    "patience": 7,
    "warmup_ratio": 0.1,
    "focal_gamma": 2.0,
    "focal_alpha": 0.25,
    "min_delta_fmax": 0.0001,
    "min_delta_loss": 0.0001,
    "normalize": "none"
  },
  "test_metrics": {
    "loss": 0.029838651418685913,
    "fmax": 0.6225728833927116,
    "threshold": 0.5346464646464646,
    "precision": 0.6719410556830454,
    "recall": 0.5799624687239305,
    "micro_auprc": 0.6501250697302705,
    "macro_auprc": 0.40836591095522284,
    "gate_prott5": 0.48966115713119507,
    "gate_esm": 0.19432108104228973,
    "gate_text": 0.31153005361557007,
    "gate_struct": 0.004487683996558189,
    "cafa_fmax": 0.695,
    "cafa_threshold": 0.54,
    "cafa_precision": 0.741,
    "cafa_recall": 0.654,
    "cafa_coverage": 1.0,
    "cafa_pr_micro": 0.657,
    "cafa_rc_micro": 0.593,
    "cafa_f_micro": 0.623,
    "cafa_smin": 4.273
  },
  "best_val_fmax": 0.6632613697842885,
  "loss_at_best_fmax": 0.03280826320096982,
  "best_epoch_by_fmax": 17,
  "total_epochs": 20,
  "train_size": 32421,
  "val_size": 3587,
  "test_size": 1137
}