{
  "model_type": "pairwise_with_ppi",
  "modality_pair": "text_prott5",
  "use_ppi": true,
  "aspect": "MFO",
  "num_go_terms": 677,
  "num_parameters": 5292970,
  "seed": 42,
  "regularization": {
    "diversity_loss": false,
    "diversity_weight": null,
    "gate_entropy": false,
    "gate_entropy_weight": null
  },
  "test_metrics": {
    "fmax": 0.6047851129320226,
    "threshold": 0.5643434343434344,
    "precision": 0.6450850661625632,
    "recall": 0.5692243536280174,
    "micro_auprc": 0.6385274863348618,
    "macro_auprc": 0.4198448502273006,
    "text_mean": 0.3907836377620697,
    "text_std": 0.07073792815208435,
    "prott5_mean": 0.6092163324356079,
    "prott5_std": 0.07073792815208435,
    "cafa_fmax": 0.661,
    "cafa_threshold": 0.62,
    "cafa_precision": 0.715,
    "cafa_recall": 0.615,
    "cafa_coverage": 1.0,
    "cafa_pr_micro": 0.65,
    "cafa_rc_micro": 0.57,
    "cafa_f_micro": 0.607,
    "cafa_smin": 4.422
  },
  "best_val_fmax": 0.677404085968883,
  "best_epoch": 12,
  "total_epochs": 17,
  "dataset_sizes": {
    "train": 32421,
    "val": 3587,
    "test": 1137
  }
}