{
  "model_type": "ankh",
  "aspect": "MF",
  "similarity_threshold": 95,
  "num_go_terms": 1200,
  "test_metrics": {
    "fmax": 0.7253802478069754,
    "threshold": 0.40595959595959596,
    "precision": 0.7374693178957237,
    "recall": 0.7136811290661741,
    "micro_auprc": 0.6850785592373261,
    "macro_auprc": 0.5013148448146391,
    "cafa_fmax": 0.767,
    "cafa_threshold": 0.46,
    "cafa_precision": 0.789,
    "cafa_recall": 0.745,
    "cafa_coverage": 0.999,
    "cafa_pr_micro": 0.732,
    "cafa_rc_micro": 0.662,
    "cafa_f_micro": 0.696,
    "cafa_smin": 3.395
  },
  "best_val_fmax": 0.731382912730467,
  "best_epoch": 49,
  "total_epochs": 50,
  "train_size": 35463,
  "val_size": 4501,
  "test_size": 4419
}