{
  "model_type": "esm",
  "aspect": "MF",
  "similarity_threshold": 95,
  "num_go_terms": 1200,
  "test_metrics": {
    "fmax": 0.7204498424192612,
    "threshold": 0.37626262626262624,
    "precision": 0.7381005280417855,
    "recall": 0.7036236258371692,
    "micro_auprc": 0.6778124131273158,
    "macro_auprc": 0.48436796535186377,
    "cafa_fmax": 0.765,
    "cafa_threshold": 0.42,
    "cafa_precision": 0.79,
    "cafa_recall": 0.741,
    "cafa_coverage": 0.999,
    "cafa_pr_micro": 0.729,
    "cafa_rc_micro": 0.662,
    "cafa_f_micro": 0.694,
    "cafa_smin": 3.407
  },
  "best_val_fmax": 0.7291161508458484,
  "best_epoch": 47,
  "total_epochs": 50,
  "train_size": 35463,
  "val_size": 4501,
  "test_size": 4419
}