{
  "model_type": "prott5",
  "aspect": "MF",
  "similarity_threshold": 95,
  "num_go_terms": 1200,
  "test_metrics": {
    "fmax": 0.7254775189919778,
    "threshold": 0.45545454545454545,
    "precision": 0.7650183209652822,
    "recall": 0.6898232556517956,
    "micro_auprc": 0.6839510319659494,
    "macro_auprc": 0.49328583866320297,
    "cafa_fmax": 0.77,
    "cafa_threshold": 0.47,
    "cafa_precision": 0.801,
    "cafa_recall": 0.74,
    "cafa_coverage": 0.998,
    "cafa_pr_micro": 0.744,
    "cafa_rc_micro": 0.657,
    "cafa_f_micro": 0.698,
    "cafa_smin": 3.373
  },
  "best_val_fmax": 0.7299540532060446,
  "best_epoch": 49,
  "total_epochs": 50,
  "train_size": 35463,
  "val_size": 4501,
  "test_size": 4419
}