{
  "model_type": "text",
  "aspect": "BP",
  "similarity_threshold": 95,
  "num_go_terms": 5743,
  "test_metrics": {
    "fmax": 0.4770821927862772,
    "threshold": 0.21787878787878787,
    "precision": 0.46986804320819114,
    "recall": 0.48452132254374014,
    "micro_auprc": 0.3784747635453183,
    "macro_auprc": 0.29309125511848977,
    "cafa_fmax": 0.573,
    "cafa_threshold": 0.33,
    "cafa_precision": 0.592,
    "cafa_recall": 0.555,
    "cafa_coverage": 0.969,
    "cafa_pr_micro": 0.541,
    "cafa_rc_micro": 0.475,
    "cafa_f_micro": 0.506,
    "cafa_smin": 20.485
  },
  "best_val_fmax": 0.4873902364095155,
  "best_epoch": 50,
  "total_epochs": 50,
  "train_size": 35339,
  "val_size": 4423,
  "test_size": 4427
}