{
  "model_type": "esm",
  "aspect": "BP",
  "similarity_threshold": 95,
  "num_go_terms": 5743,
  "test_metrics": {
    "fmax": 0.3475824951461294,
    "threshold": 0.18818181818181817,
    "precision": 0.3238259542486839,
    "recall": 0.3751006540404782,
    "micro_auprc": 0.26402654534118913,
    "macro_auprc": 0.1738946367000444,
    "cafa_fmax": 0.471,
    "cafa_threshold": 0.23,
    "cafa_precision": 0.465,
    "cafa_recall": 0.477,
    "cafa_coverage": 0.984,
    "cafa_pr_micro": 0.428,
    "cafa_rc_micro": 0.408,
    "cafa_f_micro": 0.418,
    "cafa_smin": 23.672
  },
  "best_val_fmax": 0.3590181856269813,
  "best_epoch": 47,
  "total_epochs": 50,
  "train_size": 35339,
  "val_size": 4423,
  "test_size": 4427
}