{
  "model_type": "function",
  "aspect": "BP",
  "similarity_threshold": 95,
  "num_go_terms": 5743,
  "test_metrics": {
    "fmax": 0.40865930648326787,
    "threshold": 0.207979797979798,
    "precision": 0.3888148019241845,
    "recall": 0.43063842396073904
  },
  "best_val_fmax": 0.4199753528487139,
  "train_size": 35339,
  "val_size": 4423,
  "test_size": 4427
}