{
  "model_type": "function",
  "aspect": "BP",
  "similarity_threshold": 95,
  "num_go_terms": 5743,
  "test_metrics": {
    "fmax": 0.4404472005760142,
    "threshold": 0.24757575757575756,
    "precision": 0.42503231110508505,
    "recall": 0.4570222889392431,
    "micro_auprc": 0.3775896416172167,
    "macro_auprc": 0.2767155575860712,
    "cafa_fmax": 0.548,
    "cafa_threshold": 0.29,
    "cafa_precision": 0.549,
    "cafa_recall": 0.547,
    "cafa_coverage": 0.972,
    "cafa_pr_micro": 0.518,
    "cafa_rc_micro": 0.476,
    "cafa_f_micro": 0.496,
    "cafa_smin": 20.946
  },
  "best_val_fmax": 0.4506856763278208,
  "best_epoch": 50,
  "total_epochs": 50,
  "train_size": 35339,
  "val_size": 4423,
  "test_size": 4427
}