{
  "model_type": "concat",
  "aspect": "BP",
  "similarity_threshold": 95,
  "num_go_terms": 5743,
  "test_metrics": {
    "fmax": 0.4396357157064885,
    "threshold": 0.19808080808080808,
    "precision": 0.41304054923362304,
    "recall": 0.46989144035007535,
    "micro_auprc": 0.3719806858039395,
    "macro_auprc": 0.2691093949016757,
    "cafa_fmax": 0.552,
    "cafa_threshold": 0.31,
    "cafa_precision": 0.56,
    "cafa_recall": 0.544,
    "cafa_coverage": 0.969,
    "cafa_pr_micro": 0.518,
    "cafa_rc_micro": 0.475,
    "cafa_f_micro": 0.495,
    "cafa_smin": 20.958
  },
  "best_val_fmax": 0.4455279847390032,
  "best_epoch": 49,
  "total_epochs": 50,
  "train_size": 35339,
  "val_size": 4423,
  "test_size": 4427
}