{
  "experiment_name": "text_prott5_temp_0.5_learned",
  "modality_pair": "text_prott5",
  "aspect": "MFO",
  "temperature_init": 0.5,
  "temperature_final": 0.6889506578445435,
  "learnable_temperature": true,
  "num_go_terms": 677,
  "seed": 42,
  "test_metrics": {
    "fmax": 0.6201376839486976,
    "threshold": 0.5643434343434344,
    "precision": 0.6694864048338288,
    "recall": 0.5775646371976587,
    "micro_auprc": 0.6488484533185702,
    "macro_auprc": 0.41669097781619346,
    "cafa_fmax": 0.679,
    "cafa_threshold": 0.54,
    "cafa_precision": 0.705,
    "cafa_recall": 0.656,
    "cafa_coverage": 1.0,
    "cafa_pr_micro": 0.637,
    "cafa_rc_micro": 0.606,
    "cafa_f_micro": 0.621,
    "cafa_smin": 4.28
  },
  "best_val_fmax": 0.6636259072204291,
  "best_epoch": 16,
  "total_epochs": 21
}