{
  "model_type": "simplified_pairwise_fusion",
  "modality_pair": "text_prott5",
  "experiment_name": "text_prott5_simplified_ppi",
  "aspect": "MFO",
  "num_go_terms": 677,
  "num_parameters": 2583208,
  "seed": 42,
  "use_ppi": true,
  "config": {
    "hidden_dim": 512,
    "dropout": 0.3,
    "entropy_weight": 0.0005,
    "lr": 0.001,
    "weight_decay": 0.01,
    "batch_size": 32,
    "max_epochs": 50,
    "patience": 5,
    "gradient_clip": 1.0,
    "warmup_ratio": 0.1,
    "focal_gamma": 2.0,
    "focal_alpha": 0.25
  },
  "test_metrics": {
    "fmax": 0.6133517299436417,
    "threshold": 0.37626262626262624,
    "precision": 0.624621703415471,
    "recall": 0.602481234361962,
    "micro_auprc": 0.6271212784655571,
    "macro_auprc": 0.41435090932963875,
    "gate1_mean": 0.505002498626709,
    "gate2_mean": 0.494997501373291,
    "cafa_fmax": 0.675,
    "cafa_threshold": 0.37,
    "cafa_precision": 0.668,
    "cafa_recall": 0.681,
    "cafa_coverage": 1.0,
    "cafa_pr_micro": 0.603,
    "cafa_rc_micro": 0.622,
    "cafa_f_micro": 0.612,
    "cafa_smin": 4.388
  },
  "best_val_fmax": 0.6827239335539295,
  "best_epoch": 44,
  "total_epochs": 49,
  "train_size": 32421,
  "val_size": 3587,
  "test_size": 1137
}