{
  "model_type": "simplified_pairwise_fusion",
  "modality_pair": "prott5_esm",
  "experiment_name": "prott5_esm_simplified_ppi",
  "aspect": "CCO",
  "num_go_terms": 551,
  "num_parameters": 2780714,
  "seed": 42,
  "use_ppi": true,
  "config": {
    "hidden_dim": 512,
    "dropout": 0.3,
    "entropy_weight": 0.0005,
    "lr": 0.001,
    "weight_decay": 0.01,
    "batch_size": 32,
    "max_epochs": 50,
    "patience": 5,
    "gradient_clip": 1.0,
    "warmup_ratio": 0.1,
    "focal_gamma": 2.0,
    "focal_alpha": 0.25
  },
  "test_metrics": {
    "fmax": 0.6250542987439913,
    "threshold": 0.45545454545454545,
    "precision": 0.6740415105217593,
    "recall": 0.5827051274063885,
    "micro_auprc": 0.660358141647039,
    "macro_auprc": 0.2374709047093167,
    "gate1_mean": 0.5589304566383362,
    "gate2_mean": 0.4410695433616638,
    "cafa_fmax": 0.693,
    "cafa_threshold": 0.47,
    "cafa_precision": 0.722,
    "cafa_recall": 0.666,
    "cafa_coverage": 1.0,
    "cafa_pr_micro": 0.671,
    "cafa_rc_micro": 0.587,
    "cafa_f_micro": 0.626,
    "cafa_smin": 6.374
  },
  "best_val_fmax": 0.7532893115353287,
  "best_epoch": 34,
  "total_epochs": 39,
  "train_size": 45309,
  "val_size": 4985,
  "test_size": 1265
}