{
  "aspect": "BP",
  "similarity_threshold": 50,
  "esm": {
    "fmax": 0.2906349166212374,
    "threshold": 0.15848484848484848,
    "precision": 0.2750860069799799,
    "recall": 0.30804690177688426
  },
  "text": {
    "fmax": 0.4613732895662537,
    "threshold": 0.15848484848484848,
    "precision": 0.4396294939886239,
    "recall": 0.48537986978087
  },
  "improvement": {
    "absolute": 0.17073837294501626,
    "relative_percent": 58.74668292782135
  }
}