{
  "model_type": "function",
  "aspect": "BP",
  "similarity_threshold": 50,
  "num_go_terms": 5740,
  "test_metrics": {
    "fmax": 0.43975175664690214,
    "threshold": 0.25747474747474747,
    "precision": 0.4276781566482756,
    "recall": 0.45252684962284134,
    "micro_auprc": 0.3787457250043074,
    "macro_auprc": 0.28496972781025937,
    "cafa_fmax": 0.555,
    "cafa_threshold": 0.35,
    "cafa_precision": 0.594,
    "cafa_recall": 0.52,
    "cafa_coverage": 0.946,
    "cafa_pr_micro": 0.559,
    "cafa_rc_micro": 0.451,
    "cafa_f_micro": 0.5,
    "cafa_smin": 19.002
  },
  "best_val_fmax": 0.46430150046988666,
  "best_epoch": 50,
  "total_epochs": 50,
  "train_size": 21251,
  "val_size": 2625,
  "test_size": 2660
}