{
  "model_type": "concat",
  "aspect": "BP",
  "similarity_threshold": 50,
  "num_go_terms": 5740,
  "test_metrics": {
    "fmax": 0.41354123231657597,
    "threshold": 0.18818181818181817,
    "precision": 0.3819930304902484,
    "recall": 0.45076958107471204,
    "micro_auprc": 0.3506695457872488,
    "macro_auprc": 0.2538111669773629,
    "cafa_fmax": 0.535,
    "cafa_threshold": 0.32,
    "cafa_precision": 0.549,
    "cafa_recall": 0.521,
    "cafa_coverage": 0.958,
    "cafa_pr_micro": 0.513,
    "cafa_rc_micro": 0.458,
    "cafa_f_micro": 0.484,
    "cafa_smin": 19.557
  },
  "best_val_fmax": 0.4416486813328236,
  "best_epoch": 49,
  "total_epochs": 50,
  "train_size": 21251,
  "val_size": 2625,
  "test_size": 2660
}