{
  "model_type": "text",
  "aspect": "BP",
  "similarity_threshold": 50,
  "num_go_terms": 5740,
  "test_metrics": {
    "fmax": 0.4694079338764614,
    "threshold": 0.15848484848484848,
    "precision": 0.4552908020885189,
    "recall": 0.4844285349637061,
    "micro_auprc": 0.3797367663530996,
    "macro_auprc": 0.2922464530225207,
    "cafa_fmax": 0.573,
    "cafa_threshold": 0.27,
    "cafa_precision": 0.584,
    "cafa_recall": 0.562,
    "cafa_coverage": 0.971,
    "cafa_pr_micro": 0.545,
    "cafa_rc_micro": 0.485,
    "cafa_f_micro": 0.513,
    "cafa_smin": 18.479
  },
  "best_val_fmax": 0.4822492698632377,
  "best_epoch": 46,
  "total_epochs": 50,
  "train_size": 21251,
  "val_size": 2625,
  "test_size": 2660
}