{
  "model_type": "esm",
  "aspect": "BP",
  "similarity_threshold": 50,
  "num_go_terms": 5740,
  "test_metrics": {
    "fmax": 0.3251525523700115,
    "threshold": 0.18818181818181817,
    "precision": 0.30821985367115284,
    "recall": 0.34405386723741516,
    "micro_auprc": 0.24577003636261985,
    "macro_auprc": 0.16149708761773512,
    "cafa_fmax": 0.457,
    "cafa_threshold": 0.23,
    "cafa_precision": 0.458,
    "cafa_recall": 0.456,
    "cafa_coverage": 0.962,
    "cafa_pr_micro": 0.417,
    "cafa_rc_micro": 0.398,
    "cafa_f_micro": 0.407,
    "cafa_smin": 22.027
  },
  "best_val_fmax": 0.33693858671130433,
  "best_epoch": 50,
  "total_epochs": 50,
  "train_size": 21251,
  "val_size": 2625,
  "test_size": 2660
}