{
  "model_type": "pairwise_adaptive_fusion_with_ppi",
  "modality_pair": "prott5_esm",
  "experiment_name": "prott5_esm_fusion_ppi",
  "aspect": "CCO",
  "num_go_terms": 551,
  "num_parameters": 5425964,
  "seed": 42,
  "use_ppi": true,
  "regularization": {
    "diversity_loss": false,
    "diversity_weight": null,
    "gate_entropy": true,
    "gate_entropy_weight": 0.001
  },
  "test_metrics": {
    "fmax": 0.6345802055893149,
    "threshold": 0.5247474747474747,
    "precision": 0.6426061961034772,
    "recall": 0.6267522272755552,
    "micro_auprc": 0.6756000103885358,
    "macro_auprc": 0.2421181745121496,
    "gate_prott5_mean": 0.489040344953537,
    "gate_prott5_std": 0.07778383046388626,
    "gate_esm_mean": 0.5109596848487854,
    "gate_esm_std": 0.07778383046388626,
    "cafa_fmax": 0.698,
    "cafa_threshold": 0.67,
    "cafa_precision": 0.727,
    "cafa_recall": 0.672,
    "cafa_coverage": 1.0,
    "cafa_pr_micro": 0.684,
    "cafa_rc_micro": 0.589,
    "cafa_f_micro": 0.633,
    "cafa_smin": 6.257
  },
  "best_val_fmax": 0.7520869899752894,
  "best_epoch": 16,
  "total_epochs": 21,
  "train_size": 45309,
  "val_size": 4985,
  "test_size": 1265
}