{
  "plm_type": "prott5",
  "aspect": "BPO",
  "embedding_dim": 1024,
  "num_go_terms": 3992,
  "num_gpus": 1,
  "effective_batch_size": 16,
  "seed": 42,
  "test_metrics": {
    "fmax": 0.5583739090931957,
    "threshold": 0.44555555555555554,
    "precision": 0.5836976418192373,
    "recall": 0.535156149963163,
    "micro_auprc": 0.4742144702129815,
    "macro_auprc": 0.1682368351991607,
    "cafa_fmax": 0.561,
    "cafa_threshold": 0.42,
    "cafa_precision": 0.552,
    "cafa_recall": 0.57,
    "cafa_coverage": 1.0,
    "cafa_pr_micro": 0.527,
    "cafa_rc_micro": 0.474,
    "cafa_f_micro": 0.499,
    "cafa_smin": 19.584
  },
  "best_val_fmax": 0.552394619281911,
  "best_epoch": 50,
  "total_epochs": 50,
  "train_size": 47691,
  "val_size": 5252,
  "test_size": 2392
}