{
  "plm_type": "prott5",
  "aspect": "BPO",
  "embedding_dim": 1024,
  "num_go_terms": 3992,
  "num_gpus": 1,
  "effective_batch_size": 16,
  "seed": 42,
  "test_metrics": {
    "fmax": 0.49859453958721917,
    "threshold": 0.43565656565656563,
    "precision": 0.5363150953713524,
    "recall": 0.4658313077976134,
    "micro_auprc": 0.4791645145423105,
    "macro_auprc": 0.16674954589901028,
    "cafa_fmax": 0.561,
    "cafa_threshold": 0.51,
    "cafa_precision": 0.587,
    "cafa_recall": 0.538,
    "cafa_coverage": 1.0,
    "cafa_pr_micro": 0.556,
    "cafa_rc_micro": 0.448,
    "cafa_f_micro": 0.496,
    "cafa_smin": 19.54
  },
  "best_val_fmax": 0.5037067832649347,
  "best_epoch": 39,
  "total_epochs": 44,
  "train_size": 47691,
  "val_size": 5252,
  "test_size": 2392
}