{
  "experiment_name": "text_esm_temp_1.5_fixed",
  "modality_pair": "text_esm",
  "aspect": "CCO",
  "temperature_init": 1.5,
  "temperature_final": 1.5,
  "learnable_temperature": false,
  "num_go_terms": 551,
  "seed": 42,
  "test_metrics": {
    "fmax": 0.6290649120087198,
    "threshold": 0.5049494949494949,
    "precision": 0.6389692179165822,
    "recall": 0.6194629618092292,
    "micro_auprc": 0.6723493581289761,
    "macro_auprc": 0.21297310153449037,
    "cafa_fmax": 0.695,
    "cafa_threshold": 0.54,
    "cafa_precision": 0.692,
    "cafa_recall": 0.698,
    "cafa_coverage": 1.0,
    "cafa_pr_micro": 0.646,
    "cafa_rc_micro": 0.614,
    "cafa_f_micro": 0.629,
    "cafa_smin": 6.385
  },
  "best_val_fmax": 0.7128945621025053,
  "best_epoch": 15,
  "total_epochs": 20
}