{
  "model_type": "simplified_pairwise_fusion",
  "modality_pair": "text_prott5",
  "experiment_name": "text_prott5_simplified_ppi",
  "aspect": "BPO",
  "num_go_terms": 3992,
  "num_parameters": 4283803,
  "seed": 42,
  "use_ppi": true,
  "config": {
    "hidden_dim": 512,
    "dropout": 0.3,
    "entropy_weight": 0.0005,
    "lr": 0.001,
    "weight_decay": 0.01,
    "batch_size": 32,
    "max_epochs": 50,
    "patience": 5,
    "gradient_clip": 1.0,
    "warmup_ratio": 0.1,
    "focal_gamma": 2.0,
    "focal_alpha": 0.25
  },
  "test_metrics": {
    "fmax": 0.5064690347433898,
    "threshold": 0.36636363636363634,
    "precision": 0.5079456520211877,
    "recall": 0.5050009778448292,
    "micro_auprc": 0.4861855781320578,
    "macro_auprc": 0.17880385461661122,
    "gate1_mean": 0.5194405913352966,
    "gate2_mean": 0.480559378862381,
    "cafa_fmax": 0.573,
    "cafa_threshold": 0.43,
    "cafa_precision": 0.62,
    "cafa_recall": 0.532,
    "cafa_coverage": 1.0,
    "cafa_pr_micro": 0.588,
    "cafa_rc_micro": 0.43,
    "cafa_f_micro": 0.497,
    "cafa_smin": 19.291
  },
  "best_val_fmax": 0.5146028472370806,
  "best_epoch": 25,
  "total_epochs": 30,
  "train_size": 47691,
  "val_size": 5252,
  "test_size": 2392
}