{
  "model_type": "simplified_pairwise_fusion",
  "modality_pair": "text_prott5",
  "experiment_name": "text_prott5_simplified_ppi",
  "aspect": "BPO",
  "num_go_terms": 3992,
  "num_parameters": 4283803,
  "seed": 42,
  "use_ppi": true,
  "config": {
    "hidden_dim": 512,
    "dropout": 0.3,
    "entropy_weight": 0.0005,
    "lr": 0.001,
    "weight_decay": 0.01,
    "batch_size": 32,
    "max_epochs": 50,
    "patience": 5,
    "gradient_clip": 1.0,
    "warmup_ratio": 0.1,
    "focal_gamma": 2.0,
    "focal_alpha": 0.25
  },
  "test_metrics": {
    "fmax": 0.5301139095544761,
    "threshold": 0.37626262626262624,
    "precision": 0.5451834354469616,
    "recall": 0.5158550554577703,
    "micro_auprc": 0.5229835033936943,
    "macro_auprc": 0.2110406654685816,
    "gate1_mean": 0.5009756684303284,
    "gate2_mean": 0.49902430176734924,
    "cafa_fmax": 0.598,
    "cafa_threshold": 0.43,
    "cafa_precision": 0.635,
    "cafa_recall": 0.565,
    "cafa_coverage": 1.0,
    "cafa_pr_micro": 0.601,
    "cafa_rc_micro": 0.476,
    "cafa_f_micro": 0.531,
    "cafa_smin": 18.231
  },
  "best_val_fmax": 0.5535143912954673,
  "best_epoch": 19,
  "total_epochs": 24,
  "train_size": 47691,
  "val_size": 5252,
  "test_size": 2392
}