{
  "model_type": "multimodal_fusion",
  "enabled_modalities": [
    "prott5",
    "text",
    "struct"
  ],
  "aspect": "BPO",
  "num_go_terms": 3992,
  "num_parameters": 9771105,
  "seed": 42,
  "use_aux_heads": true,
  "config": {
    "hidden_dim": 512,
    "dropout": 0.3,
    "modality_dropout": 0.1,
    "aux_weight": 0.1,
    "lr": 0.001,
    "weight_decay": 0.01,
    "batch_size": 32,
    "max_epochs": 50,
    "patience": 7,
    "warmup_ratio": 0.1,
    "focal_gamma": 2.0,
    "focal_alpha": 0.25,
    "min_delta_fmax": 0.0001,
    "min_delta_loss": 0.0001,
    "normalize": "none"
  },
  "test_metrics": {
    "loss": 0.022586408251275617,
    "fmax": 0.5092096649955051,
    "threshold": 0.40595959595959596,
    "precision": 0.5131573347708276,
    "recall": 0.5053222697175418,
    "micro_auprc": 0.4845438561338895,
    "macro_auprc": 0.1764158015741112,
    "gate_prott5": 0.5875752568244934,
    "gate_text": 0.4111093282699585,
    "gate_struct": 0.0013153661275282502,
    "cafa_fmax": 0.579,
    "cafa_threshold": 0.51,
    "cafa_precision": 0.586,
    "cafa_recall": 0.571,
    "cafa_coverage": 1.0,
    "cafa_pr_micro": 0.552,
    "cafa_rc_micro": 0.468,
    "cafa_f_micro": 0.507,
    "cafa_smin": 19.339
  },
  "best_val_fmax": 0.5178220691655008,
  "loss_at_best_fmax": 0.03579864293111093,
  "best_epoch_by_fmax": 25,
  "total_epochs": 25,
  "train_size": 47691,
  "val_size": 5252,
  "test_size": 2392
}