{
  "model_type": "simplified_pairwise_fusion",
  "modality_pair": "text_prott5",
  "aspect": "BPO",
  "num_go_terms": 3992,
  "seed": 42,
  "use_ppi": true,
  "config": {
    "use_ppi": true,
    "hidden_dim": 512,
    "dropout": 0.3,
    "entropy_weight": 0.01,
    "lr": 0.001,
    "weight_decay": 0.01,
    "batch_size": 32,
    "max_epochs": 50,
    "patience": 5,
    "warmup_ratio": 0.1,
    "focal_gamma": 2.0,
    "focal_alpha": 0.25
  },
  "test_metrics": {
    "fmax": 0.5168647169135948,
    "threshold": 0.37626262626262624,
    "precision": 0.5303932377802271,
    "recall": 0.5040091638029776,
    "micro_auprc": 0.5001684706513441,
    "macro_auprc": 0.20200718240275606,
    "gate1_mean": 0.49930745363235474,
    "gate2_mean": 0.5006925463676453,
    "cafa_fmax": 0.588,
    "cafa_threshold": 0.44,
    "cafa_precision": 0.636,
    "cafa_recall": 0.546,
    "cafa_coverage": 1.0,
    "cafa_pr_micro": 0.59,
    "cafa_rc_micro": 0.46,
    "cafa_f_micro": 0.517,
    "cafa_smin": 18.752
  },
  "best_val_fmax": 0.5546259131492062,
  "best_epoch": 27,
  "total_epochs": 32
}