{
  "plm_type": "prostt5",
  "aspect": "BPO",
  "num_go_terms": 3992,
  "num_gpus": 1,
  "effective_batch_size": 16,
  "test_metrics": {
    "fmax": 0.5622824438270901,
    "threshold": 0.40595959595959596,
    "precision": 0.5925413523178075,
    "recall": 0.5349638089000834,
    "micro_auprc": 0.48263154279564063,
    "macro_auprc": 0.16273025286594886,
    "cafa_fmax": 0.562,
    "cafa_threshold": 0.44,
    "cafa_precision": 0.591,
    "cafa_recall": 0.536,
    "cafa_coverage": 1.0,
    "cafa_pr_micro": 0.579,
    "cafa_rc_micro": 0.436,
    "cafa_f_micro": 0.498,
    "cafa_smin": 19.328
  },
  "best_val_fmax": 0.5381470385364169,
  "best_epoch": 48,
  "total_epochs": 50,
  "train_size": 47691,
  "val_size": 5252,
  "test_size": 2392
}