{
  "plm_type": "prostt5",
  "aspect": "BPO",
  "embedding_dim": 1024,
  "num_go_terms": 3992,
  "num_gpus": 1,
  "effective_batch_size": 16,
  "seed": 42,
  "test_metrics": {
    "fmax": 0.5688823164796476,
    "threshold": 0.43565656565656563,
    "precision": 0.6105649711454761,
    "recall": 0.5325272204270795,
    "micro_auprc": 0.47804083318664214,
    "macro_auprc": 0.16145814945232498,
    "cafa_fmax": 0.565,
    "cafa_threshold": 0.42,
    "cafa_precision": 0.567,
    "cafa_recall": 0.564,
    "cafa_coverage": 1.0,
    "cafa_pr_micro": 0.548,
    "cafa_rc_micro": 0.464,
    "cafa_f_micro": 0.503,
    "cafa_smin": 19.388
  },
  "best_val_fmax": 0.5364099150831694,
  "best_epoch": 48,
  "total_epochs": 50,
  "train_size": 47691,
  "val_size": 5252,
  "test_size": 2392
}