{
  "plm_type": "prostt5",
  "aspect": "BPO",
  "embedding_dim": 1024,
  "num_go_terms": 3992,
  "num_gpus": 1,
  "effective_batch_size": 16,
  "seed": 42,
  "test_metrics": {
    "fmax": 0.5022970206462927,
    "threshold": 0.40595959595959596,
    "precision": 0.549184404217226,
    "recall": 0.46278601961277277,
    "micro_auprc": 0.47999234181378386,
    "macro_auprc": 0.16412219821196225,
    "cafa_fmax": 0.563,
    "cafa_threshold": 0.46,
    "cafa_precision": 0.576,
    "cafa_recall": 0.551,
    "cafa_coverage": 1.0,
    "cafa_pr_micro": 0.561,
    "cafa_rc_micro": 0.452,
    "cafa_f_micro": 0.501,
    "cafa_smin": 19.306
  },
  "best_val_fmax": 0.4893561622427467,
  "best_epoch": 50,
  "total_epochs": 50,
  "train_size": 47691,
  "val_size": 5252,
  "test_size": 2392
}