{
  "experiment_name": "text_esm_temp_2.0_fixed",
  "modality_pair": "text_esm",
  "aspect": "CCO",
  "temperature_init": 2.0,
  "temperature_final": 2.0,
  "learnable_temperature": false,
  "num_go_terms": 551,
  "seed": 42,
  "test_metrics": {
    "fmax": 0.6339587241526234,
    "threshold": 0.5247474747474747,
    "precision": 0.6363864649381591,
    "recall": 0.6315494361721972,
    "micro_auprc": 0.6782432416750044,
    "macro_auprc": 0.2227627021295466,
    "cafa_fmax": 0.701,
    "cafa_threshold": 0.63,
    "cafa_precision": 0.722,
    "cafa_recall": 0.681,
    "cafa_coverage": 1.0,
    "cafa_pr_micro": 0.68,
    "cafa_rc_micro": 0.59,
    "cafa_f_micro": 0.632,
    "cafa_smin": 6.223
  },
  "best_val_fmax": 0.7124062582304447,
  "best_epoch": 13,
  "total_epochs": 18
}