{
  "plm_type": "esm",
  "aspect": "CCO",
  "embedding_dim": 1280,
  "num_go_terms": 551,
  "num_gpus": 1,
  "effective_batch_size": 16,
  "seed": 42,
  "test_metrics": {
    "fmax": 0.6943723008385395,
    "threshold": 0.6237373737373737,
    "precision": 0.74558143518278,
    "recall": 0.6497455121577567,
    "micro_auprc": 0.6704744419140944,
    "macro_auprc": 0.21794125405459558,
    "cafa_fmax": 0.696,
    "cafa_threshold": 0.63,
    "cafa_precision": 0.744,
    "cafa_recall": 0.653,
    "cafa_coverage": 1.0,
    "cafa_pr_micro": 0.714,
    "cafa_rc_micro": 0.56,
    "cafa_f_micro": 0.628,
    "cafa_smin": 6.264
  },
  "best_val_fmax": 0.7511743069799408,
  "best_epoch": 44,
  "total_epochs": 50,
  "train_size": 45309,
  "val_size": 4985,
  "test_size": 1265
}