{
  "plm_type": "esm",
  "aspect": "CCO",
  "num_go_terms": 551,
  "num_gpus": 6,
  "effective_batch_size": 96,
  "test_metrics": {
    "fmax": 0.6964100652735585,
    "threshold": 0.6435353535353535,
    "precision": 0.7328333306089593,
    "recall": 0.6634359852932339,
    "micro_auprc": 0.6737419095490613,
    "macro_auprc": 0.21738555260146022,
    "cafa_fmax": 0.696,
    "cafa_threshold": 0.64,
    "cafa_precision": 0.725,
    "cafa_recall": 0.668,
    "cafa_coverage": 1.0,
    "cafa_pr_micro": 0.686,
    "cafa_rc_micro": 0.582,
    "cafa_f_micro": 0.63,
    "cafa_smin": 6.266
  },
  "best_val_fmax": 0.7556487979902826,
  "best_epoch": 49,
  "total_epochs": 50,
  "train_size": 45309,
  "val_size": 4985,
  "test_size": 1265
}