{
  "plm_type": "esm",
  "aspect": "CCO",
  "embedding_dim": 1280,
  "num_go_terms": 551,
  "num_gpus": 1,
  "effective_batch_size": 16,
  "seed": 42,
  "test_metrics": {
    "fmax": 0.6322837731406024,
    "threshold": 0.5247474747474747,
    "precision": 0.6645382766906923,
    "recall": 0.603015388449314,
    "micro_auprc": 0.6741427603926673,
    "macro_auprc": 0.21131800680117863,
    "cafa_fmax": 0.696,
    "cafa_threshold": 0.6,
    "cafa_precision": 0.725,
    "cafa_recall": 0.669,
    "cafa_coverage": 1.0,
    "cafa_pr_micro": 0.696,
    "cafa_rc_micro": 0.577,
    "cafa_f_micro": 0.631,
    "cafa_smin": 6.238
  },
  "best_val_fmax": 0.7055447819217255,
  "best_epoch": 32,
  "total_epochs": 37,
  "train_size": 45309,
  "val_size": 4985,
  "test_size": 1265
}