{
  "model_type": "pairwise_adaptive_fusion_with_ppi",
  "modality_pair": "prott5_prostt5",
  "experiment_name": "prott5_prostt5_fusion_ppi_div_noentropy",
  "aspect": "CCO",
  "num_go_terms": 551,
  "num_parameters": 5294892,
  "seed": 42,
  "use_ppi": true,
  "regularization": {
    "diversity_loss": true,
    "diversity_weight": 0.01,
    "gate_entropy": false,
    "gate_entropy_weight": null
  },
  "test_metrics": {
    "fmax": 0.6327576637547536,
    "threshold": 0.5742424242424242,
    "precision": 0.6646776406035619,
    "recall": 0.6037630054202193,
    "micro_auprc": 0.6706622306715655,
    "macro_auprc": 0.23580796734645282,
    "gate_prott5_mean": 0.9721370935440063,
    "gate_prott5_std": 0.06021254509687424,
    "gate_prostt5_mean": 0.027862971648573875,
    "gate_prostt5_std": 0.060212548822164536,
    "cafa_fmax": 0.7,
    "cafa_threshold": 0.61,
    "cafa_precision": 0.712,
    "cafa_recall": 0.688,
    "cafa_coverage": 1.0,
    "cafa_pr_micro": 0.666,
    "cafa_rc_micro": 0.604,
    "cafa_f_micro": 0.633,
    "cafa_smin": 6.296
  },
  "best_val_fmax": 0.751048278582176,
  "best_epoch": 14,
  "total_epochs": 19,
  "train_size": 45309,
  "val_size": 4985,
  "test_size": 1265
}