{
  "plm_type": "prostt5",
  "aspect": "MFO",
  "embedding_dim": 1024,
  "num_go_terms": 677,
  "num_gpus": 1,
  "effective_batch_size": 16,
  "seed": 42,
  "test_metrics": {
    "fmax": 0.6721183844994552,
    "threshold": 0.45545454545454545,
    "precision": 0.72717851115657,
    "recall": 0.6248093901299928,
    "micro_auprc": 0.637487668820172,
    "macro_auprc": 0.4139850857848728,
    "cafa_fmax": 0.678,
    "cafa_threshold": 0.45,
    "cafa_precision": 0.714,
    "cafa_recall": 0.645,
    "cafa_coverage": 1.0,
    "cafa_pr_micro": 0.652,
    "cafa_rc_micro": 0.569,
    "cafa_f_micro": 0.607,
    "cafa_smin": 4.409
  },
  "best_val_fmax": 0.7075451478587861,
  "best_epoch": 47,
  "total_epochs": 50,
  "train_size": 32421,
  "val_size": 3587,
  "test_size": 1137
}