{
  "plm_type": "prostt5",
  "aspect": "MFO",
  "embedding_dim": 1024,
  "num_go_terms": 677,
  "num_gpus": 1,
  "effective_batch_size": 16,
  "seed": 42,
  "test_metrics": {
    "fmax": 0.6035301018003905,
    "threshold": 0.37626262626262624,
    "precision": 0.6177273223447154,
    "recall": 0.5899708090075001,
    "micro_auprc": 0.631855891207604,
    "macro_auprc": 0.4160908147640751,
    "cafa_fmax": 0.66,
    "cafa_threshold": 0.41,
    "cafa_precision": 0.674,
    "cafa_recall": 0.646,
    "cafa_coverage": 1.0,
    "cafa_pr_micro": 0.616,
    "cafa_rc_micro": 0.59,
    "cafa_f_micro": 0.603,
    "cafa_smin": 4.511
  },
  "best_val_fmax": 0.6525743976829436,
  "best_epoch": 34,
  "total_epochs": 39,
  "train_size": 32421,
  "val_size": 3587,
  "test_size": 1137
}