{
  "experiment_name": "text_esm_temp_0.5_learned",
  "modality_pair": "text_esm",
  "aspect": "BPO",
  "temperature_init": 0.5,
  "temperature_final": 0.7902358770370483,
  "learnable_temperature": true,
  "num_go_terms": 3992,
  "seed": 42,
  "test_metrics": {
    "fmax": 0.5043077783415595,
    "threshold": 0.4257575757575757,
    "precision": 0.5183371919838371,
    "recall": 0.4910177967759052,
    "micro_auprc": 0.4702800490218236,
    "macro_auprc": 0.16742731900323563,
    "cafa_fmax": 0.577,
    "cafa_threshold": 0.54,
    "cafa_precision": 0.592,
    "cafa_recall": 0.563,
    "cafa_coverage": 1.0,
    "cafa_pr_micro": 0.559,
    "cafa_rc_micro": 0.448,
    "cafa_f_micro": 0.498,
    "cafa_smin": 19.568
  },
  "best_val_fmax": 0.5104346377884956,
  "best_epoch": 16,
  "total_epochs": 21
}