{
  "aspect": "BP",
  "similarity_threshold": 70,
  "esm": {
    "fmax": 0.30684994384298114,
    "threshold": 0.1782828282828283,
    "precision": 0.2966822177899215,
    "recall": 0.31773932741364735
  },
  "text": {
    "fmax": 0.4874280375884055,
    "threshold": 0.16838383838383839,
    "precision": 0.4738300857120421,
    "recall": 0.5018295157985877
  },
  "improvement": {
    "absolute": 0.18057809374542438,
    "relative_percent": 58.84899031880821
  }
}