{
  "model_type": "function",
  "aspect": "BP",
  "similarity_threshold": 70,
  "num_go_terms": 5743,
  "test_metrics": {
    "fmax": 0.442660902636054,
    "threshold": 0.2772727272727273,
    "precision": 0.44451021268691987,
    "recall": 0.44082691642000316,
    "micro_auprc": 0.3769883908287827,
    "macro_auprc": 0.2807697430797932,
    "cafa_fmax": 0.556,
    "cafa_threshold": 0.32,
    "cafa_precision": 0.58,
    "cafa_recall": 0.533,
    "cafa_coverage": 0.961,
    "cafa_pr_micro": 0.549,
    "cafa_rc_micro": 0.465,
    "cafa_f_micro": 0.504,
    "cafa_smin": 19.201
  },
  "best_val_fmax": 0.44307031123917645,
  "best_epoch": 48,
  "total_epochs": 50,
  "train_size": 26900,
  "val_size": 3351,
  "test_size": 3327
}