{
  "model_type": "text",
  "aspect": "BP",
  "similarity_threshold": 70,
  "num_go_terms": 5743,
  "test_metrics": {
    "fmax": 0.4696114619409125,
    "threshold": 0.12878787878787878,
    "precision": 0.44129734832954287,
    "recall": 0.5018080045987068,
    "micro_auprc": 0.3718406804207551,
    "macro_auprc": 0.29248167190383956,
    "cafa_fmax": 0.571,
    "cafa_threshold": 0.29,
    "cafa_precision": 0.592,
    "cafa_recall": 0.551,
    "cafa_coverage": 0.965,
    "cafa_pr_micro": 0.539,
    "cafa_rc_micro": 0.482,
    "cafa_f_micro": 0.509,
    "cafa_smin": 18.819
  },
  "best_val_fmax": 0.47669555029679134,
  "best_epoch": 49,
  "total_epochs": 50,
  "train_size": 26900,
  "val_size": 3351,
  "test_size": 3327
}