{
  "model_type": "concat",
  "aspect": "BP",
  "similarity_threshold": 70,
  "num_go_terms": 5743,
  "test_metrics": {
    "fmax": 0.4324282410329998,
    "threshold": 0.207979797979798,
    "precision": 0.40396016100103355,
    "recall": 0.4652129585835858,
    "micro_auprc": 0.3643679806693162,
    "macro_auprc": 0.27256992664409746,
    "cafa_fmax": 0.546,
    "cafa_threshold": 0.3,
    "cafa_precision": 0.549,
    "cafa_recall": 0.542,
    "cafa_coverage": 0.97,
    "cafa_pr_micro": 0.519,
    "cafa_rc_micro": 0.478,
    "cafa_f_micro": 0.498,
    "cafa_smin": 19.319
  },
  "best_val_fmax": 0.43741805694082314,
  "best_epoch": 42,
  "total_epochs": 50,
  "train_size": 26900,
  "val_size": 3351,
  "test_size": 3327
}