{
  "model_type": "esm",
  "aspect": "BP",
  "similarity_threshold": 70,
  "num_go_terms": 5743,
  "test_metrics": {
    "fmax": 0.3359240267217988,
    "threshold": 0.18818181818181817,
    "precision": 0.31251648214802863,
    "recall": 0.3631219291057871,
    "micro_auprc": 0.25941606794777156,
    "macro_auprc": 0.18179181624046165,
    "cafa_fmax": 0.467,
    "cafa_threshold": 0.27,
    "cafa_precision": 0.496,
    "cafa_recall": 0.44,
    "cafa_coverage": 0.952,
    "cafa_pr_micro": 0.457,
    "cafa_rc_micro": 0.383,
    "cafa_f_micro": 0.417,
    "cafa_smin": 21.913
  },
  "best_val_fmax": 0.3403900741313585,
  "best_epoch": 47,
  "total_epochs": 50,
  "train_size": 26900,
  "val_size": 3351,
  "test_size": 3327
}