{
  "model_type": "prostt5",
  "aspect": "BP",
  "similarity_threshold": 95,
  "num_go_terms": 5743,
  "test_metrics": {
    "fmax": 0.3177547841751203,
    "threshold": 0.16838383838383839,
    "precision": 0.29498703867006415,
    "recall": 0.3443310051577506,
    "micro_auprc": 0.24026953738623125,
    "macro_auprc": 0.14195091544820898,
    "cafa_fmax": 0.444,
    "cafa_threshold": 0.22,
    "cafa_precision": 0.458,
    "cafa_recall": 0.431,
    "cafa_coverage": 0.971,
    "cafa_pr_micro": 0.428,
    "cafa_rc_micro": 0.375,
    "cafa_f_micro": 0.4,
    "cafa_smin": 24.201
  },
  "best_val_fmax": 0.3219598110004137,
  "best_epoch": 50,
  "total_epochs": 50,
  "train_size": 35339,
  "val_size": 4423,
  "test_size": 4427
}