{
  "model_type": "esm",
  "aspect": "BP",
  "similarity_threshold": 95,
  "num_go_terms": 5743,
  "test_metrics": {
    "fmax": 0.32172065307124476,
    "threshold": 0.1782828282828283,
    "precision": 0.31415218792224325,
    "recall": 0.3296627954675543,
    "micro_auprc": 0.24531786427107086,
    "macro_auprc": 0.14013325666320509,
    "cafa_fmax": 0.449,
    "cafa_threshold": 0.2,
    "cafa_precision": 0.451,
    "cafa_recall": 0.448,
    "cafa_coverage": 0.977,
    "cafa_pr_micro": 0.418,
    "cafa_rc_micro": 0.391,
    "cafa_f_micro": 0.404,
    "cafa_smin": 24.118
  },
  "best_val_fmax": 0.3286731285261347,
  "best_epoch": 50,
  "total_epochs": 50,
  "train_size": 35339,
  "val_size": 4423,
  "test_size": 4427
}