{
  "model_type": "ankh",
  "aspect": "BP",
  "similarity_threshold": 95,
  "num_go_terms": 5743,
  "test_metrics": {
    "fmax": 0.3324251973168172,
    "threshold": 0.16838383838383839,
    "precision": 0.3157349300837467,
    "recall": 0.35097849754487326,
    "micro_auprc": 0.25063751745386315,
    "macro_auprc": 0.15442811137620738,
    "cafa_fmax": 0.456,
    "cafa_threshold": 0.19,
    "cafa_precision": 0.446,
    "cafa_recall": 0.466,
    "cafa_coverage": 0.979,
    "cafa_pr_micro": 0.416,
    "cafa_rc_micro": 0.404,
    "cafa_f_micro": 0.41,
    "cafa_smin": 23.925
  },
  "best_val_fmax": 0.33576603214437045,
  "best_epoch": 50,
  "total_epochs": 50,
  "train_size": 35339,
  "val_size": 4423,
  "test_size": 4427
}