{
  "model_type": "function",
  "aspect": "CC",
  "similarity_threshold": 50,
  "num_go_terms": 799,
  "test_metrics": {
    "fmax": 0.6139051782254058,
    "threshold": 0.33666666666666667,
    "precision": 0.606871271616573,
    "recall": 0.6211040491254393,
    "micro_auprc": 0.5988786077171885,
    "macro_auprc": 0.4456900220683785,
    "cafa_fmax": 0.734,
    "cafa_threshold": 0.36,
    "cafa_precision": 0.739,
    "cafa_recall": 0.729,
    "cafa_coverage": 0.995,
    "cafa_pr_micro": 0.722,
    "cafa_rc_micro": 0.688,
    "cafa_f_micro": 0.704,
    "cafa_smin": 5.045
  },
  "best_val_fmax": 0.6106230559347078,
  "best_epoch": 48,
  "total_epochs": 50,
  "train_size": 19378,
  "val_size": 2408,
  "test_size": 2440
}