{
  "model_type": "concat",
  "aspect": "CC",
  "similarity_threshold": 50,
  "num_go_terms": 799,
  "test_metrics": {
    "fmax": 0.695595354032277,
    "threshold": 0.3465656565656566,
    "precision": 0.7192216681130262,
    "recall": 0.6734719120470367,
    "micro_auprc": 0.6735637711776705,
    "macro_auprc": 0.44848927580973486
  },
  "best_val_fmax": 0.7048244285238112,
  "best_epoch": 23,
  "total_epochs": 33,
  "train_size": 19378,
  "val_size": 2408,
  "test_size": 2440
}