{
  "model_type": "concat",
  "aspect": "CC",
  "similarity_threshold": 50,
  "num_go_terms": 799,
  "test_metrics": {
    "fmax": 0.6940424843749158,
    "threshold": 0.31686868686868686,
    "precision": 0.7035580576237768,
    "recall": 0.6847808713484957,
    "micro_auprc": 0.6741000363526779,
    "macro_auprc": 0.47012590951473077,
    "cafa_fmax": 0.79,
    "cafa_threshold": 0.32,
    "cafa_precision": 0.793,
    "cafa_recall": 0.786,
    "cafa_coverage": 0.995,
    "cafa_pr_micro": 0.762,
    "cafa_rc_micro": 0.737,
    "cafa_f_micro": 0.749,
    "cafa_smin": 4.256
  },
  "best_val_fmax": 0.7054089924670339,
  "best_epoch": 26,
  "total_epochs": 36,
  "train_size": 19378,
  "val_size": 2408,
  "test_size": 2440
}