{
  "model_type": "text",
  "aspect": "CC",
  "similarity_threshold": 50,
  "num_go_terms": 799,
  "test_metrics": {
    "fmax": 0.6841876298159818,
    "threshold": 0.38616161616161615,
    "precision": 0.6907496498683269,
    "recall": 0.6777491130498551
  },
  "best_val_fmax": 0.6978429677500607,
  "train_size": 19378,
  "val_size": 2408,
  "test_size": 2440
}