{
  "model_type": "function",
  "aspect": "CC",
  "similarity_threshold": 50,
  "num_go_terms": 799,
  "test_metrics": {
    "fmax": 0.5963486887563363,
    "threshold": 0.30696969696969695,
    "precision": 0.5982820438782647,
    "recall": 0.5944277888025065
  },
  "best_val_fmax": 0.5949895251912862,
  "train_size": 19378,
  "val_size": 2408,
  "test_size": 2440
}