{
  "model_type": "esm",
  "aspect": "CC",
  "similarity_threshold": 50,
  "num_go_terms": 799,
  "test_metrics": {
    "fmax": 0.6171271445142313,
    "threshold": 0.3564646464646465,
    "precision": 0.6312118842816309,
    "recall": 0.6036572535397077,
    "micro_auprc": 0.5585549744466962,
    "macro_auprc": 0.3048415936288445,
    "cafa_fmax": 0.732,
    "cafa_threshold": 0.37,
    "cafa_precision": 0.749,
    "cafa_recall": 0.715,
    "cafa_coverage": 0.994,
    "cafa_pr_micro": 0.719,
    "cafa_rc_micro": 0.645,
    "cafa_f_micro": 0.68,
    "cafa_smin": 5.378
  },
  "best_val_fmax": 0.6232339845953732,
  "best_epoch": 25,
  "total_epochs": 35,
  "train_size": 19378,
  "val_size": 2408,
  "test_size": 2440
}