{
  "model_type": "text",
  "aspect": "CC",
  "similarity_threshold": 50,
  "num_go_terms": 799,
  "test_metrics": {
    "fmax": 0.6671026523726262,
    "threshold": 0.29707070707070704,
    "precision": 0.6509576088252496,
    "recall": 0.684068922463897,
    "micro_auprc": 0.6390786804576938,
    "macro_auprc": 0.4599261746791578,
    "cafa_fmax": 0.77,
    "cafa_threshold": 0.32,
    "cafa_precision": 0.763,
    "cafa_recall": 0.777,
    "cafa_coverage": 0.993,
    "cafa_pr_micro": 0.731,
    "cafa_rc_micro": 0.733,
    "cafa_f_micro": 0.732,
    "cafa_smin": 4.534
  },
  "best_val_fmax": 0.6815314154637026,
  "best_epoch": 14,
  "total_epochs": 24,
  "train_size": 19378,
  "val_size": 2408,
  "test_size": 2440
}