{
  "model_type": "pairwise_with_ppi",
  "modality_pair": "text_prott5",
  "use_ppi": true,
  "aspect": "MFO",
  "num_go_terms": 677,
  "num_parameters": 5292970,
  "seed": 42,
  "regularization": {
    "diversity_loss": false,
    "diversity_weight": null,
    "gate_entropy": true,
    "gate_entropy_weight": 0.001
  },
  "test_metrics": {
    "fmax": 0.604574262832494,
    "threshold": 0.495050505050505,
    "precision": 0.6412954518882189,
    "recall": 0.5718306922435303,
    "micro_auprc": 0.6343125774175021,
    "macro_auprc": 0.41389298971600946,
    "text_mean": 0.4749979078769684,
    "text_std": 0.058709416538476944,
    "prott5_mean": 0.5250020623207092,
    "prott5_std": 0.058709416538476944,
    "cafa_fmax": 0.672,
    "cafa_threshold": 0.5,
    "cafa_precision": 0.693,
    "cafa_recall": 0.653,
    "cafa_coverage": 1.0,
    "cafa_pr_micro": 0.618,
    "cafa_rc_micro": 0.592,
    "cafa_f_micro": 0.605,
    "cafa_smin": 4.441
  },
  "best_val_fmax": 0.6780624601158208,
  "best_epoch": 16,
  "total_epochs": 21,
  "dataset_sizes": {
    "train": 32421,
    "val": 3587,
    "test": 1137
  }
}