{
  "experiment_name": "prott5_esm_temp_3.0_learned",
  "modality_pair": "prott5_esm",
  "aspect": "CCO",
  "temperature_init": 3.0,
  "temperature_final": 3.070948600769043,
  "learnable_temperature": true,
  "num_go_terms": 551,
  "seed": 42,
  "test_metrics": {
    "fmax": 0.6369266434342157,
    "threshold": 0.5445454545454546,
    "precision": 0.6798642533936603,
    "recall": 0.5990903993520615,
    "micro_auprc": 0.683929501331926,
    "macro_auprc": 0.20315016388991253,
    "cafa_fmax": 0.7,
    "cafa_threshold": 0.55,
    "cafa_precision": 0.71,
    "cafa_recall": 0.69,
    "cafa_coverage": 1.0,
    "cafa_pr_micro": 0.674,
    "cafa_rc_micro": 0.606,
    "cafa_f_micro": 0.638,
    "cafa_smin": 6.189
  },
  "best_val_fmax": 0.7146596048281484,
  "best_epoch": 11,
  "total_epochs": 16
}