{
  "model_type": "multimodal_fusion",
  "enabled_modalities": [
    "prott5",
    "struct"
  ],
  "aspect": "MFO",
  "num_go_terms": 677,
  "num_parameters": 2226672,
  "seed": 42,
  "use_aux_heads": true,
  "config": {
    "hidden_dim": 512,
    "dropout": 0.3,
    "modality_dropout": 0.1,
    "aux_weight": 0.1,
    "lr": 0.001,
    "weight_decay": 0.01,
    "batch_size": 32,
    "max_epochs": 50,
    "patience": 7,
    "warmup_ratio": 0.1,
    "focal_gamma": 2.0,
    "focal_alpha": 0.25,
    "min_delta_fmax": 0.0001,
    "min_delta_loss": 0.0001,
    "normalize": "none"
  },
  "test_metrics": {
    "loss": 0.03018874850951963,
    "fmax": 0.6103502469193045,
    "threshold": 0.5148484848484849,
    "precision": 0.661113813229564,
    "recall": 0.5668265221017456,
    "micro_auprc": 0.6459975611949373,
    "macro_auprc": 0.4086528315292617,
    "gate_prott5": 0.9974263310432434,
    "gate_struct": 0.0025738084223121405,
    "cafa_fmax": 0.684,
    "cafa_threshold": 0.53,
    "cafa_precision": 0.731,
    "cafa_recall": 0.642,
    "cafa_coverage": 1.0,
    "cafa_pr_micro": 0.649,
    "cafa_rc_micro": 0.576,
    "cafa_f_micro": 0.61,
    "cafa_smin": 4.398
  },
  "best_val_fmax": 0.6594156812875842,
  "loss_at_best_fmax": 0.033596736568529,
  "best_epoch_by_fmax": 21,
  "total_epochs": 21,
  "train_size": 32421,
  "val_size": 3587,
  "test_size": 1137
}