{
  "model_type": "simplified_pairwise_fusion",
  "modality_pair": "prott5_esm",
  "experiment_name": "prott5_esm_simplified",
  "aspect": "MFO",
  "num_go_terms": 677,
  "num_parameters": 2318760,
  "seed": 42,
  "use_ppi": false,
  "config": {
    "hidden_dim": 512,
    "dropout": 0.3,
    "entropy_weight": 0.0005,
    "lr": 0.001,
    "weight_decay": 0.01,
    "batch_size": 32,
    "max_epochs": 50,
    "patience": 5,
    "gradient_clip": 1.0,
    "warmup_ratio": 0.1,
    "focal_gamma": 2.0,
    "focal_alpha": 0.25
  },
  "test_metrics": {
    "fmax": 0.6111783474031116,
    "threshold": 0.40595959595959596,
    "precision": 0.6469834614488628,
    "recall": 0.5791284403669664,
    "micro_auprc": 0.6428276278510741,
    "macro_auprc": 0.4206312232862767,
    "gate1_mean": 0.4852834939956665,
    "gate2_mean": 0.5147165060043335,
    "cafa_fmax": 0.682,
    "cafa_threshold": 0.42,
    "cafa_precision": 0.727,
    "cafa_recall": 0.642,
    "cafa_coverage": 1.0,
    "cafa_pr_micro": 0.644,
    "cafa_rc_micro": 0.583,
    "cafa_f_micro": 0.612,
    "cafa_smin": 4.368
  },
  "best_val_fmax": 0.6629982622851212,
  "best_epoch": 27,
  "total_epochs": 32,
  "train_size": 32421,
  "val_size": 3587,
  "test_size": 1137
}