{
  "model_type": "triple_adaptive_fusion",
  "aspect": "BPO",
  "num_go_terms": 3992,
  "seed": 42,
  "use_diversity_loss": true,
  "diversity_weight": 0.02,
  "test_metrics": {
    "fmax": 0.5067902518314344,
    "threshold": 0.41585858585858587,
    "precision": 0.5209202861145925,
    "recall": 0.4934065320034637,
    "micro_auprc": 0.4869007425868619,
    "macro_auprc": 0.18491781880252617,
    "cafa_fmax": 0.586,
    "cafa_threshold": 0.54,
    "cafa_precision": 0.612,
    "cafa_recall": 0.563,
    "cafa_coverage": 1.0,
    "cafa_pr_micro": 0.571,
    "cafa_rc_micro": 0.452,
    "cafa_f_micro": 0.505,
    "cafa_smin": 19.152
  },
  "best_val_fmax": 0.5183695909463492,
  "best_epoch": 19,
  "total_epochs": 24,
  "train_size": 47691,
  "val_size": 5252,
  "test_size": 2392
}