{
  "model_type": "pairwise_adaptive_fusion_with_ppi",
  "modality_pair": "prott5_prostt5",
  "experiment_name": "prott5_prostt5_fusion_ppi_div_entropy",
  "aspect": "MFO",
  "num_go_terms": 677,
  "num_parameters": 5424042,
  "seed": 42,
  "use_ppi": true,
  "regularization": {
    "diversity_loss": true,
    "diversity_weight": 0.01,
    "gate_entropy": true,
    "gate_entropy_weight": 0.001
  },
  "test_metrics": {
    "fmax": 0.6078462265137273,
    "threshold": 0.46535353535353535,
    "precision": 0.6124457614562323,
    "recall": 0.6033152627189261,
    "micro_auprc": 0.6237960838189414,
    "macro_auprc": 0.4099264345513703,
    "gate_prott5_mean": 0.4689948856830597,
    "gate_prott5_std": 0.06908588111400604,
    "gate_prostt5_mean": 0.5310050249099731,
    "gate_prostt5_std": 0.06908588111400604,
    "cafa_fmax": 0.669,
    "cafa_threshold": 0.47,
    "cafa_precision": 0.659,
    "cafa_recall": 0.678,
    "cafa_coverage": 1.0,
    "cafa_pr_micro": 0.594,
    "cafa_rc_micro": 0.622,
    "cafa_f_micro": 0.608,
    "cafa_smin": 4.477
  },
  "best_val_fmax": 0.6796156788008787,
  "best_epoch": 27,
  "total_epochs": 32,
  "train_size": 32421,
  "val_size": 3587,
  "test_size": 1137
}