{
  "plm_type": "text",
  "aspect": "CCO",
  "embedding_dim": 768,
  "num_go_terms": 551,
  "num_gpus": 1,
  "effective_batch_size": 16,
  "seed": 42,
  "test_metrics": {
    "fmax": 0.6101149134491843,
    "threshold": 0.45545454545454545,
    "precision": 0.618431999999996,
    "recall": 0.6020185658214404,
    "micro_auprc": 0.6629007260957908,
    "macro_auprc": 0.20470987671090185,
    "cafa_fmax": 0.671,
    "cafa_threshold": 0.57,
    "cafa_precision": 0.707,
    "cafa_recall": 0.638,
    "cafa_coverage": 1.0,
    "cafa_pr_micro": 0.68,
    "cafa_rc_micro": 0.544,
    "cafa_f_micro": 0.605,
    "cafa_smin": 6.633
  },
  "best_val_fmax": 0.6662712920910451,
  "best_epoch": 26,
  "total_epochs": 31,
  "train_size": 45309,
  "val_size": 4985,
  "test_size": 1265
}