{
  "plm_type": "text",
  "aspect": "CCO",
  "embedding_dim": 768,
  "num_go_terms": 551,
  "num_gpus": 1,
  "effective_batch_size": 16,
  "seed": 42,
  "test_metrics": {
    "fmax": 0.6706025867872832,
    "threshold": 0.5346464646464646,
    "precision": 0.6952748893469809,
    "recall": 0.6476213042189695,
    "micro_auprc": 0.6572419694979064,
    "macro_auprc": 0.1959240087268387,
    "cafa_fmax": 0.67,
    "cafa_threshold": 0.52,
    "cafa_precision": 0.681,
    "cafa_recall": 0.659,
    "cafa_coverage": 1.0,
    "cafa_pr_micro": 0.65,
    "cafa_rc_micro": 0.567,
    "cafa_f_micro": 0.606,
    "cafa_smin": 6.696
  },
  "best_val_fmax": 0.7075416396954788,
  "best_epoch": 29,
  "total_epochs": 35,
  "train_size": 45309,
  "val_size": 4985,
  "test_size": 1265
}