{
  "experiment_name": "prott5_esm_temp_3.0_learned",
  "modality_pair": "prott5_esm",
  "aspect": "MFO",
  "temperature_init": 3.0,
  "temperature_final": 3.1047940254211426,
  "learnable_temperature": true,
  "num_go_terms": 677,
  "seed": 42,
  "test_metrics": {
    "fmax": 0.6157352142745479,
    "threshold": 0.5148484848484849,
    "precision": 0.6420004525910767,
    "recall": 0.5915346121768078,
    "micro_auprc": 0.6444915312624948,
    "macro_auprc": 0.42088483981915303,
    "cafa_fmax": 0.684,
    "cafa_threshold": 0.55,
    "cafa_precision": 0.714,
    "cafa_recall": 0.656,
    "cafa_coverage": 1.0,
    "cafa_pr_micro": 0.637,
    "cafa_rc_micro": 0.6,
    "cafa_f_micro": 0.618,
    "cafa_smin": 4.322
  },
  "best_val_fmax": 0.663178194858874,
  "best_epoch": 24,
  "total_epochs": 29
}