{
  "experiment_name": "text_prott5_temp_1.0_learned",
  "modality_pair": "text_prott5",
  "aspect": "MFO",
  "temperature_init": 1.0,
  "temperature_final": 1.129951000213623,
  "learnable_temperature": true,
  "num_go_terms": 677,
  "seed": 42,
  "test_metrics": {
    "fmax": 0.6287986057664532,
    "threshold": 0.5049494949494949,
    "precision": 0.6582668187001065,
    "recall": 0.6018557130942389,
    "micro_auprc": 0.6582310357943706,
    "macro_auprc": 0.4200643124270469,
    "cafa_fmax": 0.695,
    "cafa_threshold": 0.52,
    "cafa_precision": 0.723,
    "cafa_recall": 0.669,
    "cafa_coverage": 1.0,
    "cafa_pr_micro": 0.641,
    "cafa_rc_micro": 0.617,
    "cafa_f_micro": 0.629,
    "cafa_smin": 4.216
  },
  "best_val_fmax": 0.6655069452961893,
  "best_epoch": 15,
  "total_epochs": 20
}