{
  "model_type": "simplified_pairwise_fusion",
  "modality_pair": "text_esm",
  "experiment_name": "text_esm_simplified_ppi",
  "aspect": "BPO",
  "num_go_terms": 3992,
  "num_parameters": 4414875,
  "seed": 42,
  "use_ppi": true,
  "config": {
    "hidden_dim": 512,
    "dropout": 0.3,
    "entropy_weight": 0.0005,
    "lr": 0.001,
    "weight_decay": 0.01,
    "batch_size": 32,
    "max_epochs": 50,
    "patience": 5,
    "gradient_clip": 1.0,
    "warmup_ratio": 0.1,
    "focal_gamma": 2.0,
    "focal_alpha": 0.25
  },
  "test_metrics": {
    "fmax": 0.5201184909739713,
    "threshold": 0.3564646464646465,
    "precision": 0.5317987417711534,
    "recall": 0.5089402955885222,
    "micro_auprc": 0.5048005366650954,
    "macro_auprc": 0.2079358371039479,
    "gate1_mean": 0.5169017314910889,
    "gate2_mean": 0.4830982983112335,
    "cafa_fmax": 0.584,
    "cafa_threshold": 0.39,
    "cafa_precision": 0.587,
    "cafa_recall": 0.581,
    "cafa_coverage": 1.0,
    "cafa_pr_micro": 0.56,
    "cafa_rc_micro": 0.49,
    "cafa_f_micro": 0.523,
    "cafa_smin": 18.764
  },
  "best_val_fmax": 0.5476364077760039,
  "best_epoch": 16,
  "total_epochs": 21,
  "train_size": 47691,
  "val_size": 5252,
  "test_size": 2392
}