{
  "model_type": "multimodal_fusion",
  "enabled_modalities": [
    "prott5",
    "esm",
    "struct"
  ],
  "aspect": "BPO",
  "num_go_terms": 3992,
  "num_parameters": 10033249,
  "seed": 42,
  "use_aux_heads": true,
  "config": {
    "hidden_dim": 512,
    "dropout": 0.3,
    "modality_dropout": 0.1,
    "aux_weight": 0.1,
    "lr": 0.001,
    "weight_decay": 0.01,
    "batch_size": 32,
    "max_epochs": 50,
    "patience": 7,
    "warmup_ratio": 0.1,
    "focal_gamma": 2.0,
    "focal_alpha": 0.25,
    "min_delta_fmax": 0.0001,
    "min_delta_loss": 0.0001,
    "normalize": "none"
  },
  "test_metrics": {
    "loss": 0.02278648345420758,
    "fmax": 0.514721011811879,
    "threshold": 0.4851515151515151,
    "precision": 0.5613470613470604,
    "recall": 0.47524655658927656,
    "micro_auprc": 0.5001221716464581,
    "macro_auprc": 0.1761889043491365,
    "gate_prott5": 0.7357786893844604,
    "gate_esm": 0.26278433203697205,
    "gate_struct": 0.0014369548298418522,
    "cafa_fmax": 0.577,
    "cafa_threshold": 0.54,
    "cafa_precision": 0.598,
    "cafa_recall": 0.557,
    "cafa_coverage": 1.0,
    "cafa_pr_micro": 0.573,
    "cafa_rc_micro": 0.467,
    "cafa_f_micro": 0.514,
    "cafa_smin": 18.825
  },
  "best_val_fmax": 0.5062441294009573,
  "loss_at_best_fmax": 0.03624686488147938,
  "best_epoch_by_fmax": 24,
  "total_epochs": 25,
  "train_size": 47691,
  "val_size": 5252,
  "test_size": 2392
}