{
  "experiment_name": "prott5_prostt5_temp_1.5_fixed",
  "modality_pair": "prott5_prostt5",
  "aspect": "MFO",
  "temperature_init": 1.5,
  "temperature_final": 1.5,
  "learnable_temperature": false,
  "num_go_terms": 677,
  "seed": 42,
  "test_metrics": {
    "fmax": 0.614038924069946,
    "threshold": 0.5346464646464646,
    "precision": 0.6455172413793029,
    "recall": 0.5854879065888179,
    "micro_auprc": 0.6441314286372707,
    "macro_auprc": 0.42347899777507597,
    "cafa_fmax": 0.676,
    "cafa_threshold": 0.54,
    "cafa_precision": 0.696,
    "cafa_recall": 0.656,
    "cafa_coverage": 1.0,
    "cafa_pr_micro": 0.628,
    "cafa_rc_micro": 0.597,
    "cafa_f_micro": 0.612,
    "cafa_smin": 4.405
  },
  "best_val_fmax": 0.6644931149054399,
  "best_epoch": 20,
  "total_epochs": 25
}