{
  "model_type": "multimodal_fusion",
  "enabled_modalities": [
    "prott5",
    "esm",
    "struct",
    "ppi"
  ],
  "aspect": "BPO",
  "num_go_terms": 3992,
  "num_parameters": 12344825,
  "seed": 42,
  "use_aux_heads": true,
  "config": {
    "hidden_dim": 512,
    "dropout": 0.3,
    "modality_dropout": 0.1,
    "aux_weight": 0.1,
    "lr": 0.001,
    "weight_decay": 0.01,
    "batch_size": 32,
    "max_epochs": 50,
    "patience": 7,
    "warmup_ratio": 0.1,
    "focal_gamma": 2.0,
    "focal_alpha": 0.25,
    "min_delta_fmax": 0.0001,
    "min_delta_loss": 0.0001,
    "normalize": "none"
  },
  "test_metrics": {
    "loss": 0.021492120899880927,
    "fmax": 0.5276428101930399,
    "threshold": 0.39606060606060606,
    "precision": 0.552226498075865,
    "recall": 0.505154639175257,
    "micro_auprc": 0.5127257514823297,
    "macro_auprc": 0.20574116788509766,
    "gate_prott5": 0.43185433745384216,
    "gate_esm": 0.10019006580114365,
    "gate_struct": 0.0021134838461875916,
    "gate_ppi": 0.465842068195343,
    "cafa_fmax": 0.594,
    "cafa_threshold": 0.51,
    "cafa_precision": 0.625,
    "cafa_recall": 0.566,
    "cafa_coverage": 1.0,
    "cafa_pr_micro": 0.597,
    "cafa_rc_micro": 0.474,
    "cafa_f_micro": 0.528,
    "cafa_smin": 18.345
  },
  "best_val_fmax": 0.5445592020616469,
  "loss_at_best_fmax": 0.0337554221464829,
  "best_epoch_by_fmax": 19,
  "total_epochs": 19,
  "train_size": 47691,
  "val_size": 5252,
  "test_size": 2392
}