{
  "model_type": "multimodal_fusion",
  "enabled_modalities": [
    "prott5",
    "text"
  ],
  "aspect": "MFO",
  "num_go_terms": 677,
  "num_parameters": 2357744,
  "seed": 42,
  "use_aux_heads": true,
  "config": {
    "hidden_dim": 512,
    "dropout": 0.3,
    "modality_dropout": 0.1,
    "aux_weight": 0.1,
    "lr": 0.001,
    "weight_decay": 0.01,
    "batch_size": 32,
    "max_epochs": 50,
    "patience": 7,
    "warmup_ratio": 0.1,
    "focal_gamma": 2.0,
    "focal_alpha": 0.25,
    "min_delta_fmax": 0.0001,
    "min_delta_loss": 0.0001,
    "normalize": "none"
  },
  "test_metrics": {
    "loss": 0.029872820505665407,
    "fmax": 0.6205942565760881,
    "threshold": 0.495050505050505,
    "precision": 0.6612427779742877,
    "recall": 0.5846538782318538,
    "micro_auprc": 0.6482046346025508,
    "macro_auprc": 0.41619391111598747,
    "gate_prott5": 0.6331630349159241,
    "gate_text": 0.3668369948863983,
    "cafa_fmax": 0.684,
    "cafa_threshold": 0.56,
    "cafa_precision": 0.742,
    "cafa_recall": 0.635,
    "cafa_coverage": 1.0,
    "cafa_pr_micro": 0.671,
    "cafa_rc_micro": 0.573,
    "cafa_f_micro": 0.618,
    "cafa_smin": 4.295
  },
  "best_val_fmax": 0.6624672185442839,
  "loss_at_best_fmax": 0.033007332362828004,
  "best_epoch_by_fmax": 18,
  "total_epochs": 20,
  "train_size": 32421,
  "val_size": 3587,
  "test_size": 1137
}