{
  "experiment_name": "prott5_prostt5_temp_1.5_learned",
  "modality_pair": "prott5_prostt5",
  "aspect": "BPO",
  "temperature_init": 1.5,
  "temperature_final": 1.6934088468551636,
  "learnable_temperature": true,
  "num_go_terms": 3992,
  "seed": 42,
  "test_metrics": {
    "fmax": 0.4993016857791641,
    "threshold": 0.40595959595959596,
    "precision": 0.5042887267753327,
    "recall": 0.4944123152571725,
    "micro_auprc": 0.477392593507052,
    "macro_auprc": 0.17288968872975705,
    "cafa_fmax": 0.571,
    "cafa_threshold": 0.52,
    "cafa_precision": 0.585,
    "cafa_recall": 0.557,
    "cafa_coverage": 1.0,
    "cafa_pr_micro": 0.543,
    "cafa_rc_micro": 0.459,
    "cafa_f_micro": 0.498,
    "cafa_smin": 19.635
  },
  "best_val_fmax": 0.5090739794544221,
  "best_epoch": 25,
  "total_epochs": 30
}