{
  "experiment_name": "text_esm_temp_0.5_learned",
  "modality_pair": "text_esm",
  "aspect": "MFO",
  "temperature_init": 0.5,
  "temperature_final": 0.7669134736061096,
  "learnable_temperature": true,
  "num_go_terms": 677,
  "seed": 42,
  "test_metrics": {
    "fmax": 0.6045067708112402,
    "threshold": 0.4851515151515151,
    "precision": 0.6211637883621095,
    "recall": 0.5887197664720539,
    "micro_auprc": 0.6424267786684936,
    "macro_auprc": 0.41399642984663854,
    "cafa_fmax": 0.661,
    "cafa_threshold": 0.5,
    "cafa_precision": 0.675,
    "cafa_recall": 0.647,
    "cafa_coverage": 1.0,
    "cafa_pr_micro": 0.609,
    "cafa_rc_micro": 0.598,
    "cafa_f_micro": 0.604,
    "cafa_smin": 4.474
  },
  "best_val_fmax": 0.6545709754902455,
  "best_epoch": 22,
  "total_epochs": 27
}