{
  "model_type": "multimodal_fusion",
  "enabled_modalities": [
    "prott5"
  ],
  "aspect": "CCO",
  "num_go_terms": 551,
  "num_parameters": 1486415,
  "seed": 42,
  "use_aux_heads": true,
  "config": {
    "hidden_dim": 512,
    "dropout": 0.3,
    "modality_dropout": 0.1,
    "aux_weight": 0.1,
    "lr": 0.001,
    "weight_decay": 0.01,
    "batch_size": 32,
    "max_epochs": 50,
    "patience": 7,
    "warmup_ratio": 0.1,
    "focal_gamma": 2.0,
    "focal_alpha": 0.25,
    "min_delta_fmax": 0.0001,
    "min_delta_loss": 0.0001,
    "normalize": "none"
  },
  "test_metrics": {
    "loss": 0.05294010988436639,
    "fmax": 0.6318984000821175,
    "threshold": 0.5544444444444444,
    "precision": 0.6714806505888904,
    "recall": 0.5967229456108617,
    "micro_auprc": 0.6747668989444675,
    "macro_auprc": 0.20301163243901998,
    "gate_prott5": 1.0,
    "cafa_fmax": 0.697,
    "cafa_threshold": 0.65,
    "cafa_precision": 0.752,
    "cafa_recall": 0.649,
    "cafa_coverage": 1.0,
    "cafa_pr_micro": 0.707,
    "cafa_rc_micro": 0.56,
    "cafa_f_micro": 0.625,
    "cafa_smin": 6.298
  },
  "best_val_fmax": 0.7157859443166102,
  "loss_at_best_fmax": 0.04471391518242084,
  "best_epoch_by_fmax": 21,
  "total_epochs": 23,
  "train_size": 45309,
  "val_size": 4985,
  "test_size": 1265
}