{
  "experiment_name": "prott5_esm_temp_2.0_fixed",
  "modality_pair": "prott5_esm",
  "aspect": "BPO",
  "temperature_init": 2.0,
  "temperature_final": 2.0,
  "learnable_temperature": false,
  "num_go_terms": 3992,
  "seed": 42,
  "test_metrics": {
    "fmax": 0.4999011410640038,
    "threshold": 0.45545454545454545,
    "precision": 0.5054548050835349,
    "recall": 0.49446819210460075,
    "micro_auprc": 0.4755183045387544,
    "macro_auprc": 0.17314498253618632,
    "cafa_fmax": 0.563,
    "cafa_threshold": 0.57,
    "cafa_precision": 0.583,
    "cafa_recall": 0.544,
    "cafa_coverage": 1.0,
    "cafa_pr_micro": 0.54,
    "cafa_rc_micro": 0.455,
    "cafa_f_micro": 0.494,
    "cafa_smin": 19.861
  },
  "best_val_fmax": 0.5062938614439076,
  "best_epoch": 22,
  "total_epochs": 27
}