{
  "experiment_name": "prott5_esm_temp_1.0_learned",
  "modality_pair": "prott5_esm",
  "aspect": "CCO",
  "temperature_init": 1.0,
  "temperature_final": 1.2553790807724,
  "learnable_temperature": true,
  "num_go_terms": 551,
  "seed": 42,
  "test_metrics": {
    "fmax": 0.6375965778591469,
    "threshold": 0.5445454545454546,
    "precision": 0.6815539486743182,
    "recall": 0.5989657965235774,
    "micro_auprc": 0.6834112445365599,
    "macro_auprc": 0.20165887870762064,
    "cafa_fmax": 0.702,
    "cafa_threshold": 0.58,
    "cafa_precision": 0.724,
    "cafa_recall": 0.68,
    "cafa_coverage": 1.0,
    "cafa_pr_micro": 0.686,
    "cafa_rc_micro": 0.593,
    "cafa_f_micro": 0.636,
    "cafa_smin": 6.186
  },
  "best_val_fmax": 0.7140822966471163,
  "best_epoch": 11,
  "total_epochs": 16
}