{
  "model_type": "pairwise_adaptive_fusion_with_ppi",
  "modality_pair": "prott5_prostt5",
  "experiment_name": "prott5_prostt5_fusion_ppi_div_entropy",
  "aspect": "BPO",
  "num_go_terms": 3992,
  "num_parameters": 8821917,
  "seed": 42,
  "use_ppi": true,
  "regularization": {
    "diversity_loss": true,
    "diversity_weight": 0.01,
    "gate_entropy": true,
    "gate_entropy_weight": 0.001
  },
  "test_metrics": {
    "fmax": 0.5176668698510719,
    "threshold": 0.44555555555555554,
    "precision": 0.5387846372344597,
    "recall": 0.49814209482300936,
    "micro_auprc": 0.4965599765732433,
    "macro_auprc": 0.20690133333489202,
    "gate_prott5_mean": 0.5317798852920532,
    "gate_prott5_std": 0.047761186957359314,
    "gate_prostt5_mean": 0.4682201147079468,
    "gate_prostt5_std": 0.047761186957359314,
    "cafa_fmax": 0.587,
    "cafa_threshold": 0.55,
    "cafa_precision": 0.601,
    "cafa_recall": 0.573,
    "cafa_coverage": 1.0,
    "cafa_pr_micro": 0.557,
    "cafa_rc_micro": 0.485,
    "cafa_f_micro": 0.519,
    "cafa_smin": 18.8
  },
  "best_val_fmax": 0.5521047953830008,
  "best_epoch": 24,
  "total_epochs": 29,
  "train_size": 47691,
  "val_size": 5252,
  "test_size": 2392
}