{
  "experiment_name": "text_prott5_temp_0.5_fixed",
  "modality_pair": "text_prott5",
  "aspect": "CCO",
  "temperature_init": 0.5,
  "temperature_final": 0.5,
  "learnable_temperature": false,
  "num_go_terms": 551,
  "seed": 42,
  "test_metrics": {
    "fmax": 0.6393844220605521,
    "threshold": 0.495050505050505,
    "precision": 0.6446893406802163,
    "recall": 0.6341660955703655,
    "micro_auprc": 0.6840568740157684,
    "macro_auprc": 0.22875867613300535,
    "cafa_fmax": 0.701,
    "cafa_threshold": 0.65,
    "cafa_precision": 0.742,
    "cafa_recall": 0.664,
    "cafa_coverage": 1.0,
    "cafa_pr_micro": 0.701,
    "cafa_rc_micro": 0.576,
    "cafa_f_micro": 0.632,
    "cafa_smin": 6.218
  },
  "best_val_fmax": 0.7176242311322968,
  "best_epoch": 14,
  "total_epochs": 19
}