{
  "model_type": "multimodal_fusion",
  "enabled_modalities": [
    "prott5",
    "text"
  ],
  "aspect": "CCO",
  "num_go_terms": 551,
  "num_parameters": 2163830,
  "seed": 42,
  "use_aux_heads": true,
  "config": {
    "hidden_dim": 512,
    "dropout": 0.3,
    "modality_dropout": 0.1,
    "aux_weight": 0.1,
    "lr": 0.001,
    "weight_decay": 0.01,
    "batch_size": 32,
    "max_epochs": 50,
    "patience": 7,
    "warmup_ratio": 0.1,
    "focal_gamma": 2.0,
    "focal_alpha": 0.25,
    "min_delta_fmax": 0.0001,
    "min_delta_loss": 0.0001,
    "normalize": "none"
  },
  "test_metrics": {
    "loss": 0.05363808237016201,
    "fmax": 0.6362032814758395,
    "threshold": 0.5742424242424242,
    "precision": 0.6829094026864769,
    "recall": 0.5954769173260196,
    "micro_auprc": 0.6775504204388959,
    "macro_auprc": 0.21908087544989635,
    "gate_prott5": 0.7021165490150452,
    "gate_text": 0.297883540391922,
    "cafa_fmax": 0.701,
    "cafa_threshold": 0.59,
    "cafa_precision": 0.723,
    "cafa_recall": 0.68,
    "cafa_coverage": 1.0,
    "cafa_pr_micro": 0.679,
    "cafa_rc_micro": 0.596,
    "cafa_f_micro": 0.635,
    "cafa_smin": 6.213
  },
  "best_val_fmax": 0.7191103988622931,
  "loss_at_best_fmax": 0.04496348526281042,
  "best_epoch_by_fmax": 22,
  "total_epochs": 22,
  "train_size": 45309,
  "val_size": 4985,
  "test_size": 1265
}