{
  "experiment_name": "prott5_prostt5_temp_3.0_learned",
  "modality_pair": "prott5_prostt5",
  "aspect": "CCO",
  "temperature_init": 3.0,
  "temperature_final": 3.0963475704193115,
  "learnable_temperature": true,
  "num_go_terms": 551,
  "seed": 42,
  "test_metrics": {
    "fmax": 0.6352644510039921,
    "threshold": 0.5544444444444444,
    "precision": 0.6602378872387564,
    "recall": 0.6121113949286611,
    "micro_auprc": 0.6799188578969495,
    "macro_auprc": 0.21890258914676122,
    "cafa_fmax": 0.698,
    "cafa_threshold": 0.66,
    "cafa_precision": 0.739,
    "cafa_recall": 0.66,
    "cafa_coverage": 1.0,
    "cafa_pr_micro": 0.695,
    "cafa_rc_micro": 0.576,
    "cafa_f_micro": 0.63,
    "cafa_smin": 6.26
  },
  "best_val_fmax": 0.71393136895646,
  "best_epoch": 15,
  "total_epochs": 20
}