{
  "model_type": "pairwise_adaptive_fusion_with_ppi",
  "modality_pair": "text_esm",
  "experiment_name": "text_esm_fusion_ppi",
  "aspect": "MFO",
  "num_go_terms": 677,
  "num_parameters": 5424042,
  "seed": 42,
  "use_ppi": true,
  "regularization": {
    "diversity_loss": false,
    "diversity_weight": null,
    "gate_entropy": true,
    "gate_entropy_weight": 0.001
  },
  "test_metrics": {
    "fmax": 0.6096907973671832,
    "threshold": 0.44555555555555554,
    "precision": 0.6140425081949813,
    "recall": 0.6054003336113365,
    "micro_auprc": 0.6407462912880035,
    "macro_auprc": 0.43230337329288826,
    "gate_text_mean": 0.4678848385810852,
    "gate_text_std": 0.04854889214038849,
    "gate_esm_mean": 0.5321151614189148,
    "gate_esm_std": 0.04854888841509819,
    "cafa_fmax": 0.673,
    "cafa_threshold": 0.55,
    "cafa_precision": 0.705,
    "cafa_recall": 0.644,
    "cafa_coverage": 1.0,
    "cafa_pr_micro": 0.633,
    "cafa_rc_micro": 0.589,
    "cafa_f_micro": 0.611,
    "cafa_smin": 4.434
  },
  "best_val_fmax": 0.6717098760239822,
  "best_epoch": 15,
  "total_epochs": 20,
  "train_size": 32421,
  "val_size": 3587,
  "test_size": 1137
}