{
  "experiment_name": "text_prott5_temp_3.0_learned",
  "modality_pair": "text_prott5",
  "aspect": "MFO",
  "temperature_init": 3.0,
  "temperature_final": 3.0345618724823,
  "learnable_temperature": true,
  "num_go_terms": 677,
  "seed": 42,
  "test_metrics": {
    "fmax": 0.628517719859504,
    "threshold": 0.5445454545454546,
    "precision": 0.6690994702766254,
    "recall": 0.5925771476230131,
    "micro_auprc": 0.6527917122861643,
    "macro_auprc": 0.41364438237761036,
    "cafa_fmax": 0.697,
    "cafa_threshold": 0.55,
    "cafa_precision": 0.735,
    "cafa_recall": 0.663,
    "cafa_coverage": 1.0,
    "cafa_pr_micro": 0.655,
    "cafa_rc_micro": 0.611,
    "cafa_f_micro": 0.632,
    "cafa_smin": 4.152
  },
  "best_val_fmax": 0.6636415495016292,
  "best_epoch": 16,
  "total_epochs": 21
}