{
  "experiment_name": "prott5_prostt5_temp_1.0_fixed",
  "modality_pair": "prott5_prostt5",
  "aspect": "CCO",
  "temperature_init": 1.0,
  "temperature_final": 1.0,
  "learnable_temperature": false,
  "num_go_terms": 551,
  "seed": 42,
  "test_metrics": {
    "fmax": 0.6345960862520554,
    "threshold": 0.5049494949494949,
    "precision": 0.6388836269495445,
    "recall": 0.6303657093015972,
    "micro_auprc": 0.6725982912228252,
    "macro_auprc": 0.2211628529537754,
    "cafa_fmax": 0.699,
    "cafa_threshold": 0.68,
    "cafa_precision": 0.751,
    "cafa_recall": 0.653,
    "cafa_coverage": 1.0,
    "cafa_pr_micro": 0.708,
    "cafa_rc_micro": 0.566,
    "cafa_f_micro": 0.629,
    "cafa_smin": 6.238
  },
  "best_val_fmax": 0.7159636881124438,
  "best_epoch": 20,
  "total_epochs": 25
}