{
  "model_type": "simplified_pairwise_fusion",
  "modality_pair": "prott5_prostt5",
  "experiment_name": "prott5_prostt5_simplified",
  "aspect": "MFO",
  "num_go_terms": 677,
  "num_parameters": 2187688,
  "seed": 42,
  "use_ppi": false,
  "config": {
    "hidden_dim": 512,
    "dropout": 0.3,
    "entropy_weight": 0.0005,
    "lr": 0.001,
    "weight_decay": 0.01,
    "batch_size": 32,
    "max_epochs": 50,
    "patience": 5,
    "gradient_clip": 1.0,
    "warmup_ratio": 0.1,
    "focal_gamma": 2.0,
    "focal_alpha": 0.25
  },
  "test_metrics": {
    "fmax": 0.6115186685146657,
    "threshold": 0.39606060606060606,
    "precision": 0.6438782568595729,
    "recall": 0.582256046705582,
    "micro_auprc": 0.6400199707510381,
    "macro_auprc": 0.40860083612935333,
    "gate1_mean": 0.512335479259491,
    "gate2_mean": 0.4876645505428314,
    "cafa_fmax": 0.674,
    "cafa_threshold": 0.4,
    "cafa_precision": 0.695,
    "cafa_recall": 0.654,
    "cafa_coverage": 1.0,
    "cafa_pr_micro": 0.632,
    "cafa_rc_micro": 0.591,
    "cafa_f_micro": 0.611,
    "cafa_smin": 4.398
  },
  "best_val_fmax": 0.6612691180758496,
  "best_epoch": 22,
  "total_epochs": 27,
  "train_size": 32421,
  "val_size": 3587,
  "test_size": 1137
}