{
  "experiment_name": "text_esm_temp_1.5_learned",
  "modality_pair": "text_esm",
  "aspect": "CCO",
  "temperature_init": 1.5,
  "temperature_final": 1.7741531133651733,
  "learnable_temperature": true,
  "num_go_terms": 551,
  "seed": 42,
  "test_metrics": {
    "fmax": 0.6317220447794465,
    "threshold": 0.5049494949494949,
    "precision": 0.6412708600770177,
    "recall": 0.6224534296928501,
    "micro_auprc": 0.673337076956122,
    "macro_auprc": 0.2194847770195158,
    "cafa_fmax": 0.697,
    "cafa_threshold": 0.62,
    "cafa_precision": 0.727,
    "cafa_recall": 0.67,
    "cafa_coverage": 1.0,
    "cafa_pr_micro": 0.68,
    "cafa_rc_micro": 0.584,
    "cafa_f_micro": 0.628,
    "cafa_smin": 6.319
  },
  "best_val_fmax": 0.7126811124387238,
  "best_epoch": 20,
  "total_epochs": 25
}