{
  "model_type": "pairwise_adaptive_fusion",
  "modality_pair": "text_prott5",
  "experiment_name": "text_prott5_fusion_div",
  "aspect": "BPO",
  "num_go_terms": 3992,
  "seed": 42,
  "use_diversity_loss": true,
  "diversity_weight": 0.01,
  "test_metrics": {
    "fmax": 0.509811156404712,
    "threshold": 0.4851515151515151,
    "precision": 0.5403688813103257,
    "recall": 0.48252451596680845,
    "micro_auprc": 0.4932164459262245,
    "macro_auprc": 0.17725558484591664,
    "cafa_fmax": 0.587,
    "cafa_threshold": 0.56,
    "cafa_precision": 0.612,
    "cafa_recall": 0.563,
    "cafa_coverage": 1.0,
    "cafa_pr_micro": 0.567,
    "cafa_rc_micro": 0.462,
    "cafa_f_micro": 0.509,
    "cafa_smin": 19.093
  },
  "best_val_fmax": 0.5174705144506135,
  "best_epoch": 18,
  "total_epochs": 23,
  "train_size": 47691,
  "val_size": 5252,
  "test_size": 2392
}