{
  "model_type": "pairwise_adaptive_fusion_with_ppi",
  "modality_pair": "text_prott5",
  "experiment_name": "text_prott5_fusion_ppi_div_entropy",
  "aspect": "BPO",
  "num_go_terms": 3992,
  "num_parameters": 8690845,
  "seed": 42,
  "use_ppi": true,
  "regularization": {
    "diversity_loss": true,
    "diversity_weight": 0.01,
    "gate_entropy": true,
    "gate_entropy_weight": 0.001
  },
  "test_metrics": {
    "fmax": 0.5212081058393476,
    "threshold": 0.43565656565656563,
    "precision": 0.5379035614483612,
    "recall": 0.5055178386835407,
    "micro_auprc": 0.5014744769951381,
    "macro_auprc": 0.20808569600919014,
    "gate_text_mean": 0.48978349566459656,
    "gate_text_std": 0.040974415838718414,
    "gate_prott5_mean": 0.510216474533081,
    "gate_prott5_std": 0.040974415838718414,
    "cafa_fmax": 0.595,
    "cafa_threshold": 0.56,
    "cafa_precision": 0.614,
    "cafa_recall": 0.577,
    "cafa_coverage": 1.0,
    "cafa_pr_micro": 0.571,
    "cafa_rc_micro": 0.485,
    "cafa_f_micro": 0.525,
    "cafa_smin": 18.714
  },
  "best_val_fmax": 0.554500335629843,
  "best_epoch": 21,
  "total_epochs": 26,
  "train_size": 47691,
  "val_size": 5252,
  "test_size": 2392
}