{
  "experiment_name": "prott5_prostt5_temp_1.0_fixed",
  "modality_pair": "prott5_prostt5",
  "aspect": "BPO",
  "temperature_init": 1.0,
  "temperature_final": 1.0,
  "learnable_temperature": false,
  "num_go_terms": 3992,
  "seed": 42,
  "test_metrics": {
    "fmax": 0.49365437917657373,
    "threshold": 0.4257575757575757,
    "precision": 0.5038474406155897,
    "recall": 0.4838655603050869,
    "micro_auprc": 0.4735057492004951,
    "macro_auprc": 0.168741524622274,
    "cafa_fmax": 0.562,
    "cafa_threshold": 0.47,
    "cafa_precision": 0.545,
    "cafa_recall": 0.579,
    "cafa_coverage": 1.0,
    "cafa_pr_micro": 0.505,
    "cafa_rc_micro": 0.483,
    "cafa_f_micro": 0.494,
    "cafa_smin": 19.88
  },
  "best_val_fmax": 0.5071619098880227,
  "best_epoch": 25,
  "total_epochs": 30
}