{
  "model_type": "multimodal_fusion",
  "enabled_modalities": [
    "prott5",
    "struct",
    "ppi"
  ],
  "aspect": "MFO",
  "num_go_terms": 677,
  "num_parameters": 2837653,
  "seed": 42,
  "use_aux_heads": true,
  "config": {
    "hidden_dim": 512,
    "dropout": 0.3,
    "modality_dropout": 0.1,
    "aux_weight": 0.1,
    "lr": 0.001,
    "weight_decay": 0.01,
    "batch_size": 32,
    "max_epochs": 50,
    "patience": 7,
    "warmup_ratio": 0.1,
    "focal_gamma": 2.0,
    "focal_alpha": 0.25,
    "min_delta_fmax": 0.0001,
    "min_delta_loss": 0.0001,
    "normalize": "none"
  },
  "test_metrics": {
    "loss": 0.030478468746878207,
    "fmax": 0.6057901610297591,
    "threshold": 0.43565656565656563,
    "precision": 0.6336520947176613,
    "recall": 0.5802752293577921,
    "micro_auprc": 0.6360841347748158,
    "macro_auprc": 0.4243174833741275,
    "gate_prott5": 0.5879318118095398,
    "gate_struct": 0.0025896402075886726,
    "gate_ppi": 0.4094785451889038,
    "cafa_fmax": 0.677,
    "cafa_threshold": 0.46,
    "cafa_precision": 0.7,
    "cafa_recall": 0.655,
    "cafa_coverage": 1.0,
    "cafa_pr_micro": 0.625,
    "cafa_rc_micro": 0.588,
    "cafa_f_micro": 0.606,
    "cafa_smin": 4.497
  },
  "best_val_fmax": 0.6710905416359302,
  "loss_at_best_fmax": 0.033133720237333165,
  "best_epoch_by_fmax": 18,
  "total_epochs": 19,
  "train_size": 32421,
  "val_size": 3587,
  "test_size": 1137
}