{
  "model_type": "simplified_pairwise_fusion",
  "modality_pair": "text_prott5",
  "aspect": "BPO",
  "num_go_terms": 3992,
  "seed": 42,
  "use_ppi": true,
  "config": {
    "use_ppi": true,
    "hidden_dim": 512,
    "dropout": 0.3,
    "entropy_weight": 0.002,
    "lr": 0.001,
    "weight_decay": 0.01,
    "batch_size": 32,
    "max_epochs": 50,
    "patience": 5,
    "warmup_ratio": 0.1,
    "focal_gamma": 2.0,
    "focal_alpha": 0.25
  },
  "test_metrics": {
    "fmax": 0.5238813907194487,
    "threshold": 0.37626262626262624,
    "precision": 0.5394908229721721,
    "recall": 0.5091498337663781,
    "micro_auprc": 0.5137328859046689,
    "macro_auprc": 0.214870104868259,
    "gate1_mean": 0.4887886941432953,
    "gate2_mean": 0.5112112760543823,
    "cafa_fmax": 0.589,
    "cafa_threshold": 0.42,
    "cafa_precision": 0.613,
    "cafa_recall": 0.568,
    "cafa_coverage": 1.0,
    "cafa_pr_micro": 0.573,
    "cafa_rc_micro": 0.479,
    "cafa_f_micro": 0.522,
    "cafa_smin": 18.654
  },
  "best_val_fmax": 0.5520575770176276,
  "best_epoch": 19,
  "total_epochs": 24
}