{
  "experiment_name": "text_esm_temp_3.0_fixed",
  "modality_pair": "text_esm",
  "aspect": "CCO",
  "temperature_init": 3.0,
  "temperature_final": 3.0,
  "learnable_temperature": false,
  "num_go_terms": 551,
  "seed": 42,
  "test_metrics": {
    "fmax": 0.6394185890954616,
    "threshold": 0.5643434343434344,
    "precision": 0.6877016851918201,
    "recall": 0.5974705625817669,
    "micro_auprc": 0.6875548414883339,
    "macro_auprc": 0.219304940876198,
    "cafa_fmax": 0.702,
    "cafa_threshold": 0.61,
    "cafa_precision": 0.733,
    "cafa_recall": 0.674,
    "cafa_coverage": 1.0,
    "cafa_pr_micro": 0.705,
    "cafa_rc_micro": 0.579,
    "cafa_f_micro": 0.636,
    "cafa_smin": 6.162
  },
  "best_val_fmax": 0.7107746337169766,
  "best_epoch": 8,
  "total_epochs": 13
}