{
  "model_type": "pairwise_with_ppi",
  "modality_pair": "text_prott5",
  "use_ppi": true,
  "aspect": "CCO",
  "num_go_terms": 551,
  "num_parameters": 5163820,
  "seed": 42,
  "regularization": {
    "diversity_loss": true,
    "diversity_weight": 0.01,
    "gate_entropy": true,
    "gate_entropy_weight": 0.001
  },
  "test_metrics": {
    "fmax": 0.6324407757371535,
    "threshold": 0.6138383838383838,
    "precision": 0.6853319758562963,
    "recall": 0.5871285278175778,
    "micro_auprc": 0.6757537113306042,
    "macro_auprc": 0.2608198885823845,
    "text_mean": 0.5368815064430237,
    "text_std": 0.07713339477777481,
    "prott5_mean": 0.4631184935569763,
    "prott5_std": 0.07713339477777481,
    "cafa_fmax": 0.696,
    "cafa_threshold": 0.63,
    "cafa_precision": 0.715,
    "cafa_recall": 0.677,
    "cafa_coverage": 1.0,
    "cafa_pr_micro": 0.676,
    "cafa_rc_micro": 0.595,
    "cafa_f_micro": 0.633,
    "cafa_smin": 6.259
  },
  "best_val_fmax": 0.7544019097669069,
  "best_epoch": 15,
  "total_epochs": 20,
  "dataset_sizes": {
    "train": 45309,
    "val": 4985,
    "test": 1265
  }
}