{
  "model_type": "pairwise_adaptive_fusion_with_ppi",
  "modality_pair": "text_prott5",
  "experiment_name": "text_prott5_fusion_ppi_nolosses",
  "aspect": "BPO",
  "num_go_terms": 3992,
  "num_parameters": 8690845,
  "seed": 42,
  "use_ppi": true,
  "regularization": {
    "diversity_loss": false,
    "diversity_weight": null,
    "gate_entropy": false,
    "gate_entropy_weight": null
  },
  "test_metrics": {
    "fmax": 0.507667395526719,
    "threshold": 0.38616161616161615,
    "precision": 0.5030169221908334,
    "recall": 0.5124046601290748,
    "micro_auprc": 0.49117841317593536,
    "macro_auprc": 0.20930149944270762,
    "gate_text_mean": 0.43866968154907227,
    "gate_text_std": 0.07857660949230194,
    "gate_prott5_mean": 0.5613303184509277,
    "gate_prott5_std": 0.07857660949230194,
    "cafa_fmax": 0.589,
    "cafa_threshold": 0.54,
    "cafa_precision": 0.596,
    "cafa_recall": 0.582,
    "cafa_coverage": 1.0,
    "cafa_pr_micro": 0.547,
    "cafa_rc_micro": 0.483,
    "cafa_f_micro": 0.513,
    "cafa_smin": 19.2
  },
  "best_val_fmax": 0.555402278745356,
  "best_epoch": 24,
  "total_epochs": 29,
  "train_size": 47691,
  "val_size": 5252,
  "test_size": 2392
}