{
  "experiment_name": "prott5_esm_temp_0.5_learned",
  "modality_pair": "prott5_esm",
  "aspect": "BPO",
  "temperature_init": 0.5,
  "temperature_final": 0.827006459236145,
  "learnable_temperature": true,
  "num_go_terms": 3992,
  "seed": 42,
  "test_metrics": {
    "fmax": 0.5050658191550157,
    "threshold": 0.43565656565656563,
    "precision": 0.5280758444092176,
    "recall": 0.4839773139999434,
    "micro_auprc": 0.4830824215685563,
    "macro_auprc": 0.17059142116702078,
    "cafa_fmax": 0.569,
    "cafa_threshold": 0.47,
    "cafa_precision": 0.557,
    "cafa_recall": 0.58,
    "cafa_coverage": 1.0,
    "cafa_pr_micro": 0.523,
    "cafa_rc_micro": 0.485,
    "cafa_f_micro": 0.503,
    "cafa_smin": 19.519
  },
  "best_val_fmax": 0.5070313825533578,
  "best_epoch": 20,
  "total_epochs": 25
}