{
  "model_type": "pairwise_adaptive_fusion_with_ppi",
  "modality_pair": "prott5_esm",
  "experiment_name": "prott5_esm_fusion_ppi",
  "aspect": "MFO",
  "num_go_terms": 677,
  "num_parameters": 5555114,
  "seed": 42,
  "use_ppi": true,
  "regularization": {
    "diversity_loss": false,
    "diversity_weight": null,
    "gate_entropy": true,
    "gate_entropy_weight": 0.001
  },
  "test_metrics": {
    "fmax": 0.6090530527865786,
    "threshold": 0.495050505050505,
    "precision": 0.6327677267108592,
    "recall": 0.5870517097581257,
    "micro_auprc": 0.632899068703551,
    "macro_auprc": 0.4232902940985765,
    "gate_prott5_mean": 0.48888343572616577,
    "gate_prott5_std": 0.06113339960575104,
    "gate_esm_mean": 0.5111165642738342,
    "gate_esm_std": 0.06113339960575104,
    "cafa_fmax": 0.678,
    "cafa_threshold": 0.5,
    "cafa_precision": 0.689,
    "cafa_recall": 0.667,
    "cafa_coverage": 1.0,
    "cafa_pr_micro": 0.61,
    "cafa_rc_micro": 0.601,
    "cafa_f_micro": 0.605,
    "cafa_smin": 4.456
  },
  "best_val_fmax": 0.6783232918357954,
  "best_epoch": 21,
  "total_epochs": 26,
  "train_size": 32421,
  "val_size": 3587,
  "test_size": 1137
}