{
  "experiment_name": "prott5_esm_temp_1.0_fixed",
  "modality_pair": "prott5_esm",
  "aspect": "CCO",
  "temperature_init": 1.0,
  "temperature_final": 1.0,
  "learnable_temperature": false,
  "num_go_terms": 551,
  "seed": 42,
  "test_metrics": {
    "fmax": 0.6360541947043044,
    "threshold": 0.5544444444444444,
    "precision": 0.6848724398131464,
    "recall": 0.5937324777272407,
    "micro_auprc": 0.6814205569068468,
    "macro_auprc": 0.2040978173877877,
    "cafa_fmax": 0.701,
    "cafa_threshold": 0.62,
    "cafa_precision": 0.742,
    "cafa_recall": 0.663,
    "cafa_coverage": 1.0,
    "cafa_pr_micro": 0.708,
    "cafa_rc_micro": 0.574,
    "cafa_f_micro": 0.634,
    "cafa_smin": 6.182
  },
  "best_val_fmax": 0.7146537782279472,
  "best_epoch": 11,
  "total_epochs": 16
}