{
  "experiment_name": "text_esm_temp_2.0_fixed",
  "modality_pair": "text_esm",
  "aspect": "MFO",
  "temperature_init": 2.0,
  "temperature_final": 2.0,
  "learnable_temperature": false,
  "num_go_terms": 677,
  "seed": 42,
  "test_metrics": {
    "fmax": 0.6086767895379273,
    "threshold": 0.5247474747474747,
    "precision": 0.6342676311030669,
    "recall": 0.5850708924103358,
    "micro_auprc": 0.6361786319263569,
    "macro_auprc": 0.4157854902378454,
    "cafa_fmax": 0.671,
    "cafa_threshold": 0.54,
    "cafa_precision": 0.694,
    "cafa_recall": 0.65,
    "cafa_coverage": 1.0,
    "cafa_pr_micro": 0.624,
    "cafa_rc_micro": 0.601,
    "cafa_f_micro": 0.612,
    "cafa_smin": 4.449
  },
  "best_val_fmax": 0.6567537666767076,
  "best_epoch": 24,
  "total_epochs": 29
}