{
  "model_type": "multimodal_fusion",
  "enabled_modalities": [
    "prott5",
    "esm",
    "text",
    "struct"
  ],
  "aspect": "CCO",
  "num_go_terms": 551,
  "num_parameters": 3649732,
  "seed": 42,
  "use_aux_heads": true,
  "config": {
    "hidden_dim": 512,
    "dropout": 0.3,
    "modality_dropout": 0.1,
    "aux_weight": 0.1,
    "lr": 0.001,
    "weight_decay": 0.01,
    "batch_size": 32,
    "max_epochs": 50,
    "patience": 7,
    "warmup_ratio": 0.1,
    "focal_gamma": 2.0,
    "focal_alpha": 0.25,
    "min_delta_fmax": 0.0001,
    "min_delta_loss": 0.0001,
    "normalize": "none"
  },
  "test_metrics": {
    "loss": 0.05202674702741206,
    "fmax": 0.6381066129748931,
    "threshold": 0.4851515151515151,
    "precision": 0.6438947034570209,
    "recall": 0.6324216559715866,
    "micro_auprc": 0.682178563690778,
    "macro_auprc": 0.22171895937986855,
    "gate_prott5": 0.5848767757415771,
    "gate_esm": 0.14983507990837097,
    "gate_text": 0.2644110321998596,
    "gate_struct": 0.000877160404343158,
    "cafa_fmax": 0.703,
    "cafa_threshold": 0.63,
    "cafa_precision": 0.743,
    "cafa_recall": 0.667,
    "cafa_coverage": 1.0,
    "cafa_pr_micro": 0.707,
    "cafa_rc_micro": 0.575,
    "cafa_f_micro": 0.634,
    "cafa_smin": 6.178
  },
  "best_val_fmax": 0.7179424386817519,
  "loss_at_best_fmax": 0.044298505529952355,
  "best_epoch_by_fmax": 16,
  "total_epochs": 17,
  "train_size": 45309,
  "val_size": 4985,
  "test_size": 1265
}