{
  "model_type": "triple_adaptive_fusion",
  "aspect": "BPO",
  "num_go_terms": 3992,
  "seed": 42,
  "use_diversity_loss": false,
  "diversity_weight": null,
  "test_metrics": {
    "fmax": 0.5090122672624231,
    "threshold": 0.47525252525252526,
    "precision": 0.5396425441342172,
    "recall": 0.48167239404352735,
    "micro_auprc": 0.48938478117453754,
    "macro_auprc": 0.17394404263357813,
    "cafa_fmax": 0.58,
    "cafa_threshold": 0.59,
    "cafa_precision": 0.618,
    "cafa_recall": 0.546,
    "cafa_coverage": 1.0,
    "cafa_pr_micro": 0.583,
    "cafa_rc_micro": 0.439,
    "cafa_f_micro": 0.501,
    "cafa_smin": 19.229
  },
  "best_val_fmax": 0.5180450769514642,
  "best_epoch": 13,
  "total_epochs": 18,
  "train_size": 47691,
  "val_size": 5252,
  "test_size": 2392
}