{
  "model_type": "triple_adaptive_fusion",
  "aspect": "BPO",
  "num_go_terms": 3992,
  "seed": 42,
  "test_metrics": {
    "fmax": 0.48408362531005716,
    "threshold": 0.37626262626262624,
    "precision": 0.6133608476783964,
    "recall": 0.39981513847940847,
    "micro_auprc": 0.4070928712393405,
    "macro_auprc": 0.04573122829092211,
    "cafa_fmax": 0.485,
    "cafa_threshold": 0.38,
    "cafa_precision": 0.616,
    "cafa_recall": 0.4,
    "cafa_coverage": 1.0,
    "cafa_pr_micro": 0.567,
    "cafa_rc_micro": 0.349,
    "cafa_f_micro": 0.432,
    "cafa_smin": 21.057
  },
  "best_val_fmax": 0.4620323447380798,
  "best_epoch": 1,
  "total_epochs": 1,
  "train_size": 47691,
  "val_size": 5252,
  "test_size": 2392
}