{
  "model_type": "pairwise_adaptive_fusion",
  "modality_pair": "prott5_esm",
  "experiment_name": "prott5_esm_fusion_div",
  "aspect": "MFO",
  "num_go_terms": 677,
  "seed": 42,
  "use_diversity_loss": true,
  "diversity_weight": 0.01,
  "test_metrics": {
    "fmax": 0.6117555641395797,
    "threshold": 0.5445454545454546,
    "precision": 0.6541246290801109,
    "recall": 0.5745412844036637,
    "micro_auprc": 0.6465504714927095,
    "macro_auprc": 0.40847017227085397,
    "cafa_fmax": 0.676,
    "cafa_threshold": 0.55,
    "cafa_precision": 0.712,
    "cafa_recall": 0.644,
    "cafa_coverage": 1.0,
    "cafa_pr_micro": 0.638,
    "cafa_rc_micro": 0.588,
    "cafa_f_micro": 0.612,
    "cafa_smin": 4.425
  },
  "best_val_fmax": 0.6615653694298264,
  "best_epoch": 17,
  "total_epochs": 22,
  "train_size": 32421,
  "val_size": 3587,
  "test_size": 1137
}