{
  "model_type": "multimodal_fusion",
  "enabled_modalities": [
    "prott5",
    "esm",
    "ppi"
  ],
  "aspect": "BPO",
  "num_go_terms": 3992,
  "num_parameters": 10033249,
  "seed": 42,
  "use_aux_heads": true,
  "config": {
    "hidden_dim": 512,
    "dropout": 0.3,
    "modality_dropout": 0.1,
    "aux_weight": 0.1,
    "lr": 0.001,
    "weight_decay": 0.01,
    "batch_size": 32,
    "max_epochs": 50,
    "patience": 7,
    "warmup_ratio": 0.1,
    "focal_gamma": 2.0,
    "focal_alpha": 0.25,
    "min_delta_fmax": 0.0001,
    "min_delta_loss": 0.0001,
    "normalize": "none"
  },
  "test_metrics": {
    "loss": 0.02138882949948311,
    "fmax": 0.5212546999842663,
    "threshold": 0.37626262626262624,
    "precision": 0.5436863744633068,
    "recall": 0.5006006761098531,
    "micro_auprc": 0.5051810854966473,
    "macro_auprc": 0.20446660364472996,
    "gate_prott5": 0.4017336070537567,
    "gate_esm": 0.12474340945482254,
    "gate_ppi": 0.4735231101512909,
    "cafa_fmax": 0.588,
    "cafa_threshold": 0.48,
    "cafa_precision": 0.618,
    "cafa_recall": 0.561,
    "cafa_coverage": 1.0,
    "cafa_pr_micro": 0.59,
    "cafa_rc_micro": 0.47,
    "cafa_f_micro": 0.523,
    "cafa_smin": 18.597
  },
  "best_val_fmax": 0.5432038415694977,
  "loss_at_best_fmax": 0.03352102798720201,
  "best_epoch_by_fmax": 16,
  "total_epochs": 19,
  "train_size": 47691,
  "val_size": 5252,
  "test_size": 2392
}