{
  "model_type": "prott5",
  "aspect": "CC",
  "similarity_threshold": 70,
  "num_go_terms": 800,
  "test_metrics": {
    "fmax": 0.6223718156655657,
    "threshold": 0.33666666666666667,
    "precision": 0.6109303873939228,
    "recall": 0.6342499702856148,
    "micro_auprc": 0.5662479474907214,
    "macro_auprc": 0.3306937340524359,
    "cafa_fmax": 0.736,
    "cafa_threshold": 0.4,
    "cafa_precision": 0.753,
    "cafa_recall": 0.72,
    "cafa_coverage": 0.987,
    "cafa_pr_micro": 0.719,
    "cafa_rc_micro": 0.657,
    "cafa_f_micro": 0.687,
    "cafa_smin": 5.203
  },
  "best_val_fmax": 0.6346689419637631,
  "best_epoch": 46,
  "total_epochs": 50,
  "train_size": 24300,
  "val_size": 3047,
  "test_size": 3039
}