{
  "model_type": "prostt5",
  "aspect": "CC",
  "similarity_threshold": 70,
  "num_go_terms": 800,
  "test_metrics": {
    "fmax": 0.5969047513937544,
    "threshold": 0.2772727272727273,
    "precision": 0.5773557642194822,
    "recall": 0.6178239726530607,
    "micro_auprc": 0.5272033454262103,
    "macro_auprc": 0.272438290206736,
    "cafa_fmax": 0.72,
    "cafa_threshold": 0.33,
    "cafa_precision": 0.735,
    "cafa_recall": 0.704,
    "cafa_coverage": 0.989,
    "cafa_pr_micro": 0.709,
    "cafa_rc_micro": 0.637,
    "cafa_f_micro": 0.671,
    "cafa_smin": 5.467
  },
  "best_val_fmax": 0.6082825320709352,
  "best_epoch": 42,
  "total_epochs": 50,
  "train_size": 24300,
  "val_size": 3047,
  "test_size": 3039
}