{
  "model_type": "esm",
  "aspect": "CC",
  "similarity_threshold": 70,
  "num_go_terms": 800,
  "test_metrics": {
    "fmax": 0.6148963914028474,
    "threshold": 0.3564646464646465,
    "precision": 0.6218756622354968,
    "recall": 0.6080720378636431,
    "micro_auprc": 0.5530862837099915,
    "macro_auprc": 0.29598200865924157,
    "cafa_fmax": 0.732,
    "cafa_threshold": 0.37,
    "cafa_precision": 0.746,
    "cafa_recall": 0.719,
    "cafa_coverage": 0.991,
    "cafa_pr_micro": 0.715,
    "cafa_rc_micro": 0.654,
    "cafa_f_micro": 0.683,
    "cafa_smin": 5.285
  },
  "best_val_fmax": 0.625134887770801,
  "best_epoch": 45,
  "total_epochs": 50,
  "train_size": 24300,
  "val_size": 3047,
  "test_size": 3039
}