{
  "seq_model": "prott5",
  "aspect": "BPO",
  "fusion_type": "concat",
  "modality_dropout": 0.1,
  "num_go_terms": 3992,
  "num_parameters": 4809624,
  "seed": 42,
  "config": {
    "hidden_dim": 512,
    "dropout": 0.4,
    "modality_dropout": 0.1,
    "lr": 0.001,
    "weight_decay": 0.01,
    "batch_size": 32,
    "max_epochs": 1,
    "patience": 5,
    "warmup_ratio": 0.1,
    "min_delta_fmax": 0.0001,
    "min_delta_loss": 0.0001,
    "n_heads": 4,
    "n_layers": 2
  },
  "test_fmax": 0.45529346353603956,
  "test_micro_auprc": 0.42546172880410127,
  "test_macro_auprc": 0.05325377327922152,
  "test_precision": 0.5276305132169934,
  "test_recall": 0.40039951945911156,
  "test_threshold": 0.32676767676767676,
  "weight_seq": 0.27895835041999817,
  "weight_text": 0.2472917139530182,
  "weight_struct": 0.24541668593883514,
  "weight_ppi": 0.22833333909511566,
  "best_val_fmax": 0.45155070548659976,
  "best_epoch": 1,
  "total_epochs": 1,
  "cafa_cafa_fmax": 0.509,
  "cafa_cafa_threshold": 0.36,
  "cafa_cafa_precision": 0.598,
  "cafa_cafa_recall": 0.442,
  "cafa_cafa_coverage": 1.0,
  "cafa_cafa_pr_micro": 0.556,
  "cafa_cafa_rc_micro": 0.383,
  "cafa_cafa_f_micro": 0.454,
  "cafa_cafa_smin": 20.526
}