{
  "experiment_name": "text_esm_temp_1.0_fixed",
  "modality_pair": "text_esm",
  "aspect": "BPO",
  "temperature_init": 1.0,
  "temperature_final": 1.0,
  "learnable_temperature": false,
  "num_go_terms": 3992,
  "seed": 42,
  "test_metrics": {
    "fmax": 0.5049231697526834,
    "threshold": 0.43565656565656563,
    "precision": 0.519999407863571,
    "recall": 0.49069650490319267,
    "micro_auprc": 0.48611180494531603,
    "macro_auprc": 0.1745421270829795,
    "cafa_fmax": 0.584,
    "cafa_threshold": 0.57,
    "cafa_precision": 0.621,
    "cafa_recall": 0.551,
    "cafa_coverage": 1.0,
    "cafa_pr_micro": 0.583,
    "cafa_rc_micro": 0.443,
    "cafa_f_micro": 0.504,
    "cafa_smin": 19.102
  },
  "best_val_fmax": 0.5105798355190639,
  "best_epoch": 17,
  "total_epochs": 22
}