{
  "experiment_name": "text_prott5_temp_1.5_fixed",
  "modality_pair": "text_prott5",
  "aspect": "MFO",
  "temperature_init": 1.5,
  "temperature_final": 1.5,
  "learnable_temperature": false,
  "num_go_terms": 677,
  "seed": 42,
  "test_metrics": {
    "fmax": 0.6196836751304914,
    "threshold": 0.5643434343434344,
    "precision": 0.6678713408023049,
    "recall": 0.5779816513761408,
    "micro_auprc": 0.64969675020436,
    "macro_auprc": 0.4124455215316918,
    "cafa_fmax": 0.688,
    "cafa_threshold": 0.56,
    "cafa_precision": 0.721,
    "cafa_recall": 0.657,
    "cafa_coverage": 1.0,
    "cafa_pr_micro": 0.642,
    "cafa_rc_micro": 0.601,
    "cafa_f_micro": 0.621,
    "cafa_smin": 4.294
  },
  "best_val_fmax": 0.6646062360130053,
  "best_epoch": 15,
  "total_epochs": 20
}