{
  "model_type": "simplified_pairwise_fusion",
  "modality_pair": "text_prott5",
  "aspect": "BPO",
  "num_go_terms": 3992,
  "seed": 42,
  "use_ppi": true,
  "config": {
    "use_ppi": true,
    "hidden_dim": 512,
    "dropout": 0.3,
    "entropy_weight": 0.05,
    "lr": 0.001,
    "weight_decay": 0.01,
    "batch_size": 32,
    "max_epochs": 50,
    "patience": 5,
    "warmup_ratio": 0.1,
    "focal_gamma": 2.0,
    "focal_alpha": 0.25
  },
  "test_metrics": {
    "fmax": 0.5246471322764726,
    "threshold": 0.38616161616161615,
    "precision": 0.5572938755635133,
    "recall": 0.49561366747688024,
    "micro_auprc": 0.5140039346320647,
    "macro_auprc": 0.2097099304866064,
    "gate1_mean": 0.5000784993171692,
    "gate2_mean": 0.4999215304851532,
    "cafa_fmax": 0.592,
    "cafa_threshold": 0.43,
    "cafa_precision": 0.627,
    "cafa_recall": 0.56,
    "cafa_coverage": 1.0,
    "cafa_pr_micro": 0.589,
    "cafa_rc_micro": 0.466,
    "cafa_f_micro": 0.52,
    "cafa_smin": 18.651
  },
  "best_val_fmax": 0.5525132446485606,
  "best_epoch": 19,
  "total_epochs": 24
}