{
  "model_type": "multimodal_fusion",
  "enabled_modalities": [
    "prott5",
    "esm",
    "text",
    "struct",
    "ppi"
  ],
  "aspect": "CCO",
  "num_go_terms": 551,
  "num_parameters": 4196075,
  "seed": 42,
  "use_aux_heads": true,
  "config": {
    "hidden_dim": 512,
    "dropout": 0.3,
    "modality_dropout": 0.1,
    "aux_weight": 0.1,
    "lr": 0.001,
    "weight_decay": 0.01,
    "batch_size": 32,
    "max_epochs": 50,
    "patience": 7,
    "warmup_ratio": 0.1,
    "focal_gamma": 2.0,
    "focal_alpha": 0.25,
    "min_delta_fmax": 0.0001,
    "min_delta_loss": 0.0001,
    "normalize": "none"
  },
  "test_metrics": {
    "loss": 0.05279039316810667,
    "fmax": 0.630933952478438,
    "threshold": 0.5346464646464646,
    "precision": 0.6540081567159146,
    "recall": 0.6094324341162506,
    "micro_auprc": 0.6751449586792719,
    "macro_auprc": 0.2728014613058204,
    "gate_prott5": 0.3550548851490021,
    "gate_esm": 0.048091303557157516,
    "gate_text": 0.13535724580287933,
    "gate_struct": 0.000516542000696063,
    "gate_ppi": 0.46098002791404724,
    "cafa_fmax": 0.692,
    "cafa_threshold": 0.64,
    "cafa_precision": 0.729,
    "cafa_recall": 0.658,
    "cafa_coverage": 1.0,
    "cafa_pr_micro": 0.686,
    "cafa_rc_micro": 0.575,
    "cafa_f_micro": 0.626,
    "cafa_smin": 6.342
  },
  "best_val_fmax": 0.7506007846484197,
  "loss_at_best_fmax": 0.040709174142625086,
  "best_epoch_by_fmax": 16,
  "total_epochs": 18,
  "train_size": 45309,
  "val_size": 4985,
  "test_size": 1265
}