{
  "model_type": "pairwise_with_ppi",
  "modality_pair": "text_prott5",
  "use_ppi": false,
  "aspect": "CCO",
  "num_go_terms": 551,
  "num_parameters": 4374828,
  "seed": 42,
  "regularization": {
    "diversity_loss": false,
    "diversity_weight": null,
    "gate_entropy": false,
    "gate_entropy_weight": null
  },
  "test_metrics": {
    "fmax": 0.6341526603341541,
    "threshold": 0.5247474747474747,
    "precision": 0.6603048287024503,
    "recall": 0.6099931468444295,
    "micro_auprc": 0.679061909807076,
    "macro_auprc": 0.2280907403503419,
    "text_mean": 0.4091220796108246,
    "text_std": 0.08642164617776871,
    "prott5_mean": 0.5908779501914978,
    "prott5_std": 0.08642164617776871,
    "cafa_fmax": 0.7,
    "cafa_threshold": 0.64,
    "cafa_precision": 0.743,
    "cafa_recall": 0.662,
    "cafa_coverage": 1.0,
    "cafa_pr_micro": 0.698,
    "cafa_rc_micro": 0.575,
    "cafa_f_micro": 0.63,
    "cafa_smin": 6.252
  },
  "best_val_fmax": 0.7184602119624605,
  "best_epoch": 15,
  "total_epochs": 20,
  "dataset_sizes": {
    "train": 45309,
    "val": 4985,
    "test": 1265
  }
}