{
  "plm_type": "ankh",
  "aspect": "CCO",
  "num_go_terms": 551,
  "num_gpus": 6,
  "effective_batch_size": 96,
  "test_metrics": {
    "fmax": 0.6503249104791665,
    "threshold": 0.4851515151515151,
    "precision": 0.6631825197310186,
    "recall": 0.6379563791417816,
    "micro_auprc": 0.6171746122013277,
    "macro_auprc": 0.09221363260161596,
    "cafa_fmax": 0.651,
    "cafa_threshold": 0.52,
    "cafa_precision": 0.684,
    "cafa_recall": 0.62,
    "cafa_coverage": 1.0,
    "cafa_pr_micro": 0.67,
    "cafa_rc_micro": 0.507,
    "cafa_f_micro": 0.577,
    "cafa_smin": 7.007
  },
  "best_val_fmax": 0.6891276266584564,
  "best_epoch": 44,
  "total_epochs": 50,
  "train_size": 45309,
  "val_size": 4985,
  "test_size": 1265
}