{
  "plm_type": "ankh",
  "aspect": "CCO",
  "embedding_dim": 768,
  "num_go_terms": 551,
  "num_gpus": 1,
  "effective_batch_size": 16,
  "seed": 42,
  "test_metrics": {
    "fmax": 0.5862239677378889,
    "threshold": 0.43565656565656563,
    "precision": 0.6233155530600742,
    "recall": 0.5532988598841159,
    "micro_auprc": 0.616310134529437,
    "macro_auprc": 0.09585262181994518,
    "cafa_fmax": 0.652,
    "cafa_threshold": 0.49,
    "cafa_precision": 0.674,
    "cafa_recall": 0.631,
    "cafa_coverage": 1.0,
    "cafa_pr_micro": 0.661,
    "cafa_rc_micro": 0.52,
    "cafa_f_micro": 0.582,
    "cafa_smin": 6.966
  },
  "best_val_fmax": 0.6311597932849426,
  "best_epoch": 50,
  "total_epochs": 50,
  "train_size": 45309,
  "val_size": 4985,
  "test_size": 1265
}