{
  "model_type": "pairwise_adaptive_fusion_with_ppi",
  "modality_pair": "text_prott5",
  "experiment_name": "text_prott5_fusion_ppi_nolosses",
  "aspect": "CCO",
  "num_go_terms": 551,
  "num_parameters": 5163820,
  "seed": 42,
  "use_ppi": true,
  "regularization": {
    "diversity_loss": false,
    "diversity_weight": null,
    "gate_entropy": false,
    "gate_entropy_weight": null
  },
  "test_metrics": {
    "fmax": 0.6375337880823712,
    "threshold": 0.5544444444444444,
    "precision": 0.6593011647254532,
    "recall": 0.6171578094822714,
    "micro_auprc": 0.6883692605164302,
    "macro_auprc": 0.2645486342055121,
    "gate_text_mean": 0.201812282204628,
    "gate_text_std": 0.06727568060159683,
    "gate_prott5_mean": 0.7981877326965332,
    "gate_prott5_std": 0.06727568060159683,
    "cafa_fmax": 0.699,
    "cafa_threshold": 0.69,
    "cafa_precision": 0.742,
    "cafa_recall": 0.66,
    "cafa_coverage": 1.0,
    "cafa_pr_micro": 0.7,
    "cafa_rc_micro": 0.575,
    "cafa_f_micro": 0.632,
    "cafa_smin": 6.23
  },
  "best_val_fmax": 0.7515593536163652,
  "best_epoch": 12,
  "total_epochs": 17,
  "train_size": 45309,
  "val_size": 4985,
  "test_size": 1265
}