{
  "experiment_name": "prott5_prostt5_temp_1.5_fixed",
  "modality_pair": "prott5_prostt5",
  "aspect": "CCO",
  "temperature_init": 1.5,
  "temperature_final": 1.5,
  "learnable_temperature": false,
  "num_go_terms": 551,
  "seed": 42,
  "test_metrics": {
    "fmax": 0.6344997887534157,
    "threshold": 0.5544444444444444,
    "precision": 0.6630449545022364,
    "recall": 0.6083110086598927,
    "micro_auprc": 0.6767459924032919,
    "macro_auprc": 0.2011444651544499,
    "cafa_fmax": 0.702,
    "cafa_threshold": 0.63,
    "cafa_precision": 0.737,
    "cafa_recall": 0.67,
    "cafa_coverage": 1.0,
    "cafa_pr_micro": 0.691,
    "cafa_rc_micro": 0.582,
    "cafa_f_micro": 0.632,
    "cafa_smin": 6.247
  },
  "best_val_fmax": 0.7150840754292418,
  "best_epoch": 13,
  "total_epochs": 18
}