{
  "model_type": "pairwise_with_ppi",
  "modality_pair": "text_prott5",
  "use_ppi": false,
  "aspect": "BPO",
  "num_go_terms": 3992,
  "num_parameters": 7901853,
  "seed": 42,
  "regularization": {
    "diversity_loss": false,
    "diversity_weight": null,
    "gate_entropy": false,
    "gate_entropy_weight": null
  },
  "test_metrics": {
    "fmax": 0.512661045767232,
    "threshold": 0.4257575757575757,
    "precision": 0.5188024774355959,
    "recall": 0.5066633140558202,
    "micro_auprc": 0.5009471188677342,
    "macro_auprc": 0.1826505022400224,
    "text_mean": 0.43892034888267517,
    "text_std": 0.0832347571849823,
    "prott5_mean": 0.5610796809196472,
    "prott5_std": 0.0832347571849823,
    "cafa_fmax": 0.586,
    "cafa_threshold": 0.54,
    "cafa_precision": 0.598,
    "cafa_recall": 0.574,
    "cafa_coverage": 1.0,
    "cafa_pr_micro": 0.56,
    "cafa_rc_micro": 0.469,
    "cafa_f_micro": 0.511,
    "cafa_smin": 19.186
  },
  "best_val_fmax": 0.5166577744032433,
  "best_epoch": 17,
  "total_epochs": 22,
  "dataset_sizes": {
    "train": 47691,
    "val": 5252,
    "test": 2392
  }
}