{
  "model_type": "simplified_pairwise_fusion",
  "modality_pair": "prott5_prostt5",
  "experiment_name": "prott5_prostt5_simplified_ppi",
  "aspect": "CCO",
  "num_go_terms": 551,
  "num_parameters": 2649642,
  "seed": 42,
  "use_ppi": true,
  "config": {
    "hidden_dim": 512,
    "dropout": 0.3,
    "entropy_weight": 0.0005,
    "lr": 0.001,
    "weight_decay": 0.01,
    "batch_size": 32,
    "max_epochs": 50,
    "patience": 5,
    "gradient_clip": 1.0,
    "warmup_ratio": 0.1,
    "focal_gamma": 2.0,
    "focal_alpha": 0.25
  },
  "test_metrics": {
    "fmax": 0.6218326001606413,
    "threshold": 0.38616161616161615,
    "precision": 0.6183845727311896,
    "recall": 0.6253192947479869,
    "micro_auprc": 0.6626510450474663,
    "macro_auprc": 0.22700490324060585,
    "gate1_mean": 0.5040495991706848,
    "gate2_mean": 0.495950311422348,
    "cafa_fmax": 0.685,
    "cafa_threshold": 0.45,
    "cafa_precision": 0.72,
    "cafa_recall": 0.653,
    "cafa_coverage": 1.0,
    "cafa_pr_micro": 0.668,
    "cafa_rc_micro": 0.574,
    "cafa_f_micro": 0.617,
    "cafa_smin": 6.495
  },
  "best_val_fmax": 0.7509341958064943,
  "best_epoch": 20,
  "total_epochs": 25,
  "train_size": 45309,
  "val_size": 4985,
  "test_size": 1265
}