{
  "model_type": "pairwise_adaptive_fusion",
  "modality_pair": "prott5_esm",
  "experiment_name": "prott5_esm_fusion_div",
  "aspect": "CCO",
  "num_go_terms": 551,
  "seed": 42,
  "use_diversity_loss": true,
  "diversity_weight": 0.01,
  "test_metrics": {
    "fmax": 0.6356982342999623,
    "threshold": 0.5247474747474747,
    "precision": 0.6557387906483829,
    "recall": 0.6168463024110609,
    "micro_auprc": 0.6768845251976674,
    "macro_auprc": 0.21746014354128973,
    "cafa_fmax": 0.701,
    "cafa_threshold": 0.66,
    "cafa_precision": 0.746,
    "cafa_recall": 0.66,
    "cafa_coverage": 1.0,
    "cafa_pr_micro": 0.708,
    "cafa_rc_micro": 0.566,
    "cafa_f_micro": 0.629,
    "cafa_smin": 6.239
  },
  "best_val_fmax": 0.7148673902051409,
  "best_epoch": 15,
  "total_epochs": 20,
  "train_size": 45309,
  "val_size": 4985,
  "test_size": 1265
}