{
  "model_type": "pairwise_adaptive_fusion",
  "modality_pair": "prott5_esm",
  "experiment_name": "prott5_esm_fusion_div",
  "aspect": "CCO",
  "num_go_terms": 551,
  "seed": 42,
  "use_diversity_loss": true,
  "diversity_weight": 0.02,
  "test_metrics": {
    "fmax": 0.6358408402919422,
    "threshold": 0.5445454545454546,
    "precision": 0.6815849486887067,
    "recall": 0.5958507258114722,
    "micro_auprc": 0.6797943309396626,
    "macro_auprc": 0.2051139926478096,
    "cafa_fmax": 0.701,
    "cafa_threshold": 0.61,
    "cafa_precision": 0.74,
    "cafa_recall": 0.665,
    "cafa_coverage": 1.0,
    "cafa_pr_micro": 0.705,
    "cafa_rc_micro": 0.575,
    "cafa_f_micro": 0.633,
    "cafa_smin": 6.197
  },
  "best_val_fmax": 0.7149263213233361,
  "best_epoch": 11,
  "total_epochs": 16,
  "train_size": 45309,
  "val_size": 4985,
  "test_size": 1265
}