{
  "model_type": "pairwise_adaptive_fusion",
  "modality_pair": "text_prott5",
  "experiment_name": "text_prott5_fusion_div",
  "aspect": "MFO",
  "num_go_terms": 677,
  "seed": 42,
  "use_diversity_loss": true,
  "diversity_weight": 0.01,
  "test_metrics": {
    "fmax": 0.6185688308410315,
    "threshold": 0.4851515151515151,
    "precision": 0.6350757742147964,
    "recall": 0.602898248540444,
    "micro_auprc": 0.6457967479689658,
    "macro_auprc": 0.41870608128717085,
    "cafa_fmax": 0.688,
    "cafa_threshold": 0.52,
    "cafa_precision": 0.717,
    "cafa_recall": 0.661,
    "cafa_coverage": 1.0,
    "cafa_pr_micro": 0.633,
    "cafa_rc_micro": 0.606,
    "cafa_f_micro": 0.619,
    "cafa_smin": 4.317
  },
  "best_val_fmax": 0.6644379113377001,
  "best_epoch": 17,
  "total_epochs": 22,
  "train_size": 32421,
  "val_size": 3587,
  "test_size": 1137
}