{
  "model_type": "multimodal_fusion",
  "enabled_modalities": [
    "prott5",
    "esm"
  ],
  "aspect": "BPO",
  "num_go_terms": 3992,
  "num_parameters": 7721673,
  "seed": 42,
  "use_aux_heads": true,
  "config": {
    "hidden_dim": 512,
    "dropout": 0.3,
    "modality_dropout": 0.1,
    "aux_weight": 0.1,
    "lr": 0.001,
    "weight_decay": 0.01,
    "batch_size": 32,
    "max_epochs": 50,
    "patience": 7,
    "warmup_ratio": 0.1,
    "focal_gamma": 2.0,
    "focal_alpha": 0.25,
    "min_delta_fmax": 0.0001,
    "min_delta_loss": 0.0001,
    "normalize": "none"
  },
  "test_metrics": {
    "loss": 0.023160220980644228,
    "fmax": 0.5007986548470154,
    "threshold": 0.41585858585858587,
    "precision": 0.5023189139050503,
    "recall": 0.49928757019528885,
    "micro_auprc": 0.48185454233067637,
    "macro_auprc": 0.16931460704811818,
    "gate_prott5": 0.7121086120605469,
    "gate_esm": 0.28789135813713074,
    "cafa_fmax": 0.566,
    "cafa_threshold": 0.5,
    "cafa_precision": 0.567,
    "cafa_recall": 0.564,
    "cafa_coverage": 1.0,
    "cafa_pr_micro": 0.533,
    "cafa_rc_micro": 0.471,
    "cafa_f_micro": 0.5,
    "cafa_smin": 19.635
  },
  "best_val_fmax": 0.5073850333344502,
  "loss_at_best_fmax": 0.03614711659875783,
  "best_epoch_by_fmax": 25,
  "total_epochs": 27,
  "train_size": 47691,
  "val_size": 5252,
  "test_size": 2392
}