{
  "model_type": "pairwise_adaptive_fusion_with_ppi",
  "modality_pair": "text_prott5",
  "experiment_name": "text_prott5_fusion_ppi_div_noentropy",
  "aspect": "BPO",
  "num_go_terms": 3992,
  "num_parameters": 8690845,
  "seed": 42,
  "use_ppi": true,
  "regularization": {
    "diversity_loss": true,
    "diversity_weight": 0.01,
    "gate_entropy": false,
    "gate_entropy_weight": null
  },
  "test_metrics": {
    "fmax": 0.5226267052585525,
    "threshold": 0.36636363636363634,
    "precision": 0.5289908992043951,
    "recall": 0.516413823932053,
    "micro_auprc": 0.5115649429325275,
    "macro_auprc": 0.208457239012199,
    "gate_text_mean": 0.4909931719303131,
    "gate_text_std": 0.08397141098976135,
    "gate_prott5_mean": 0.5090067982673645,
    "gate_prott5_std": 0.08397141098976135,
    "cafa_fmax": 0.595,
    "cafa_threshold": 0.54,
    "cafa_precision": 0.63,
    "cafa_recall": 0.563,
    "cafa_coverage": 1.0,
    "cafa_pr_micro": 0.594,
    "cafa_rc_micro": 0.467,
    "cafa_f_micro": 0.523,
    "cafa_smin": 18.58
  },
  "best_val_fmax": 0.554188360295655,
  "best_epoch": 17,
  "total_epochs": 22,
  "train_size": 47691,
  "val_size": 5252,
  "test_size": 2392
}