{
  "experiment_name": "prott5_esm_temp_1.5_learned",
  "modality_pair": "prott5_esm",
  "aspect": "CCO",
  "temperature_init": 1.5,
  "temperature_final": 1.675911784172058,
  "learnable_temperature": true,
  "num_go_terms": 551,
  "seed": 42,
  "test_metrics": {
    "fmax": 0.6370830607741877,
    "threshold": 0.5148484848484849,
    "precision": 0.670452199050171,
    "recall": 0.6068780761323245,
    "micro_auprc": 0.683841623295399,
    "macro_auprc": 0.21150560201607882,
    "cafa_fmax": 0.7,
    "cafa_threshold": 0.56,
    "cafa_precision": 0.717,
    "cafa_recall": 0.683,
    "cafa_coverage": 1.0,
    "cafa_pr_micro": 0.684,
    "cafa_rc_micro": 0.595,
    "cafa_f_micro": 0.637,
    "cafa_smin": 6.193
  },
  "best_val_fmax": 0.713832545885045,
  "best_epoch": 11,
  "total_epochs": 16
}