{
  "model_type": "multimodal_fusion",
  "enabled_modalities": [
    "prott5",
    "esm",
    "text",
    "ppi"
  ],
  "aspect": "MFO",
  "num_go_terms": 677,
  "num_parameters": 3972922,
  "seed": 42,
  "use_aux_heads": true,
  "config": {
    "hidden_dim": 512,
    "dropout": 0.3,
    "modality_dropout": 0.1,
    "aux_weight": 0.1,
    "lr": 0.001,
    "weight_decay": 0.01,
    "batch_size": 32,
    "max_epochs": 50,
    "patience": 7,
    "warmup_ratio": 0.1,
    "focal_gamma": 2.0,
    "focal_alpha": 0.25,
    "min_delta_fmax": 0.0001,
    "min_delta_loss": 0.0001,
    "normalize": "none"
  },
  "test_metrics": {
    "loss": 0.030428423054723278,
    "fmax": 0.6303770278176262,
    "threshold": 0.5742424242424242,
    "precision": 0.6884800592665676,
    "recall": 0.5813177648039973,
    "micro_auprc": 0.6587133499544886,
    "macro_auprc": 0.42937225042250643,
    "gate_prott5": 0.38830697536468506,
    "gate_esm": 0.10511118173599243,
    "gate_text": 0.20308904349803925,
    "gate_ppi": 0.3034929037094116,
    "cafa_fmax": 0.696,
    "cafa_threshold": 0.6,
    "cafa_precision": 0.753,
    "cafa_recall": 0.647,
    "cafa_coverage": 1.0,
    "cafa_pr_micro": 0.684,
    "cafa_rc_micro": 0.593,
    "cafa_f_micro": 0.635,
    "cafa_smin": 4.142
  },
  "best_val_fmax": 0.6740146873571126,
  "loss_at_best_fmax": 0.03258203828822723,
  "best_epoch_by_fmax": 18,
  "total_epochs": 18,
  "train_size": 32421,
  "val_size": 3587,
  "test_size": 1137
}