{
  "model_type": "pairwise_with_ppi",
  "modality_pair": "text_prott5",
  "use_ppi": true,
  "aspect": "CCO",
  "num_go_terms": 551,
  "num_parameters": 5163820,
  "seed": 42,
  "regularization": {
    "diversity_loss": false,
    "diversity_weight": null,
    "gate_entropy": true,
    "gate_entropy_weight": 0.001
  },
  "test_metrics": {
    "fmax": 0.6326027752062068,
    "threshold": 0.5544444444444444,
    "precision": 0.6595011153924109,
    "recall": 0.6078125973459559,
    "micro_auprc": 0.678830475361023,
    "macro_auprc": 0.2504693124678895,
    "text_mean": 0.48868775367736816,
    "text_std": 0.07406756281852722,
    "prott5_mean": 0.5113122463226318,
    "prott5_std": 0.07406756281852722,
    "cafa_fmax": 0.695,
    "cafa_threshold": 0.65,
    "cafa_precision": 0.72,
    "cafa_recall": 0.67,
    "cafa_coverage": 1.0,
    "cafa_pr_micro": 0.681,
    "cafa_rc_micro": 0.588,
    "cafa_f_micro": 0.631,
    "cafa_smin": 6.289
  },
  "best_val_fmax": 0.7525325259800536,
  "best_epoch": 15,
  "total_epochs": 20,
  "dataset_sizes": {
    "train": 45309,
    "val": 4985,
    "test": 1265
  }
}