{
  "model_type": "multimodal_fusion",
  "enabled_modalities": [
    "prott5",
    "esm",
    "struct",
    "ppi"
  ],
  "aspect": "CCO",
  "num_go_terms": 551,
  "num_parameters": 3518660,
  "seed": 42,
  "use_aux_heads": true,
  "config": {
    "hidden_dim": 512,
    "dropout": 0.3,
    "modality_dropout": 0.1,
    "aux_weight": 0.1,
    "lr": 0.001,
    "weight_decay": 0.01,
    "batch_size": 32,
    "max_epochs": 50,
    "patience": 7,
    "warmup_ratio": 0.1,
    "focal_gamma": 2.0,
    "focal_alpha": 0.25,
    "min_delta_fmax": 0.0001,
    "min_delta_loss": 0.0001,
    "normalize": "none"
  },
  "test_metrics": {
    "loss": 0.05198155022226274,
    "fmax": 0.6385862515713507,
    "threshold": 0.5742424242424242,
    "precision": 0.665832713503275,
    "recall": 0.6134820260419873,
    "micro_auprc": 0.6813520079675813,
    "macro_auprc": 0.26295653983209044,
    "gate_prott5": 0.3718782365322113,
    "gate_esm": 0.09657149761915207,
    "gate_struct": 0.003687569871544838,
    "gate_ppi": 0.5278627872467041,
    "cafa_fmax": 0.7,
    "cafa_threshold": 0.63,
    "cafa_precision": 0.719,
    "cafa_recall": 0.681,
    "cafa_coverage": 1.0,
    "cafa_pr_micro": 0.681,
    "cafa_rc_micro": 0.6,
    "cafa_f_micro": 0.638,
    "cafa_smin": 6.194
  },
  "best_val_fmax": 0.7493106802234484,
  "loss_at_best_fmax": 0.04076997193101889,
  "best_epoch_by_fmax": 16,
  "total_epochs": 18,
  "train_size": 45309,
  "val_size": 4985,
  "test_size": 1265
}