{
  "model_type": "multimodal_fusion",
  "enabled_modalities": [
    "prott5",
    "text",
    "struct"
  ],
  "aspect": "MFO",
  "num_go_terms": 677,
  "num_parameters": 2968725,
  "seed": 42,
  "use_aux_heads": true,
  "config": {
    "hidden_dim": 512,
    "dropout": 0.3,
    "modality_dropout": 0.1,
    "aux_weight": 0.1,
    "lr": 0.001,
    "weight_decay": 0.01,
    "batch_size": 32,
    "max_epochs": 50,
    "patience": 7,
    "warmup_ratio": 0.1,
    "focal_gamma": 2.0,
    "focal_alpha": 0.25,
    "min_delta_fmax": 0.0001,
    "min_delta_loss": 0.0001,
    "normalize": "none"
  },
  "test_metrics": {
    "loss": 0.03034302990676628,
    "fmax": 0.5982350208510671,
    "threshold": 0.45545454545454545,
    "precision": 0.5923352069494063,
    "recall": 0.6042535446205108,
    "micro_auprc": 0.6320288753917442,
    "macro_auprc": 0.42263297933247196,
    "gate_prott5": 0.6235483288764954,
    "gate_text": 0.37054264545440674,
    "gate_struct": 0.005908948369324207,
    "cafa_fmax": 0.658,
    "cafa_threshold": 0.61,
    "cafa_precision": 0.732,
    "cafa_recall": 0.597,
    "cafa_coverage": 1.0,
    "cafa_pr_micro": 0.662,
    "cafa_rc_micro": 0.551,
    "cafa_f_micro": 0.602,
    "cafa_smin": 4.468
  },
  "best_val_fmax": 0.6605457331100878,
  "loss_at_best_fmax": 0.032551885096240886,
  "best_epoch_by_fmax": 18,
  "total_epochs": 19,
  "train_size": 32421,
  "val_size": 3587,
  "test_size": 1137
}