{
  "model_type": "pairwise_with_ppi",
  "modality_pair": "text_prott5",
  "use_ppi": false,
  "aspect": "MFO",
  "num_go_terms": 677,
  "num_parameters": 4503978,
  "seed": 42,
  "regularization": {
    "diversity_loss": true,
    "diversity_weight": 0.01,
    "gate_entropy": false,
    "gate_entropy_weight": null
  },
  "test_metrics": {
    "fmax": 0.6091043225906917,
    "threshold": 0.5544444444444444,
    "precision": 0.6400597220627008,
    "recall": 0.5810050041701357,
    "micro_auprc": 0.6478129715392644,
    "macro_auprc": 0.4221439231450601,
    "text_mean": 0.6202742457389832,
    "text_std": 0.07021129131317139,
    "prott5_mean": 0.37972575426101685,
    "prott5_std": 0.07021129131317139,
    "cafa_fmax": 0.671,
    "cafa_threshold": 0.59,
    "cafa_precision": 0.71,
    "cafa_recall": 0.636,
    "cafa_coverage": 1.0,
    "cafa_pr_micro": 0.639,
    "cafa_rc_micro": 0.582,
    "cafa_f_micro": 0.609,
    "cafa_smin": 4.366
  },
  "best_val_fmax": 0.6621113243263296,
  "best_epoch": 13,
  "total_epochs": 18,
  "dataset_sizes": {
    "train": 32421,
    "val": 3587,
    "test": 1137
  }
}