{
  "ablation_name": "01_full_model",
  "ablation_description": "Full model with all components",
  "modality_pair": "text_prott5",
  "aspect": "BPO",
  "num_go_terms": 3992,
  "num_parameters": 7901853,
  "seed": 42,
  "model_config": {
    "use_adaptive_gates": true,
    "use_gate_adjuster": true,
    "use_interaction": true,
    "use_diversity_loss": false,
    "use_gate_entropy": true,
    "learnable_temperature": true,
    "temperature": 1.5,
    "gate_entropy_weight": 0.001
  },
  "test_metrics": {
    "fmax": 0.5087950406319092,
    "threshold": 0.43565656565656563,
    "precision": 0.5131947306342274,
    "recall": 0.5044701477942607,
    "micro_auprc": 0.5015359656978672,
    "macro_auprc": 0.17629138863753288,
    "text_mean": 0.5364823937416077,
    "text_std": 0.07088615745306015,
    "prott5_mean": 0.46351760625839233,
    "prott5_std": 0.07088615745306015,
    "cafa_fmax": 0.582,
    "cafa_threshold": 0.58,
    "cafa_precision": 0.62,
    "cafa_recall": 0.548,
    "cafa_coverage": 1.0,
    "cafa_pr_micro": 0.584,
    "cafa_rc_micro": 0.448,
    "cafa_f_micro": 0.507,
    "cafa_smin": 18.994
  },
  "best_val_fmax": 0.5165652370479902,
  "best_epoch": 15,
  "total_epochs": 20,
  "dataset_sizes": {
    "train": 47691,
    "val": 5252,
    "test": 2392
  }
}