{
  "model_type": "esm",
  "aspect": "MF",
  "similarity_threshold": 50,
  "num_go_terms": 1199,
  "test_metrics": {
    "fmax": 0.6956748516792383,
    "threshold": 0.44555555555555554,
    "precision": 0.7306651458194153,
    "recall": 0.6638826559392095,
    "micro_auprc": 0.6242290556401972,
    "macro_auprc": 0.44049518042707725,
    "cafa_fmax": 0.746,
    "cafa_threshold": 0.46,
    "cafa_precision": 0.775,
    "cafa_recall": 0.719,
    "cafa_coverage": 0.998,
    "cafa_pr_micro": 0.706,
    "cafa_rc_micro": 0.633,
    "cafa_f_micro": 0.668,
    "cafa_smin": 3.426
  },
  "best_val_fmax": 0.7038450584191512,
  "best_epoch": 32,
  "total_epochs": 42,
  "train_size": 20997,
  "val_size": 2587,
  "test_size": 2612
}