{
  "model_type": "esm",
  "aspect": "MF",
  "similarity_threshold": 50,
  "num_go_terms": 1199,
  "test_metrics": {
    "fmax": 0.6949477883402034,
    "threshold": 0.38616161616161615,
    "precision": 0.7204862825466516,
    "recall": 0.6711578009968083,
    "micro_auprc": 0.61940754231814,
    "macro_auprc": 0.44184513935335235,
    "cafa_fmax": 0.746,
    "cafa_threshold": 0.51,
    "cafa_precision": 0.807,
    "cafa_recall": 0.693,
    "cafa_coverage": 0.993,
    "cafa_pr_micro": 0.746,
    "cafa_rc_micro": 0.597,
    "cafa_f_micro": 0.663,
    "cafa_smin": 3.447
  },
  "best_val_fmax": 0.7062681644495453,
  "best_epoch": 37,
  "total_epochs": 47,
  "train_size": 20997,
  "val_size": 2587,
  "test_size": 2612
}