{
  "model_type": "concat",
  "aspect": "MF",
  "similarity_threshold": 50,
  "num_go_terms": 1199,
  "test_metrics": {
    "fmax": 0.6978026872224707,
    "threshold": 0.3465656565656566,
    "precision": 0.7462405510999892,
    "recall": 0.6552696689974506,
    "micro_auprc": 0.6564777275070521,
    "macro_auprc": 0.42589664026985297,
    "cafa_fmax": 0.749,
    "cafa_threshold": 0.4,
    "cafa_precision": 0.807,
    "cafa_recall": 0.698,
    "cafa_coverage": 0.995,
    "cafa_pr_micro": 0.748,
    "cafa_rc_micro": 0.605,
    "cafa_f_micro": 0.669,
    "cafa_smin": 3.393
  },
  "best_val_fmax": 0.7120188696129246,
  "best_epoch": 25,
  "total_epochs": 35,
  "train_size": 20997,
  "val_size": 2587,
  "test_size": 2612
}