{
  "model_type": "function",
  "aspect": "MF",
  "similarity_threshold": 50,
  "num_go_terms": 1199,
  "test_metrics": {
    "fmax": 0.665758431790718,
    "threshold": 0.39606060606060606,
    "precision": 0.7144224611138665,
    "recall": 0.6233012684334338,
    "micro_auprc": 0.6018684488791965,
    "macro_auprc": 0.4051170378712524,
    "cafa_fmax": 0.722,
    "cafa_threshold": 0.4,
    "cafa_precision": 0.76,
    "cafa_recall": 0.687,
    "cafa_coverage": 0.999,
    "cafa_pr_micro": 0.693,
    "cafa_rc_micro": 0.588,
    "cafa_f_micro": 0.636,
    "cafa_smin": 3.728
  },
  "best_val_fmax": 0.6767879640416478,
  "best_epoch": 30,
  "total_epochs": 40,
  "train_size": 20997,
  "val_size": 2587,
  "test_size": 2612
}