{
  "model_type": "text",
  "aspect": "MF",
  "similarity_threshold": 50,
  "num_go_terms": 1199,
  "test_metrics": {
    "fmax": 0.7004536588473829,
    "threshold": 0.30696969696969695,
    "precision": 0.7180714445370122,
    "recall": 0.6836796707692335,
    "micro_auprc": 0.6455349231996561,
    "macro_auprc": 0.4625018103789433,
    "cafa_fmax": 0.75,
    "cafa_threshold": 0.35,
    "cafa_precision": 0.774,
    "cafa_recall": 0.727,
    "cafa_coverage": 0.999,
    "cafa_pr_micro": 0.716,
    "cafa_rc_micro": 0.64,
    "cafa_f_micro": 0.676,
    "cafa_smin": 3.347
  },
  "best_val_fmax": 0.7126624457067573,
  "best_epoch": 15,
  "total_epochs": 25,
  "train_size": 20997,
  "val_size": 2587,
  "test_size": 2612
}