{
  "model_type": "function",
  "aspect": "MF",
  "similarity_threshold": 50,
  "num_go_terms": 1199,
  "test_metrics": {
    "fmax": 0.6714558270333573,
    "threshold": 0.41585858585858587,
    "precision": 0.7108050424784922,
    "recall": 0.6362347246352807,
    "micro_auprc": 0.6048040235480999,
    "macro_auprc": 0.42440577995148715,
    "cafa_fmax": 0.725,
    "cafa_threshold": 0.42,
    "cafa_precision": 0.753,
    "cafa_recall": 0.698,
    "cafa_coverage": 0.998,
    "cafa_pr_micro": 0.678,
    "cafa_rc_micro": 0.605,
    "cafa_f_micro": 0.64,
    "cafa_smin": 3.683
  },
  "best_val_fmax": 0.6833845278789896,
  "best_epoch": 49,
  "total_epochs": 50,
  "train_size": 20997,
  "val_size": 2587,
  "test_size": 2612
}