{
  "model_type": "prostt5",
  "aspect": "CC",
  "similarity_threshold": 30,
  "num_go_terms": 798,
  "test_metrics": {
    "fmax": 0.5779436730546312,
    "threshold": 0.32676767676767676,
    "precision": 0.6002950613825669,
    "recall": 0.5571969982501265,
    "micro_auprc": 0.4881777657921139,
    "macro_auprc": 0.21074737817560044,
    "cafa_fmax": 0.705,
    "cafa_threshold": 0.34,
    "cafa_precision": 0.736,
    "cafa_recall": 0.676,
    "cafa_coverage": 0.99,
    "cafa_pr_micro": 0.702,
    "cafa_rc_micro": 0.601,
    "cafa_f_micro": 0.647,
    "cafa_smin": 5.8
  },
  "best_val_fmax": 0.5775864105739389,
  "best_epoch": 48,
  "total_epochs": 50,
  "train_size": 13242,
  "val_size": 1643,
  "test_size": 1664
}