{
  "model_type": "ankh",
  "aspect": "CC",
  "similarity_threshold": 30,
  "num_go_terms": 798,
  "test_metrics": {
    "fmax": 0.5856545737284247,
    "threshold": 0.31686868686868686,
    "precision": 0.6029016506468969,
    "recall": 0.5693668205279329,
    "micro_auprc": 0.5037378804328625,
    "macro_auprc": 0.24824826223594712,
    "cafa_fmax": 0.71,
    "cafa_threshold": 0.32,
    "cafa_precision": 0.73,
    "cafa_recall": 0.69,
    "cafa_coverage": 0.99,
    "cafa_pr_micro": 0.692,
    "cafa_rc_micro": 0.623,
    "cafa_f_micro": 0.656,
    "cafa_smin": 5.735
  },
  "best_val_fmax": 0.5875239598760974,
  "best_epoch": 45,
  "total_epochs": 50,
  "train_size": 13242,
  "val_size": 1643,
  "test_size": 1664
}