{
  "model_type": "prott5",
  "aspect": "CC",
  "similarity_threshold": 30,
  "num_go_terms": 798,
  "test_metrics": {
    "fmax": 0.603863503210165,
    "threshold": 0.31686868686868686,
    "precision": 0.6238148999798685,
    "recall": 0.5851487610005562,
    "micro_auprc": 0.5250831642423975,
    "macro_auprc": 0.24042450475843172,
    "cafa_fmax": 0.723,
    "cafa_threshold": 0.34,
    "cafa_precision": 0.754,
    "cafa_recall": 0.694,
    "cafa_coverage": 0.986,
    "cafa_pr_micro": 0.719,
    "cafa_rc_micro": 0.622,
    "cafa_f_micro": 0.667,
    "cafa_smin": 5.514
  },
  "best_val_fmax": 0.6044037361863994,
  "best_epoch": 38,
  "total_epochs": 48,
  "train_size": 13242,
  "val_size": 1643,
  "test_size": 1664
}