{
  "aspect": "BP",
  "similarity_threshold": 30,
  "esm": {
    "fmax": 0.27408779334000877,
    "threshold": 0.1386868686868687,
    "precision": 0.24426713168150108,
    "recall": 0.3122021039950258
  },
  "text": {
    "fmax": 0.4631810563662951,
    "threshold": 0.207979797979798,
    "precision": 0.4633470970638672,
    "recall": 0.46301513472758055
  },
  "improvement": {
    "absolute": 0.18909326302628632,
    "relative_percent": 68.99003444188926
  }
}