{
  "model_type": "esm",
  "aspect": "BP",
  "similarity_threshold": 30,
  "num_go_terms": 5730,
  "test_metrics": {
    "fmax": 0.3021431723870039,
    "threshold": 0.15848484848484848,
    "precision": 0.2721171280696408,
    "recall": 0.33961735017943506,
    "micro_auprc": 0.21789366636284407,
    "macro_auprc": 0.13954400821639126,
    "cafa_fmax": 0.432,
    "cafa_threshold": 0.22,
    "cafa_precision": 0.433,
    "cafa_recall": 0.43,
    "cafa_coverage": 0.959,
    "cafa_pr_micro": 0.4,
    "cafa_rc_micro": 0.379,
    "cafa_f_micro": 0.39,
    "cafa_smin": 22.35
  },
  "best_val_fmax": 0.3096688148987291,
  "best_epoch": 45,
  "total_epochs": 50,
  "train_size": 14290,
  "val_size": 1787,
  "test_size": 1785
}