{
  "model_type": "concat",
  "aspect": "BP",
  "similarity_threshold": 30,
  "num_go_terms": 5730,
  "test_metrics": {
    "fmax": 0.41820443518159234,
    "threshold": 0.21787878787878787,
    "precision": 0.4144947083886988,
    "recall": 0.4219811658543973,
    "micro_auprc": 0.3348124248774025,
    "macro_auprc": 0.24817378967497328,
    "cafa_fmax": 0.539,
    "cafa_threshold": 0.27,
    "cafa_precision": 0.541,
    "cafa_recall": 0.536,
    "cafa_coverage": 0.97,
    "cafa_pr_micro": 0.493,
    "cafa_rc_micro": 0.47,
    "cafa_f_micro": 0.481,
    "cafa_smin": 19.613
  },
  "best_val_fmax": 0.4124664341211217,
  "best_epoch": 46,
  "total_epochs": 50,
  "train_size": 14290,
  "val_size": 1787,
  "test_size": 1785
}