{
  "model_type": "esm",
  "aspect": "BP",
  "similarity_threshold": 30,
  "num_go_terms": 5730,
  "test_metrics": {
    "fmax": 0.30211406207608316,
    "threshold": 0.1782828282828283,
    "precision": 0.2794782285717935,
    "recall": 0.32873974292161856,
    "micro_auprc": 0.22037606010116184,
    "macro_auprc": 0.14030390418183697
  },
  "best_val_fmax": 0.30927245843234136,
  "best_epoch": 47,
  "total_epochs": 50,
  "train_size": 14290,
  "val_size": 1787,
  "test_size": 1785
}