{
  "model_type": "function",
  "aspect": "BP",
  "similarity_threshold": 30,
  "num_go_terms": 5730,
  "test_metrics": {
    "fmax": 0.4360511178030819,
    "threshold": 0.21787878787878787,
    "precision": 0.4104425843099598,
    "recall": 0.46506785807041706,
    "micro_auprc": 0.37742029571601815,
    "macro_auprc": 0.295413995931802,
    "cafa_fmax": 0.552,
    "cafa_threshold": 0.28,
    "cafa_precision": 0.556,
    "cafa_recall": 0.548,
    "cafa_coverage": 0.968,
    "cafa_pr_micro": 0.526,
    "cafa_rc_micro": 0.487,
    "cafa_f_micro": 0.506,
    "cafa_smin": 18.708
  },
  "best_val_fmax": 0.44249969099188535,
  "best_epoch": 50,
  "total_epochs": 50,
  "train_size": 14290,
  "val_size": 1787,
  "test_size": 1785
}