{
  "model_type": "text",
  "aspect": "BP",
  "similarity_threshold": 30,
  "num_go_terms": 5730,
  "test_metrics": {
    "fmax": 0.46508809007527796,
    "threshold": 0.22777777777777777,
    "precision": 0.4751126754839055,
    "recall": 0.4554777888042341,
    "micro_auprc": 0.3735227222634606,
    "macro_auprc": 0.30488640340340484,
    "cafa_fmax": 0.574,
    "cafa_threshold": 0.3,
    "cafa_precision": 0.592,
    "cafa_recall": 0.556,
    "cafa_coverage": 0.973,
    "cafa_pr_micro": 0.561,
    "cafa_rc_micro": 0.483,
    "cafa_f_micro": 0.519,
    "cafa_smin": 18.129
  },
  "best_val_fmax": 0.4643540038825313,
  "best_epoch": 46,
  "total_epochs": 50,
  "train_size": 14290,
  "val_size": 1787,
  "test_size": 1785
}