{
  "model_type": "text",
  "aspect": "BP",
  "similarity_threshold": 30,
  "num_go_terms": 5730,
  "test_metrics": {
    "fmax": 0.4545882111533957,
    "threshold": 0.22777777777777777,
    "precision": 0.4603065721056709,
    "recall": 0.4490101846441528,
    "micro_auprc": 0.36408944549102595,
    "macro_auprc": 0.2982819000209551,
    "cafa_fmax": 0.56,
    "cafa_threshold": 0.22,
    "cafa_precision": 0.552,
    "cafa_recall": 0.568,
    "cafa_coverage": 0.982,
    "cafa_pr_micro": 0.514,
    "cafa_rc_micro": 0.497,
    "cafa_f_micro": 0.505,
    "cafa_smin": 18.503
  },
  "best_val_fmax": 0.4604648094786683,
  "best_epoch": 39,
  "total_epochs": 49,
  "train_size": 14290,
  "val_size": 1787,
  "test_size": 1785
}