{
  "model_type": "esm",
  "aspect": "BP",
  "similarity_threshold": 30,
  "num_go_terms": 5730,
  "test_metrics": {
    "fmax": 0.30251046257433084,
    "threshold": 0.207979797979798,
    "precision": 0.29688585853850086,
    "recall": 0.3083523024092679,
    "micro_auprc": 0.22236774303275203,
    "macro_auprc": 0.1409825171693455,
    "cafa_fmax": 0.434,
    "cafa_threshold": 0.22,
    "cafa_precision": 0.426,
    "cafa_recall": 0.441,
    "cafa_coverage": 0.965,
    "cafa_pr_micro": 0.392,
    "cafa_rc_micro": 0.398,
    "cafa_f_micro": 0.395,
    "cafa_smin": 22.252
  },
  "best_val_fmax": 0.3064306415287127,
  "best_epoch": 42,
  "total_epochs": 50,
  "train_size": 14290,
  "val_size": 1787,
  "test_size": 1785
}