{
  "model_type": "concat",
  "aspect": "BP",
  "similarity_threshold": 30,
  "num_go_terms": 5730,
  "test_metrics": {
    "fmax": 0.41626466408866913,
    "threshold": 0.24757575757575756,
    "precision": 0.41678582586031815,
    "recall": 0.4157448041423598,
    "micro_auprc": 0.3504815546551081,
    "macro_auprc": 0.2477780454151519
  },
  "best_val_fmax": 0.4144004468280374,
  "best_epoch": 43,
  "total_epochs": 50,
  "train_size": 14290,
  "val_size": 1787,
  "test_size": 1785
}