{
  "model_type": "esm",
  "aspect": "BP",
  "similarity_threshold": 30,
  "num_go_terms": 300,
  "test_metrics": {
    "fmax": 0.005831284806213693,
    "threshold": 0.5148484848484849,
    "precision": 0.0030032051281991086,
    "recall": 0.0999999999925,
    "micro_auprc": 0.0017261030712928567,
    "macro_auprc": 0.1865189726209463,
    "cafa_fmax": 0.175,
    "cafa_threshold": 0.64,
    "cafa_precision": 0.122,
    "cafa_recall": 0.31,
    "cafa_coverage": 1.0,
    "cafa_pr_micro": 0.104,
    "cafa_rc_micro": 0.254,
    "cafa_f_micro": 0.148,
    "cafa_smin": 11.693
  },
  "best_val_fmax": 0.006296900957447199,
  "best_epoch": 1,
  "total_epochs": 2,
  "train_size": 100,
  "val_size": 20,
  "test_size": 20
}