{
  "model_type": "simplified_pairwise_fusion",
  "modality_pair": "prott5_esm",
  "experiment_name": "prott5_esm_simplified",
  "aspect": "CCO",
  "num_go_terms": 551,
  "num_parameters": 2254122,
  "seed": 42,
  "use_ppi": false,
  "config": {
    "hidden_dim": 512,
    "dropout": 0.3,
    "entropy_weight": 0.0005,
    "lr": 0.001,
    "weight_decay": 0.01,
    "batch_size": 32,
    "max_epochs": 50,
    "patience": 5,
    "gradient_clip": 1.0,
    "warmup_ratio": 0.1,
    "focal_gamma": 2.0,
    "focal_alpha": 0.25
  },
  "test_metrics": {
    "fmax": 0.6297019392967046,
    "threshold": 0.41585858585858587,
    "precision": 0.6590831687214722,
    "recall": 0.6028284842065877,
    "micro_auprc": 0.6693403927052268,
    "macro_auprc": 0.20734629230590249,
    "gate1_mean": 0.5292226076126099,
    "gate2_mean": 0.4707774221897125,
    "cafa_fmax": 0.696,
    "cafa_threshold": 0.43,
    "cafa_precision": 0.711,
    "cafa_recall": 0.681,
    "cafa_coverage": 1.0,
    "cafa_pr_micro": 0.668,
    "cafa_rc_micro": 0.593,
    "cafa_f_micro": 0.628,
    "cafa_smin": 6.343
  },
  "best_val_fmax": 0.7123620767104978,
  "best_epoch": 20,
  "total_epochs": 25,
  "train_size": 45309,
  "val_size": 4985,
  "test_size": 1265
}