{
  "experiment_name": "text_prott5_temp_1.5_fixed",
  "modality_pair": "text_prott5",
  "aspect": "CCO",
  "temperature_init": 1.5,
  "temperature_final": 1.5,
  "learnable_temperature": false,
  "num_go_terms": 551,
  "seed": 42,
  "test_metrics": {
    "fmax": 0.6354199833926747,
    "threshold": 0.5148484848484849,
    "precision": 0.6498209052425877,
    "recall": 0.6216435113077028,
    "micro_auprc": 0.6802690278722318,
    "macro_auprc": 0.22965694313728718,
    "cafa_fmax": 0.7,
    "cafa_threshold": 0.58,
    "cafa_precision": 0.713,
    "cafa_recall": 0.687,
    "cafa_coverage": 1.0,
    "cafa_pr_micro": 0.671,
    "cafa_rc_micro": 0.603,
    "cafa_f_micro": 0.635,
    "cafa_smin": 6.237
  },
  "best_val_fmax": 0.7171396196170147,
  "best_epoch": 14,
  "total_epochs": 19
}