{
  "experiment_name": "text_esm_temp_3.0_fixed",
  "modality_pair": "text_esm",
  "aspect": "BPO",
  "temperature_init": 3.0,
  "temperature_final": 3.0,
  "learnable_temperature": false,
  "num_go_terms": 3992,
  "seed": 42,
  "test_metrics": {
    "fmax": 0.5043863196330588,
    "threshold": 0.46535353535353535,
    "precision": 0.5325052402763752,
    "recall": 0.47908808984997,
    "micro_auprc": 0.49464308226221587,
    "macro_auprc": 0.1790958599020557,
    "cafa_fmax": 0.583,
    "cafa_threshold": 0.59,
    "cafa_precision": 0.628,
    "cafa_recall": 0.544,
    "cafa_coverage": 1.0,
    "cafa_pr_micro": 0.591,
    "cafa_rc_micro": 0.435,
    "cafa_f_micro": 0.501,
    "cafa_smin": 19.134
  },
  "best_val_fmax": 0.5116469991698731,
  "best_epoch": 17,
  "total_epochs": 22
}