{
  "model_type": "pairwise_with_ppi",
  "modality_pair": "text_prott5",
  "use_ppi": false,
  "aspect": "CCO",
  "num_go_terms": 551,
  "num_parameters": 4374828,
  "seed": 42,
  "regularization": {
    "diversity_loss": true,
    "diversity_weight": 0.01,
    "gate_entropy": true,
    "gate_entropy_weight": 0.001
  },
  "test_metrics": {
    "fmax": 0.6335179698070671,
    "threshold": 0.5445454545454546,
    "precision": 0.6556896206919495,
    "recall": 0.6127967104853242,
    "micro_auprc": 0.6766564732446386,
    "macro_auprc": 0.2237475872085064,
    "text_mean": 0.5827410221099854,
    "text_std": 0.06486266851425171,
    "prott5_mean": 0.4172589182853699,
    "prott5_std": 0.06486266851425171,
    "cafa_fmax": 0.697,
    "cafa_threshold": 0.62,
    "cafa_precision": 0.721,
    "cafa_recall": 0.674,
    "cafa_coverage": 1.0,
    "cafa_pr_micro": 0.678,
    "cafa_rc_micro": 0.59,
    "cafa_f_micro": 0.631,
    "cafa_smin": 6.297
  },
  "best_val_fmax": 0.7184978350218844,
  "best_epoch": 15,
  "total_epochs": 20,
  "dataset_sizes": {
    "train": 45309,
    "val": 4985,
    "test": 1265
  }
}