{
  "plm_type": "prostt5",
  "aspect": "CCO",
  "embedding_dim": 1024,
  "num_go_terms": 551,
  "num_gpus": 1,
  "effective_batch_size": 16,
  "seed": 42,
  "test_metrics": {
    "fmax": 0.6883464967334296,
    "threshold": 0.6336363636363637,
    "precision": 0.7341594298201491,
    "recall": 0.6479153565723041,
    "micro_auprc": 0.6712291074040462,
    "macro_auprc": 0.18954068227898915,
    "cafa_fmax": 0.689,
    "cafa_threshold": 0.6,
    "cafa_precision": 0.71,
    "cafa_recall": 0.668,
    "cafa_coverage": 1.0,
    "cafa_pr_micro": 0.683,
    "cafa_rc_micro": 0.572,
    "cafa_f_micro": 0.623,
    "cafa_smin": 6.385
  },
  "best_val_fmax": 0.7412618825897538,
  "best_epoch": 46,
  "total_epochs": 50,
  "train_size": 45309,
  "val_size": 4985,
  "test_size": 1265
}