{
  "plm_type": "prostt5",
  "aspect": "CCO",
  "num_go_terms": 551,
  "num_gpus": 1,
  "effective_batch_size": 16,
  "test_metrics": {
    "fmax": 0.6870769999359904,
    "threshold": 0.6039393939393939,
    "precision": 0.7275240210416759,
    "recall": 0.6508904560121089,
    "micro_auprc": 0.6719822379730169,
    "macro_auprc": 0.20122006465601502,
    "cafa_fmax": 0.689,
    "cafa_threshold": 0.62,
    "cafa_precision": 0.73,
    "cafa_recall": 0.652,
    "cafa_coverage": 1.0,
    "cafa_pr_micro": 0.705,
    "cafa_rc_micro": 0.554,
    "cafa_f_micro": 0.62,
    "cafa_smin": 6.366
  },
  "best_val_fmax": 0.7401482077797923,
  "best_epoch": 42,
  "total_epochs": 45,
  "train_size": 45309,
  "val_size": 4985,
  "test_size": 1265
}