{
  "plm_type": "prostt5",
  "aspect": "CCO",
  "embedding_dim": 1024,
  "num_go_terms": 551,
  "num_gpus": 1,
  "effective_batch_size": 16,
  "seed": 42,
  "test_metrics": {
    "fmax": 0.6244774495646576,
    "threshold": 0.5643434343434344,
    "precision": 0.6870326054442066,
    "recall": 0.5723630926421994,
    "micro_auprc": 0.6730706896360261,
    "macro_auprc": 0.18550726975750279,
    "cafa_fmax": 0.686,
    "cafa_threshold": 0.57,
    "cafa_precision": 0.701,
    "cafa_recall": 0.671,
    "cafa_coverage": 1.0,
    "cafa_pr_micro": 0.681,
    "cafa_rc_micro": 0.577,
    "cafa_f_micro": 0.624,
    "cafa_smin": 6.376
  },
  "best_val_fmax": 0.6904545813976413,
  "best_epoch": 18,
  "total_epochs": 23,
  "train_size": 45309,
  "val_size": 4985,
  "test_size": 1265
}