{
  "experiment_name": "prott5_prostt5_temp_2.0_fixed",
  "modality_pair": "prott5_prostt5",
  "aspect": "CCO",
  "temperature_init": 2.0,
  "temperature_final": 2.0,
  "learnable_temperature": false,
  "num_go_terms": 551,
  "seed": 42,
  "test_metrics": {
    "fmax": 0.6334811455508831,
    "threshold": 0.594040404040404,
    "precision": 0.6813943480131927,
    "recall": 0.5918634352999776,
    "micro_auprc": 0.6747410668108438,
    "macro_auprc": 0.2018066263149289,
    "cafa_fmax": 0.702,
    "cafa_threshold": 0.62,
    "cafa_precision": 0.731,
    "cafa_recall": 0.674,
    "cafa_coverage": 1.0,
    "cafa_pr_micro": 0.686,
    "cafa_rc_micro": 0.588,
    "cafa_f_micro": 0.633,
    "cafa_smin": 6.227
  },
  "best_val_fmax": 0.715133640957981,
  "best_epoch": 13,
  "total_epochs": 18
}