{
  "experiment_name": "prott5_prostt5_temp_1.0_learned",
  "modality_pair": "prott5_prostt5",
  "aspect": "BPO",
  "temperature_init": 1.0,
  "temperature_final": 1.2583038806915283,
  "learnable_temperature": true,
  "num_go_terms": 3992,
  "seed": 42,
  "test_metrics": {
    "fmax": 0.4984068494135895,
    "threshold": 0.47525252525252526,
    "precision": 0.5161855160957205,
    "recall": 0.48181208616209803,
    "micro_auprc": 0.47813691903125255,
    "macro_auprc": 0.1742122006816834,
    "cafa_fmax": 0.564,
    "cafa_threshold": 0.49,
    "cafa_precision": 0.545,
    "cafa_recall": 0.583,
    "cafa_coverage": 1.0,
    "cafa_pr_micro": 0.506,
    "cafa_rc_micro": 0.492,
    "cafa_f_micro": 0.499,
    "cafa_smin": 19.687
  },
  "best_val_fmax": 0.5074657296837476,
  "best_epoch": 22,
  "total_epochs": 27
}