{
  "experiment_name": "prott5_prostt5_temp_3.0_learned",
  "modality_pair": "prott5_prostt5",
  "aspect": "BPO",
  "temperature_init": 3.0,
  "temperature_final": 3.083664894104004,
  "learnable_temperature": true,
  "num_go_terms": 3992,
  "seed": 42,
  "test_metrics": {
    "fmax": 0.5022744235983754,
    "threshold": 0.44555555555555554,
    "precision": 0.5064037030726408,
    "recall": 0.4982119408822947,
    "micro_auprc": 0.4749026425046062,
    "macro_auprc": 0.17394501147584507,
    "cafa_fmax": 0.567,
    "cafa_threshold": 0.49,
    "cafa_precision": 0.548,
    "cafa_recall": 0.587,
    "cafa_coverage": 1.0,
    "cafa_pr_micro": 0.511,
    "cafa_rc_micro": 0.495,
    "cafa_f_micro": 0.503,
    "cafa_smin": 19.701
  },
  "best_val_fmax": 0.5076919151476776,
  "best_epoch": 22,
  "total_epochs": 27
}