{
  "model_type": "multimodal_fusion",
  "enabled_modalities": [
    "prott5",
    "struct",
    "ppi"
  ],
  "aspect": "BPO",
  "num_go_terms": 3992,
  "num_parameters": 9640033,
  "seed": 42,
  "use_aux_heads": true,
  "config": {
    "hidden_dim": 512,
    "dropout": 0.3,
    "modality_dropout": 0.1,
    "aux_weight": 0.1,
    "lr": 0.001,
    "weight_decay": 0.01,
    "batch_size": 32,
    "max_epochs": 50,
    "patience": 7,
    "warmup_ratio": 0.1,
    "focal_gamma": 2.0,
    "focal_alpha": 0.25,
    "min_delta_fmax": 0.0001,
    "min_delta_loss": 0.0001,
    "normalize": "none"
  },
  "test_metrics": {
    "loss": 0.02121692156419158,
    "fmax": 0.525557145728062,
    "threshold": 0.39606060606060606,
    "precision": 0.5505798476178811,
    "recall": 0.5027100271002702,
    "micro_auprc": 0.5166023833111442,
    "macro_auprc": 0.19985393436097476,
    "gate_prott5": 0.48281991481781006,
    "gate_struct": 0.0020362166687846184,
    "gate_ppi": 0.5151438117027283,
    "cafa_fmax": 0.596,
    "cafa_threshold": 0.46,
    "cafa_precision": 0.614,
    "cafa_recall": 0.579,
    "cafa_coverage": 1.0,
    "cafa_pr_micro": 0.575,
    "cafa_rc_micro": 0.493,
    "cafa_f_micro": 0.531,
    "cafa_smin": 18.336
  },
  "best_val_fmax": 0.543518285012384,
  "loss_at_best_fmax": 0.0332224901765585,
  "best_epoch_by_fmax": 14,
  "total_epochs": 21,
  "train_size": 47691,
  "val_size": 5252,
  "test_size": 2392
}