{
  "model_type": "triple_adaptive_fusion",
  "aspect": "CCO",
  "num_go_terms": 551,
  "seed": 42,
  "use_diversity_loss": true,
  "diversity_weight": 0.02,
  "test_metrics": {
    "fmax": 0.6407504170232489,
    "threshold": 0.5148484848484849,
    "precision": 0.6475378546888876,
    "recall": 0.6341037941561234,
    "micro_auprc": 0.6880583516613925,
    "macro_auprc": 0.220358393576323,
    "cafa_fmax": 0.705,
    "cafa_threshold": 0.63,
    "cafa_precision": 0.735,
    "cafa_recall": 0.677,
    "cafa_coverage": 1.0,
    "cafa_pr_micro": 0.699,
    "cafa_rc_micro": 0.589,
    "cafa_f_micro": 0.639,
    "cafa_smin": 6.128
  },
  "best_val_fmax": 0.7194501988103648,
  "best_epoch": 11,
  "total_epochs": 16,
  "train_size": 45309,
  "val_size": 4985,
  "test_size": 1265
}