{
  "model_type": "pairwise_adaptive_fusion_with_ppi",
  "modality_pair": "prott5_esm",
  "experiment_name": "prott5_esm_fusion_ppi",
  "aspect": "BPO",
  "num_go_terms": 3992,
  "num_parameters": 8952989,
  "seed": 42,
  "use_ppi": true,
  "regularization": {
    "diversity_loss": false,
    "diversity_weight": null,
    "gate_entropy": true,
    "gate_entropy_weight": 0.001
  },
  "test_metrics": {
    "fmax": 0.5149989083264789,
    "threshold": 0.44555555555555554,
    "precision": 0.5375394992707818,
    "recall": 0.4942726231386018,
    "micro_auprc": 0.5009106065512288,
    "macro_auprc": 0.20348179657159804,
    "gate_prott5_mean": 0.5167927145957947,
    "gate_prott5_std": 0.0451701283454895,
    "gate_esm_mean": 0.48320725560188293,
    "gate_esm_std": 0.0451701283454895,
    "cafa_fmax": 0.59,
    "cafa_threshold": 0.57,
    "cafa_precision": 0.613,
    "cafa_recall": 0.568,
    "cafa_coverage": 1.0,
    "cafa_pr_micro": 0.571,
    "cafa_rc_micro": 0.472,
    "cafa_f_micro": 0.517,
    "cafa_smin": 18.817
  },
  "best_val_fmax": 0.5505566520276697,
  "best_epoch": 20,
  "total_epochs": 25,
  "train_size": 47691,
  "val_size": 5252,
  "test_size": 2392
}