{
  "model_type": "multimodal_fusion",
  "enabled_modalities": [
    "prott5",
    "text",
    "ppi"
  ],
  "aspect": "MFO",
  "num_go_terms": 677,
  "num_parameters": 2968725,
  "seed": 42,
  "use_aux_heads": true,
  "config": {
    "hidden_dim": 512,
    "dropout": 0.3,
    "modality_dropout": 0.1,
    "aux_weight": 0.1,
    "lr": 0.001,
    "weight_decay": 0.01,
    "batch_size": 32,
    "max_epochs": 50,
    "patience": 7,
    "warmup_ratio": 0.1,
    "focal_gamma": 2.0,
    "focal_alpha": 0.25,
    "min_delta_fmax": 0.0001,
    "min_delta_loss": 0.0001,
    "normalize": "none"
  },
  "test_metrics": {
    "loss": 0.03181307475703458,
    "fmax": 0.6109860883297169,
    "threshold": 0.41585858585858587,
    "precision": 0.5996987951807169,
    "recall": 0.6227064220183421,
    "micro_auprc": 0.6408280143143079,
    "macro_auprc": 0.42731147717710344,
    "gate_prott5": 0.44364869594573975,
    "gate_text": 0.25226861238479614,
    "gate_ppi": 0.3040826916694641,
    "cafa_fmax": 0.659,
    "cafa_threshold": 0.5,
    "cafa_precision": 0.672,
    "cafa_recall": 0.645,
    "cafa_coverage": 1.0,
    "cafa_pr_micro": 0.615,
    "cafa_rc_micro": 0.607,
    "cafa_f_micro": 0.611,
    "cafa_smin": 4.452
  },
  "best_val_fmax": 0.6750318192422899,
  "loss_at_best_fmax": 0.03359451304824479,
  "best_epoch_by_fmax": 19,
  "total_epochs": 19,
  "train_size": 32421,
  "val_size": 3587,
  "test_size": 1137
}