{
  "model_type": "simplified_pairwise_fusion",
  "modality_pair": "text_prott5",
  "experiment_name": "text_prott5_simplified",
  "aspect": "CCO",
  "num_go_terms": 551,
  "num_parameters": 1991978,
  "seed": 42,
  "use_ppi": false,
  "config": {
    "hidden_dim": 512,
    "dropout": 0.3,
    "entropy_weight": 0.0005,
    "lr": 0.001,
    "weight_decay": 0.01,
    "batch_size": 32,
    "max_epochs": 50,
    "patience": 5,
    "gradient_clip": 1.0,
    "warmup_ratio": 0.1,
    "focal_gamma": 2.0,
    "focal_alpha": 0.25
  },
  "test_metrics": {
    "fmax": 0.6361280892406758,
    "threshold": 0.41585858585858587,
    "precision": 0.6813491781114305,
    "recall": 0.5965360413681353,
    "micro_auprc": 0.683134599952568,
    "macro_auprc": 0.2259185002278595,
    "gate1_mean": 0.5159783363342285,
    "gate2_mean": 0.4840216040611267,
    "cafa_fmax": 0.695,
    "cafa_threshold": 0.43,
    "cafa_precision": 0.718,
    "cafa_recall": 0.672,
    "cafa_coverage": 1.0,
    "cafa_pr_micro": 0.69,
    "cafa_rc_micro": 0.587,
    "cafa_f_micro": 0.635,
    "cafa_smin": 6.213
  },
  "best_val_fmax": 0.7174751862047766,
  "best_epoch": 16,
  "total_epochs": 21,
  "train_size": 45309,
  "val_size": 4985,
  "test_size": 1265
}