{
  "model_type": "pairwise_adaptive_fusion",
  "modality_pair": "text_prott5",
  "experiment_name": "text_prott5_fusion_div",
  "aspect": "MFO",
  "num_go_terms": 677,
  "seed": 42,
  "use_diversity_loss": true,
  "diversity_weight": 0.02,
  "test_metrics": {
    "fmax": 0.6220193339994484,
    "threshold": 0.4851515151515151,
    "precision": 0.6414488258750483,
    "recall": 0.6037322768974082,
    "micro_auprc": 0.6463060919961536,
    "macro_auprc": 0.41470184945751076,
    "cafa_fmax": 0.688,
    "cafa_threshold": 0.55,
    "cafa_precision": 0.723,
    "cafa_recall": 0.655,
    "cafa_coverage": 1.0,
    "cafa_pr_micro": 0.652,
    "cafa_rc_micro": 0.599,
    "cafa_f_micro": 0.624,
    "cafa_smin": 4.264
  },
  "best_val_fmax": 0.6631528134246661,
  "best_epoch": 16,
  "total_epochs": 21,
  "train_size": 32421,
  "val_size": 3587,
  "test_size": 1137
}