{
  "experiment_name": "prott5_prostt5_temp_3.0_fixed",
  "modality_pair": "prott5_prostt5",
  "aspect": "MFO",
  "temperature_init": 3.0,
  "temperature_final": 3.0,
  "learnable_temperature": false,
  "num_go_terms": 677,
  "seed": 42,
  "test_metrics": {
    "fmax": 0.6085215262601527,
    "threshold": 0.594040404040404,
    "precision": 0.6522776055330235,
    "recall": 0.5702668890742226,
    "micro_auprc": 0.6379856052353466,
    "macro_auprc": 0.4258426257230549,
    "cafa_fmax": 0.677,
    "cafa_threshold": 0.55,
    "cafa_precision": 0.694,
    "cafa_recall": 0.66,
    "cafa_coverage": 1.0,
    "cafa_pr_micro": 0.613,
    "cafa_rc_micro": 0.603,
    "cafa_f_micro": 0.608,
    "cafa_smin": 4.425
  },
  "best_val_fmax": 0.6630092243597142,
  "best_epoch": 24,
  "total_epochs": 29
}