{
  "model_type": "multimodal_fusion",
  "enabled_modalities": [
    "prott5",
    "esm",
    "ppi"
  ],
  "aspect": "MFO",
  "num_go_terms": 677,
  "num_parameters": 3230869,
  "seed": 42,
  "use_aux_heads": true,
  "config": {
    "hidden_dim": 512,
    "dropout": 0.3,
    "modality_dropout": 0.1,
    "aux_weight": 0.1,
    "lr": 0.001,
    "weight_decay": 0.01,
    "batch_size": 32,
    "max_epochs": 50,
    "patience": 7,
    "warmup_ratio": 0.1,
    "focal_gamma": 2.0,
    "focal_alpha": 0.25,
    "min_delta_fmax": 0.0001,
    "min_delta_loss": 0.0001,
    "normalize": "none"
  },
  "test_metrics": {
    "loss": 0.030152072276299197,
    "fmax": 0.6143270227009341,
    "threshold": 0.40595959595959596,
    "precision": 0.6443859448323149,
    "recall": 0.5869474562135052,
    "micro_auprc": 0.6489832269669108,
    "macro_auprc": 0.419701423826705,
    "gate_prott5": 0.4770635962486267,
    "gate_esm": 0.12345150113105774,
    "gate_ppi": 0.39948493242263794,
    "cafa_fmax": 0.674,
    "cafa_threshold": 0.41,
    "cafa_precision": 0.693,
    "cafa_recall": 0.656,
    "cafa_coverage": 1.0,
    "cafa_pr_micro": 0.63,
    "cafa_rc_micro": 0.602,
    "cafa_f_micro": 0.616,
    "cafa_smin": 4.365
  },
  "best_val_fmax": 0.6672703516829875,
  "loss_at_best_fmax": 0.03376722642410118,
  "best_epoch_by_fmax": 17,
  "total_epochs": 17,
  "train_size": 32421,
  "val_size": 3587,
  "test_size": 1137
}