{
  "model_type": "simplified_pairwise_fusion",
  "modality_pair": "prott5_esm",
  "experiment_name": "prott5_esm_simplified_ppi",
  "aspect": "MFO",
  "num_go_terms": 677,
  "num_parameters": 2845352,
  "seed": 42,
  "use_ppi": true,
  "config": {
    "hidden_dim": 512,
    "dropout": 0.3,
    "entropy_weight": 0.0005,
    "lr": 0.001,
    "weight_decay": 0.01,
    "batch_size": 32,
    "max_epochs": 50,
    "patience": 5,
    "gradient_clip": 1.0,
    "warmup_ratio": 0.1,
    "focal_gamma": 2.0,
    "focal_alpha": 0.25
  },
  "test_metrics": {
    "fmax": 0.6080301804943787,
    "threshold": 0.38616161616161615,
    "precision": 0.6293651679125223,
    "recall": 0.5880942452043308,
    "micro_auprc": 0.6300743190207129,
    "macro_auprc": 0.43046665740696805,
    "gate1_mean": 0.4952490031719208,
    "gate2_mean": 0.5047509670257568,
    "cafa_fmax": 0.667,
    "cafa_threshold": 0.38,
    "cafa_precision": 0.673,
    "cafa_recall": 0.661,
    "cafa_coverage": 1.0,
    "cafa_pr_micro": 0.609,
    "cafa_rc_micro": 0.605,
    "cafa_f_micro": 0.607,
    "cafa_smin": 4.473
  },
  "best_val_fmax": 0.6761906005065521,
  "best_epoch": 47,
  "total_epochs": 50,
  "train_size": 32421,
  "val_size": 3587,
  "test_size": 1137
}