{
  "model_type": "pairwise_adaptive_fusion",
  "modality_pair": "prott5_prostt5",
  "experiment_name": "prott5_prostt5_fusion_div",
  "aspect": "MFO",
  "num_go_terms": 677,
  "seed": 42,
  "use_diversity_loss": true,
  "diversity_weight": 0.01,
  "test_metrics": {
    "fmax": 0.6071087532656592,
    "threshold": 0.47525252525252526,
    "precision": 0.6180600561676322,
    "recall": 0.5965387823185926,
    "micro_auprc": 0.6354356895076171,
    "macro_auprc": 0.4181175373442851,
    "cafa_fmax": 0.674,
    "cafa_threshold": 0.59,
    "cafa_precision": 0.723,
    "cafa_recall": 0.631,
    "cafa_coverage": 1.0,
    "cafa_pr_micro": 0.649,
    "cafa_rc_micro": 0.564,
    "cafa_f_micro": 0.604,
    "cafa_smin": 4.464
  },
  "best_val_fmax": 0.6637783216560642,
  "best_epoch": 19,
  "total_epochs": 24,
  "train_size": 32421,
  "val_size": 3587,
  "test_size": 1137
}