{
  "plm_type": "text",
  "aspect": "BPO",
  "embedding_dim": 768,
  "num_go_terms": 3992,
  "num_gpus": 1,
  "effective_batch_size": 16,
  "seed": 42,
  "test_metrics": {
    "fmax": 0.48915795261936235,
    "threshold": 0.39606060606060606,
    "precision": 0.515234429346565,
    "recall": 0.46559383119604325,
    "micro_auprc": 0.45686565185759076,
    "macro_auprc": 0.1544193407891097,
    "cafa_fmax": 0.561,
    "cafa_threshold": 0.52,
    "cafa_precision": 0.618,
    "cafa_recall": 0.513,
    "cafa_coverage": 1.0,
    "cafa_pr_micro": 0.597,
    "cafa_rc_micro": 0.407,
    "cafa_f_micro": 0.484,
    "cafa_smin": 19.551
  },
  "best_val_fmax": 0.48264531150385703,
  "best_epoch": 25,
  "total_epochs": 30,
  "train_size": 47691,
  "val_size": 5252,
  "test_size": 2392
}