{
  "model_type": "text",
  "aspect": "CC",
  "similarity_threshold": 95,
  "num_go_terms": 800,
  "test_metrics": {
    "fmax": 0.6866371203956866,
    "threshold": 0.31686868686868686,
    "precision": 0.6814334360825277,
    "recall": 0.6919208909951766
  },
  "best_val_fmax": 0.6923888893866348,
  "train_size": 32222,
  "val_size": 3968,
  "test_size": 4066
}