{
  "model_type": "text",
  "aspect": "CC",
  "similarity_threshold": 95,
  "num_go_terms": 800,
  "test_metrics": {
    "fmax": 0.6833932548269173,
    "threshold": 0.36636363636363634,
    "precision": 0.6869221350731443,
    "recall": 0.6799004467413086,
    "micro_auprc": 0.6545191223900327,
    "macro_auprc": 0.49258468791807913,
    "cafa_fmax": 0.777,
    "cafa_threshold": 0.37,
    "cafa_precision": 0.779,
    "cafa_recall": 0.775,
    "cafa_coverage": 0.993,
    "cafa_pr_micro": 0.748,
    "cafa_rc_micro": 0.727,
    "cafa_f_micro": 0.737,
    "cafa_smin": 4.603
  },
  "best_val_fmax": 0.6846144126572877,
  "best_epoch": 18,
  "total_epochs": 28,
  "train_size": 32222,
  "val_size": 3968,
  "test_size": 4066
}