{
  "model_type": "esm",
  "aspect": "CC",
  "similarity_threshold": 95,
  "num_go_terms": 800,
  "test_metrics": {
    "fmax": 0.6269237454768137,
    "threshold": 0.33666666666666667,
    "precision": 0.6244460392914599,
    "recall": 0.6294211924076698,
    "micro_auprc": 0.5686202857918154,
    "macro_auprc": 0.358271800920777,
    "cafa_fmax": 0.739,
    "cafa_threshold": 0.4,
    "cafa_precision": 0.765,
    "cafa_recall": 0.714,
    "cafa_coverage": 0.994,
    "cafa_pr_micro": 0.734,
    "cafa_rc_micro": 0.643,
    "cafa_f_micro": 0.685,
    "cafa_smin": 5.464
  },
  "best_val_fmax": 0.6258005677267745,
  "best_epoch": 33,
  "total_epochs": 43,
  "train_size": 32222,
  "val_size": 3968,
  "test_size": 4066
}