{
  "model_type": "function",
  "aspect": "CC",
  "similarity_threshold": 95,
  "num_go_terms": 800,
  "test_metrics": {
    "fmax": 0.6083208239111216,
    "threshold": 0.3564646464646465,
    "precision": 0.6126740567049728,
    "recall": 0.604029016815926,
    "micro_auprc": 0.5885222780368937,
    "macro_auprc": 0.4366371096818094,
    "cafa_fmax": 0.727,
    "cafa_threshold": 0.39,
    "cafa_precision": 0.747,
    "cafa_recall": 0.708,
    "cafa_coverage": 0.993,
    "cafa_pr_micro": 0.723,
    "cafa_rc_micro": 0.658,
    "cafa_f_micro": 0.689,
    "cafa_smin": 5.424
  },
  "best_val_fmax": 0.612811632300677,
  "best_epoch": 50,
  "total_epochs": 50,
  "train_size": 32222,
  "val_size": 3968,
  "test_size": 4066
}