{
  "model_type": "concat",
  "aspect": "CC",
  "similarity_threshold": 95,
  "num_go_terms": 800,
  "test_metrics": {
    "fmax": 0.6932832449485042,
    "threshold": 0.33666666666666667,
    "precision": 0.6877834515808214,
    "recall": 0.6988717045516665,
    "micro_auprc": 0.6802758760470723,
    "macro_auprc": 0.5019585990415913,
    "cafa_fmax": 0.784,
    "cafa_threshold": 0.34,
    "cafa_precision": 0.775,
    "cafa_recall": 0.792,
    "cafa_coverage": 0.996,
    "cafa_pr_micro": 0.746,
    "cafa_rc_micro": 0.742,
    "cafa_f_micro": 0.744,
    "cafa_smin": 4.485
  },
  "best_val_fmax": 0.6957481093095319,
  "best_epoch": 28,
  "total_epochs": 38,
  "train_size": 32222,
  "val_size": 3968,
  "test_size": 4066
}