{
  "model_type": "concat",
  "aspect": "CC",
  "similarity_threshold": 95,
  "num_go_terms": 800,
  "test_metrics": {
    "fmax": 0.6905629973016519,
    "threshold": 0.3465656565656566,
    "precision": 0.6819261965229803,
    "recall": 0.6994213799519234,
    "micro_auprc": 0.6800968425995026,
    "macro_auprc": 0.49592353449039506
  },
  "best_val_fmax": 0.697101314589093,
  "best_epoch": 29,
  "total_epochs": 39,
  "train_size": 32222,
  "val_size": 3968,
  "test_size": 4066
}