{
  "model_type": "multimodal_fusion",
  "enabled_modalities": [
    "prott5",
    "text"
  ],
  "aspect": "BPO",
  "num_go_terms": 3992,
  "num_parameters": 7459529,
  "seed": 42,
  "use_aux_heads": true,
  "config": {
    "hidden_dim": 512,
    "dropout": 0.3,
    "modality_dropout": 0.1,
    "aux_weight": 0.1,
    "lr": 0.001,
    "weight_decay": 0.01,
    "batch_size": 32,
    "max_epochs": 50,
    "patience": 7,
    "warmup_ratio": 0.1,
    "focal_gamma": 2.0,
    "focal_alpha": 0.25,
    "min_delta_fmax": 0.0001,
    "min_delta_loss": 0.0001,
    "normalize": "none"
  },
  "test_metrics": {
    "loss": 0.02227079269786676,
    "fmax": 0.508696473105277,
    "threshold": 0.38616161616161615,
    "precision": 0.5093483467081208,
    "recall": 0.5080462660296698,
    "micro_auprc": 0.492202326498688,
    "macro_auprc": 0.18069359666689258,
    "gate_prott5": 0.6036019325256348,
    "gate_text": 0.39639806747436523,
    "cafa_fmax": 0.579,
    "cafa_threshold": 0.49,
    "cafa_precision": 0.586,
    "cafa_recall": 0.572,
    "cafa_coverage": 1.0,
    "cafa_pr_micro": 0.554,
    "cafa_rc_micro": 0.471,
    "cafa_f_micro": 0.509,
    "cafa_smin": 19.216
  },
  "best_val_fmax": 0.5131679469229028,
  "loss_at_best_fmax": 0.03567755218933929,
  "best_epoch_by_fmax": 19,
  "total_epochs": 21,
  "train_size": 47691,
  "val_size": 5252,
  "test_size": 2392
}