{
  "experiment_name": "text_esm_temp_2.0_learned",
  "modality_pair": "text_esm",
  "aspect": "BPO",
  "temperature_init": 2.0,
  "temperature_final": 2.2418928146362305,
  "learnable_temperature": true,
  "num_go_terms": 3992,
  "seed": 42,
  "test_metrics": {
    "fmax": 0.5050743900686561,
    "threshold": 0.44555555555555554,
    "precision": 0.5324363658883995,
    "recall": 0.48038722655267724,
    "micro_auprc": 0.49084797130227115,
    "macro_auprc": 0.17425120448335338,
    "cafa_fmax": 0.581,
    "cafa_threshold": 0.53,
    "cafa_precision": 0.604,
    "cafa_recall": 0.559,
    "cafa_coverage": 1.0,
    "cafa_pr_micro": 0.57,
    "cafa_rc_micro": 0.454,
    "cafa_f_micro": 0.505,
    "cafa_smin": 19.186
  },
  "best_val_fmax": 0.5104571364163413,
  "best_epoch": 17,
  "total_epochs": 22
}