{
  "experiment_name": "text_esm_temp_1.0_learned",
  "modality_pair": "text_esm",
  "aspect": "BPO",
  "temperature_init": 1.0,
  "temperature_final": 1.2275681495666504,
  "learnable_temperature": true,
  "num_go_terms": 3992,
  "seed": 42,
  "test_metrics": {
    "fmax": 0.5075857471497907,
    "threshold": 0.43565656565656563,
    "precision": 0.5272593172376414,
    "recall": 0.4893275221412001,
    "micro_auprc": 0.48700565097471954,
    "macro_auprc": 0.17159841831274633,
    "cafa_fmax": 0.58,
    "cafa_threshold": 0.58,
    "cafa_precision": 0.622,
    "cafa_recall": 0.543,
    "cafa_coverage": 1.0,
    "cafa_pr_micro": 0.587,
    "cafa_rc_micro": 0.435,
    "cafa_f_micro": 0.499,
    "cafa_smin": 19.226
  },
  "best_val_fmax": 0.5101464654744436,
  "best_epoch": 17,
  "total_epochs": 22
}