{
  "model_type": "multimodal_fusion",
  "enabled_modalities": [
    "prott5",
    "ppi"
  ],
  "aspect": "CCO",
  "num_go_terms": 551,
  "num_parameters": 2032758,
  "seed": 42,
  "use_aux_heads": true,
  "config": {
    "hidden_dim": 512,
    "dropout": 0.3,
    "modality_dropout": 0.1,
    "aux_weight": 0.1,
    "lr": 0.001,
    "weight_decay": 0.01,
    "batch_size": 32,
    "max_epochs": 50,
    "patience": 7,
    "warmup_ratio": 0.1,
    "focal_gamma": 2.0,
    "focal_alpha": 0.25,
    "min_delta_fmax": 0.0001,
    "min_delta_loss": 0.0001,
    "normalize": "none"
  },
  "test_metrics": {
    "loss": 0.050279984576627614,
    "fmax": 0.6367792735085616,
    "threshold": 0.4851515151515151,
    "precision": 0.6492716089349262,
    "recall": 0.6247585820198079,
    "micro_auprc": 0.6845892735955533,
    "macro_auprc": 0.25630294676747223,
    "gate_prott5": 0.48017749190330505,
    "gate_ppi": 0.5198225378990173,
    "cafa_fmax": 0.697,
    "cafa_threshold": 0.6,
    "cafa_precision": 0.726,
    "cafa_recall": 0.67,
    "cafa_coverage": 1.0,
    "cafa_pr_micro": 0.687,
    "cafa_rc_micro": 0.587,
    "cafa_f_micro": 0.633,
    "cafa_smin": 6.233
  },
  "best_val_fmax": 0.7518572818503331,
  "loss_at_best_fmax": 0.03987392433322011,
  "best_epoch_by_fmax": 14,
  "total_epochs": 21,
  "train_size": 45309,
  "val_size": 4985,
  "test_size": 1265
}