{
  "model_type": "ankh",
  "aspect": "BP",
  "similarity_threshold": 70,
  "num_go_terms": 5743,
  "test_metrics": {
    "fmax": 0.3177353940869401,
    "threshold": 0.16838383838383839,
    "precision": 0.3129791940478167,
    "recall": 0.3226383804148133,
    "micro_auprc": 0.24319413029715403,
    "macro_auprc": 0.15224777943026183,
    "cafa_fmax": 0.448,
    "cafa_threshold": 0.19,
    "cafa_precision": 0.458,
    "cafa_recall": 0.439,
    "cafa_coverage": 0.968,
    "cafa_pr_micro": 0.433,
    "cafa_rc_micro": 0.383,
    "cafa_f_micro": 0.406,
    "cafa_smin": 22.125
  },
  "best_val_fmax": 0.3176111086114663,
  "best_epoch": 50,
  "total_epochs": 50,
  "train_size": 26900,
  "val_size": 3351,
  "test_size": 3327
}