{
  "model_type": "prostt5",
  "aspect": "BP",
  "similarity_threshold": 70,
  "num_go_terms": 5743,
  "test_metrics": {
    "fmax": 0.2983771030907188,
    "threshold": 0.1485858585858586,
    "precision": 0.28221748518456846,
    "recall": 0.3164997019713679,
    "micro_auprc": 0.22038978395351969,
    "macro_auprc": 0.1317760799481055,
    "cafa_fmax": 0.435,
    "cafa_threshold": 0.19,
    "cafa_precision": 0.455,
    "cafa_recall": 0.417,
    "cafa_coverage": 0.959,
    "cafa_pr_micro": 0.418,
    "cafa_rc_micro": 0.363,
    "cafa_f_micro": 0.389,
    "cafa_smin": 22.733
  },
  "best_val_fmax": 0.3021297281815496,
  "best_epoch": 50,
  "total_epochs": 50,
  "train_size": 26900,
  "val_size": 3351,
  "test_size": 3327
}