{
  "model_type": "multimodal_fusion",
  "enabled_modalities": [
    "prott5",
    "esm",
    "text",
    "ppi"
  ],
  "aspect": "BPO",
  "num_go_terms": 3992,
  "num_parameters": 12475897,
  "seed": 42,
  "use_aux_heads": true,
  "config": {
    "hidden_dim": 512,
    "dropout": 0.3,
    "modality_dropout": 0.1,
    "aux_weight": 0.1,
    "lr": 0.001,
    "weight_decay": 0.01,
    "batch_size": 32,
    "max_epochs": 50,
    "patience": 7,
    "warmup_ratio": 0.1,
    "focal_gamma": 2.0,
    "focal_alpha": 0.25,
    "min_delta_fmax": 0.0001,
    "min_delta_loss": 0.0001,
    "normalize": "none"
  },
  "test_metrics": {
    "loss": 0.02127635950843493,
    "fmax": 0.5352857163392671,
    "threshold": 0.4257575757575757,
    "precision": 0.5658541900136961,
    "recall": 0.5078506970636709,
    "micro_auprc": 0.5215419015901916,
    "macro_auprc": 0.21951531392245185,
    "gate_prott5": 0.31405335664749146,
    "gate_esm": 0.07080882787704468,
    "gate_text": 0.21888300776481628,
    "gate_ppi": 0.39625489711761475,
    "cafa_fmax": 0.605,
    "cafa_threshold": 0.54,
    "cafa_precision": 0.642,
    "cafa_recall": 0.572,
    "cafa_coverage": 1.0,
    "cafa_pr_micro": 0.605,
    "cafa_rc_micro": 0.479,
    "cafa_f_micro": 0.534,
    "cafa_smin": 18.15
  },
  "best_val_fmax": 0.5512571316076755,
  "loss_at_best_fmax": 0.03312548623617852,
  "best_epoch_by_fmax": 20,
  "total_epochs": 20,
  "train_size": 47691,
  "val_size": 5252,
  "test_size": 2392
}