{
  "experiment_name": "prott5_esm_temp_3.0_learned",
  "modality_pair": "prott5_esm",
  "aspect": "BPO",
  "temperature_init": 3.0,
  "temperature_final": 3.080620527267456,
  "learnable_temperature": true,
  "num_go_terms": 3992,
  "seed": 42,
  "test_metrics": {
    "fmax": 0.5030437614648052,
    "threshold": 0.44555555555555554,
    "precision": 0.5045317220543799,
    "recall": 0.5015645517279907,
    "micro_auprc": 0.48040772884831273,
    "macro_auprc": 0.17004428090236093,
    "cafa_fmax": 0.565,
    "cafa_threshold": 0.57,
    "cafa_precision": 0.584,
    "cafa_recall": 0.546,
    "cafa_coverage": 1.0,
    "cafa_pr_micro": 0.547,
    "cafa_rc_micro": 0.454,
    "cafa_f_micro": 0.496,
    "cafa_smin": 19.599
  },
  "best_val_fmax": 0.5070722233463552,
  "best_epoch": 22,
  "total_epochs": 27
}