{
  "model_type": "pairwise_adaptive_fusion_with_ppi",
  "modality_pair": "text_esm",
  "experiment_name": "text_esm_fusion_ppi_nolosses",
  "aspect": "BPO",
  "num_go_terms": 3992,
  "num_parameters": 8821917,
  "seed": 42,
  "use_ppi": true,
  "regularization": {
    "diversity_loss": false,
    "diversity_weight": null,
    "gate_entropy": false,
    "gate_entropy_weight": null
  },
  "test_metrics": {
    "fmax": 0.513732619219887,
    "threshold": 0.40595959595959596,
    "precision": 0.5162728362841215,
    "recall": 0.5112172771212241,
    "micro_auprc": 0.49916121635598376,
    "macro_auprc": 0.21047720782777682,
    "gate_text_mean": 0.46773481369018555,
    "gate_text_std": 0.0702243372797966,
    "gate_esm_mean": 0.5322651267051697,
    "gate_esm_std": 0.0702243372797966,
    "cafa_fmax": 0.59,
    "cafa_threshold": 0.53,
    "cafa_precision": 0.6,
    "cafa_recall": 0.58,
    "cafa_coverage": 1.0,
    "cafa_pr_micro": 0.551,
    "cafa_rc_micro": 0.49,
    "cafa_f_micro": 0.519,
    "cafa_smin": 18.935
  },
  "best_val_fmax": 0.554789952473861,
  "best_epoch": 24,
  "total_epochs": 29,
  "train_size": 47691,
  "val_size": 5252,
  "test_size": 2392
}