{
  "experiment_name": "prott5_esm_temp_3.0_fixed",
  "modality_pair": "prott5_esm",
  "aspect": "BPO",
  "temperature_init": 3.0,
  "temperature_final": 3.0,
  "learnable_temperature": false,
  "num_go_terms": 3992,
  "seed": 42,
  "test_metrics": {
    "fmax": 0.5026445949696108,
    "threshold": 0.40595959595959596,
    "precision": 0.5146512104446583,
    "recall": 0.49118542731819,
    "micro_auprc": 0.4852526907307386,
    "macro_auprc": 0.16922713989183746,
    "cafa_fmax": 0.57,
    "cafa_threshold": 0.48,
    "cafa_precision": 0.567,
    "cafa_recall": 0.572,
    "cafa_coverage": 1.0,
    "cafa_pr_micro": 0.538,
    "cafa_rc_micro": 0.469,
    "cafa_f_micro": 0.501,
    "cafa_smin": 19.56
  },
  "best_val_fmax": 0.5069248823670857,
  "best_epoch": 19,
  "total_epochs": 24
}