{
  "experiment_name": "text_prott5_temp_0.5_learned",
  "modality_pair": "text_prott5",
  "aspect": "CCO",
  "temperature_init": 0.5,
  "temperature_final": 0.7156926393508911,
  "learnable_temperature": true,
  "num_go_terms": 551,
  "seed": 42,
  "test_metrics": {
    "fmax": 0.6388119321709163,
    "threshold": 0.5643434343434344,
    "precision": 0.6613968381028573,
    "recall": 0.6177185222104503,
    "micro_auprc": 0.6878923784354395,
    "macro_auprc": 0.2314766060275297,
    "cafa_fmax": 0.702,
    "cafa_threshold": 0.69,
    "cafa_precision": 0.749,
    "cafa_recall": 0.66,
    "cafa_coverage": 1.0,
    "cafa_pr_micro": 0.711,
    "cafa_rc_micro": 0.572,
    "cafa_f_micro": 0.634,
    "cafa_smin": 6.167
  },
  "best_val_fmax": 0.7178921330376064,
  "best_epoch": 15,
  "total_epochs": 20
}