{
  "experiment_name": "prott5_prostt5_temp_2.0_learned",
  "modality_pair": "prott5_prostt5",
  "aspect": "CCO",
  "temperature_init": 2.0,
  "temperature_final": 2.1759846210479736,
  "learnable_temperature": true,
  "num_go_terms": 551,
  "seed": 42,
  "test_metrics": {
    "fmax": 0.6326831771603574,
    "threshold": 0.5544444444444444,
    "precision": 0.652139408769257,
    "recall": 0.6143542458413768,
    "micro_auprc": 0.6759888985099534,
    "macro_auprc": 0.21600251202826234,
    "cafa_fmax": 0.697,
    "cafa_threshold": 0.64,
    "cafa_precision": 0.723,
    "cafa_recall": 0.672,
    "cafa_coverage": 1.0,
    "cafa_pr_micro": 0.683,
    "cafa_rc_micro": 0.587,
    "cafa_f_micro": 0.631,
    "cafa_smin": 6.276
  },
  "best_val_fmax": 0.714116586156725,
  "best_epoch": 15,
  "total_epochs": 20
}