{
  "plm_type": "prott5",
  "aspect": "MFO",
  "num_go_terms": 677,
  "num_gpus": 6,
  "effective_batch_size": 96,
  "test_metrics": {
    "fmax": 0.6609537339613353,
    "threshold": 0.47525252525252526,
    "precision": 0.6656855652746997,
    "recall": 0.6562886976349142,
    "micro_auprc": 0.6241586641425051,
    "macro_auprc": 0.4015554530579367,
    "cafa_fmax": 0.662,
    "cafa_threshold": 0.54,
    "cafa_precision": 0.682,
    "cafa_recall": 0.642,
    "cafa_coverage": 1.0,
    "cafa_pr_micro": 0.604,
    "cafa_rc_micro": 0.584,
    "cafa_f_micro": 0.594,
    "cafa_smin": 4.638
  },
  "best_val_fmax": 0.7084824799109573,
  "best_epoch": 49,
  "total_epochs": 50,
  "train_size": 32421,
  "val_size": 3587,
  "test_size": 1137
}