{
  "plm_type": "prott5",
  "aspect": "MFO",
  "embedding_dim": 1024,
  "num_go_terms": 677,
  "num_gpus": 1,
  "effective_batch_size": 16,
  "seed": 42,
  "test_metrics": {
    "fmax": 0.6703569850548518,
    "threshold": 0.43565656565656563,
    "precision": 0.7150419941193455,
    "recall": 0.6309284695998881,
    "micro_auprc": 0.6355362965962776,
    "macro_auprc": 0.40235815139188563,
    "cafa_fmax": 0.676,
    "cafa_threshold": 0.45,
    "cafa_precision": 0.712,
    "cafa_recall": 0.642,
    "cafa_coverage": 1.0,
    "cafa_pr_micro": 0.64,
    "cafa_rc_micro": 0.57,
    "cafa_f_micro": 0.603,
    "cafa_smin": 4.449
  },
  "best_val_fmax": 0.7123068811658869,
  "best_epoch": 50,
  "total_epochs": 50,
  "train_size": 32421,
  "val_size": 3587,
  "test_size": 1137
}