{
  "plm_type": "prott5",
  "aspect": "MFO",
  "embedding_dim": 1024,
  "num_go_terms": 677,
  "num_gpus": 1,
  "effective_batch_size": 16,
  "seed": 42,
  "test_metrics": {
    "fmax": 0.5982161376807563,
    "threshold": 0.3564646464646465,
    "precision": 0.595130004127109,
    "recall": 0.6013344453711363,
    "micro_auprc": 0.635010233768585,
    "macro_auprc": 0.4074219322127577,
    "cafa_fmax": 0.664,
    "cafa_threshold": 0.44,
    "cafa_precision": 0.681,
    "cafa_recall": 0.647,
    "cafa_coverage": 1.0,
    "cafa_pr_micro": 0.613,
    "cafa_rc_micro": 0.58,
    "cafa_f_micro": 0.596,
    "cafa_smin": 4.527
  },
  "best_val_fmax": 0.6583923581281473,
  "best_epoch": 35,
  "total_epochs": 40,
  "train_size": 32421,
  "val_size": 3587,
  "test_size": 1137
}