{
  "model_type": "pairwise_adaptive_fusion_with_ppi",
  "modality_pair": "prott5_prostt5",
  "experiment_name": "prott5_prostt5_fusion_ppi",
  "aspect": "CCO",
  "num_go_terms": 551,
  "num_parameters": 5294892,
  "seed": 42,
  "use_ppi": true,
  "regularization": {
    "diversity_loss": false,
    "diversity_weight": null,
    "gate_entropy": true,
    "gate_entropy_weight": 0.001
  },
  "test_metrics": {
    "fmax": 0.6326602226188609,
    "threshold": 0.47525252525252526,
    "precision": 0.6482740585774016,
    "recall": 0.6177808236246924,
    "micro_auprc": 0.6770337890355985,
    "macro_auprc": 0.23737393987966854,
    "gate_prott5_mean": 0.49786433577537537,
    "gate_prott5_std": 0.06940607726573944,
    "gate_prostt5_mean": 0.5021356344223022,
    "gate_prostt5_std": 0.06940607726573944,
    "cafa_fmax": 0.697,
    "cafa_threshold": 0.62,
    "cafa_precision": 0.735,
    "cafa_recall": 0.662,
    "cafa_coverage": 1.0,
    "cafa_pr_micro": 0.693,
    "cafa_rc_micro": 0.579,
    "cafa_f_micro": 0.631,
    "cafa_smin": 6.251
  },
  "best_val_fmax": 0.752439238001517,
  "best_epoch": 13,
  "total_epochs": 18,
  "train_size": 45309,
  "val_size": 4985,
  "test_size": 1265
}