{
  "model_type": "multimodal_fusion",
  "enabled_modalities": [
    "prott5",
    "esm",
    "text"
  ],
  "aspect": "CCO",
  "num_go_terms": 551,
  "num_parameters": 3103389,
  "seed": 42,
  "use_aux_heads": true,
  "config": {
    "hidden_dim": 512,
    "dropout": 0.3,
    "modality_dropout": 0.1,
    "aux_weight": 0.1,
    "lr": 0.001,
    "weight_decay": 0.01,
    "batch_size": 32,
    "max_epochs": 50,
    "patience": 7,
    "warmup_ratio": 0.1,
    "focal_gamma": 2.0,
    "focal_alpha": 0.25,
    "min_delta_fmax": 0.0001,
    "min_delta_loss": 0.0001,
    "normalize": "none"
  },
  "test_metrics": {
    "loss": 0.05343515570275485,
    "fmax": 0.6376773686809105,
    "threshold": 0.6039393939393939,
    "precision": 0.6709322325421351,
    "recall": 0.6075633916889875,
    "micro_auprc": 0.6804701182197227,
    "macro_auprc": 0.2338103321908952,
    "gate_prott5": 0.5796275734901428,
    "gate_esm": 0.1394244134426117,
    "gate_text": 0.2809479832649231,
    "cafa_fmax": 0.703,
    "cafa_threshold": 0.68,
    "cafa_precision": 0.738,
    "cafa_recall": 0.671,
    "cafa_coverage": 1.0,
    "cafa_pr_micro": 0.704,
    "cafa_rc_micro": 0.579,
    "cafa_f_micro": 0.636,
    "cafa_smin": 6.17
  },
  "best_val_fmax": 0.718188128432227,
  "loss_at_best_fmax": 0.044411169042667516,
  "best_epoch_by_fmax": 18,
  "total_epochs": 20,
  "train_size": 45309,
  "val_size": 4985,
  "test_size": 1265
}