{
  "experiment_name": "text_esm_temp_1.0_fixed",
  "modality_pair": "text_esm",
  "aspect": "CCO",
  "temperature_init": 1.0,
  "temperature_final": 1.0,
  "learnable_temperature": false,
  "num_go_terms": 551,
  "seed": 42,
  "test_metrics": {
    "fmax": 0.633669177295307,
    "threshold": 0.5544444444444444,
    "precision": 0.6647284170201077,
    "recall": 0.605382842190514,
    "micro_auprc": 0.6791675423140157,
    "macro_auprc": 0.21682436190761303,
    "cafa_fmax": 0.701,
    "cafa_threshold": 0.68,
    "cafa_precision": 0.766,
    "cafa_recall": 0.646,
    "cafa_coverage": 1.0,
    "cafa_pr_micro": 0.719,
    "cafa_rc_micro": 0.552,
    "cafa_f_micro": 0.625,
    "cafa_smin": 6.282
  },
  "best_val_fmax": 0.7132077552997703,
  "best_epoch": 15,
  "total_epochs": 20
}