{
  "model_type": "pairwise_adaptive_fusion_with_ppi",
  "modality_pair": "prott5_prostt5",
  "experiment_name": "prott5_prostt5_fusion_ppi_nolosses",
  "aspect": "BPO",
  "num_go_terms": 3992,
  "num_parameters": 8821917,
  "seed": 42,
  "use_ppi": true,
  "regularization": {
    "diversity_loss": false,
    "diversity_weight": null,
    "gate_entropy": false,
    "gate_entropy_weight": null
  },
  "test_metrics": {
    "fmax": 0.5138827220293285,
    "threshold": 0.47525252525252526,
    "precision": 0.5463915903440019,
    "recall": 0.48502500488922345,
    "micro_auprc": 0.498969595548025,
    "macro_auprc": 0.20769453199057925,
    "gate_prott5_mean": 0.7647873759269714,
    "gate_prott5_std": 0.14691892266273499,
    "gate_prostt5_mean": 0.23521259427070618,
    "gate_prostt5_std": 0.14691892266273499,
    "cafa_fmax": 0.585,
    "cafa_threshold": 0.57,
    "cafa_precision": 0.607,
    "cafa_recall": 0.565,
    "cafa_coverage": 1.0,
    "cafa_pr_micro": 0.559,
    "cafa_rc_micro": 0.478,
    "cafa_f_micro": 0.515,
    "cafa_smin": 18.907
  },
  "best_val_fmax": 0.5511474961978617,
  "best_epoch": 24,
  "total_epochs": 29,
  "train_size": 47691,
  "val_size": 5252,
  "test_size": 2392
}