{
  "model_type": "multimodal_fusion",
  "enabled_modalities": [
    "prott5"
  ],
  "aspect": "BPO",
  "num_go_terms": 3992,
  "num_parameters": 5016881,
  "seed": 42,
  "use_aux_heads": true,
  "config": {
    "hidden_dim": 512,
    "dropout": 0.3,
    "modality_dropout": 0.1,
    "aux_weight": 0.1,
    "lr": 0.001,
    "weight_decay": 0.01,
    "batch_size": 32,
    "max_epochs": 50,
    "patience": 7,
    "warmup_ratio": 0.1,
    "focal_gamma": 2.0,
    "focal_alpha": 0.25,
    "min_delta_fmax": 0.0001,
    "min_delta_loss": 0.0001,
    "normalize": "none"
  },
  "test_metrics": {
    "loss": 0.022639963912467163,
    "fmax": 0.5091175773562643,
    "threshold": 0.44555555555555554,
    "precision": 0.5617803253814371,
    "recall": 0.4654820775011867,
    "micro_auprc": 0.4931834464516897,
    "macro_auprc": 0.1636459414278037,
    "gate_prott5": 1.0,
    "cafa_fmax": 0.584,
    "cafa_threshold": 0.51,
    "cafa_precision": 0.618,
    "cafa_recall": 0.553,
    "cafa_coverage": 1.0,
    "cafa_pr_micro": 0.586,
    "cafa_rc_micro": 0.449,
    "cafa_f_micro": 0.508,
    "cafa_smin": 18.922
  },
  "best_val_fmax": 0.504587058536279,
  "loss_at_best_fmax": 0.03643293603125847,
  "best_epoch_by_fmax": 24,
  "total_epochs": 25,
  "train_size": 47691,
  "val_size": 5252,
  "test_size": 2392
}