{
  "experiment_name": "prott5_esm_temp_1.0_fixed",
  "modality_pair": "prott5_esm",
  "aspect": "BPO",
  "temperature_init": 1.0,
  "temperature_final": 1.0,
  "learnable_temperature": false,
  "num_go_terms": 3992,
  "seed": 42,
  "test_metrics": {
    "fmax": 0.5055753599956504,
    "threshold": 0.40595959595959596,
    "precision": 0.5162943763287409,
    "recall": 0.4952923756041677,
    "micro_auprc": 0.4834274596886295,
    "macro_auprc": 0.16984288531422695,
    "cafa_fmax": 0.576,
    "cafa_threshold": 0.52,
    "cafa_precision": 0.594,
    "cafa_recall": 0.559,
    "cafa_coverage": 1.0,
    "cafa_pr_micro": 0.559,
    "cafa_rc_micro": 0.455,
    "cafa_f_micro": 0.502,
    "cafa_smin": 19.424
  },
  "best_val_fmax": 0.5059678659830992,
  "best_epoch": 19,
  "total_epochs": 24
}