{
  "experiment_name": "text_esm_temp_1.0_fixed",
  "modality_pair": "text_esm",
  "aspect": "MFO",
  "temperature_init": 1.0,
  "temperature_final": 1.0,
  "learnable_temperature": false,
  "num_go_terms": 677,
  "seed": 42,
  "test_metrics": {
    "fmax": 0.6170178542205828,
    "threshold": 0.5148484848484849,
    "precision": 0.6351694447510693,
    "recall": 0.5998748957464491,
    "micro_auprc": 0.6467277570073637,
    "macro_auprc": 0.4201254849646082,
    "cafa_fmax": 0.67,
    "cafa_threshold": 0.53,
    "cafa_precision": 0.697,
    "cafa_recall": 0.646,
    "cafa_coverage": 1.0,
    "cafa_pr_micro": 0.627,
    "cafa_rc_micro": 0.608,
    "cafa_f_micro": 0.617,
    "cafa_smin": 4.352
  },
  "best_val_fmax": 0.6565790845086893,
  "best_epoch": 20,
  "total_epochs": 25
}