{
  "experiment_name": "text_prott5_temp_2.0_fixed",
  "modality_pair": "text_prott5",
  "aspect": "MFO",
  "temperature_init": 2.0,
  "temperature_final": 2.0,
  "learnable_temperature": false,
  "num_go_terms": 677,
  "seed": 42,
  "test_metrics": {
    "fmax": 0.6206513898408959,
    "threshold": 0.5346464646464646,
    "precision": 0.6633851263195272,
    "recall": 0.5830900750625461,
    "micro_auprc": 0.6477173075402702,
    "macro_auprc": 0.41742847980225684,
    "cafa_fmax": 0.683,
    "cafa_threshold": 0.6,
    "cafa_precision": 0.744,
    "cafa_recall": 0.631,
    "cafa_coverage": 1.0,
    "cafa_pr_micro": 0.676,
    "cafa_rc_micro": 0.584,
    "cafa_f_micro": 0.627,
    "cafa_smin": 4.229
  },
  "best_val_fmax": 0.6630086994014587,
  "best_epoch": 16,
  "total_epochs": 21
}