{
  "aspect": "MF",
  "similarity_threshold": 95,
  "esm": {
    "fmax": 0.7145027327981673,
    "threshold": 0.38616161616161615,
    "precision": 0.7563174785321878,
    "recall": 0.677069398923901
  },
  "text": {
    "fmax": 0.7267334089569563,
    "threshold": 0.40595959595959596,
    "precision": 0.7691908189678016,
    "recall": 0.688717902807428
  },
  "improvement": {
    "absolute": 0.012230676158788922,
    "relative_percent": 1.7117745807480045
  }
}