{
  "model_type": "text",
  "aspect": "MF",
  "similarity_threshold": 95,
  "num_go_terms": 1200,
  "test_metrics": {
    "fmax": 0.7305963111830442,
    "threshold": 0.36636363636363634,
    "precision": 0.7730915734441176,
    "recall": 0.6925293875662695,
    "micro_auprc": 0.6877694129279991,
    "macro_auprc": 0.5072809970300827,
    "cafa_fmax": 0.773,
    "cafa_threshold": 0.37,
    "cafa_precision": 0.807,
    "cafa_recall": 0.742,
    "cafa_coverage": 1.0,
    "cafa_pr_micro": 0.761,
    "cafa_rc_micro": 0.653,
    "cafa_f_micro": 0.703,
    "cafa_smin": 3.314
  },
  "best_val_fmax": 0.7349217657101932,
  "best_epoch": 14,
  "total_epochs": 24,
  "train_size": 35463,
  "val_size": 4501,
  "test_size": 4419
}