{
  "model_type": "concat",
  "aspect": "MF",
  "similarity_threshold": 95,
  "num_go_terms": 1200,
  "test_metrics": {
    "fmax": 0.7287605220976956,
    "threshold": 0.33666666666666667,
    "precision": 0.763066666296157,
    "recall": 0.6974063510558649,
    "micro_auprc": 0.6947001144617785,
    "macro_auprc": 0.4935048722399391,
    "cafa_fmax": 0.775,
    "cafa_threshold": 0.42,
    "cafa_precision": 0.823,
    "cafa_recall": 0.732,
    "cafa_coverage": 0.998,
    "cafa_pr_micro": 0.777,
    "cafa_rc_micro": 0.639,
    "cafa_f_micro": 0.701,
    "cafa_smin": 3.32
  },
  "best_val_fmax": 0.7380609725381323,
  "best_epoch": 34,
  "total_epochs": 44,
  "train_size": 35463,
  "val_size": 4501,
  "test_size": 4419
}