{
  "model_type": "function",
  "aspect": "MF",
  "similarity_threshold": 95,
  "num_go_terms": 1200,
  "test_metrics": {
    "fmax": 0.6994194123320927,
    "threshold": 0.38616161616161615,
    "precision": 0.72764737720854,
    "recall": 0.6732997793238049,
    "micro_auprc": 0.6552659435384176,
    "macro_auprc": 0.46287578864042633,
    "cafa_fmax": 0.747,
    "cafa_threshold": 0.43,
    "cafa_precision": 0.782,
    "cafa_recall": 0.714,
    "cafa_coverage": 1.0,
    "cafa_pr_micro": 0.724,
    "cafa_rc_micro": 0.623,
    "cafa_f_micro": 0.669,
    "cafa_smin": 3.656
  },
  "best_val_fmax": 0.703979175812886,
  "best_epoch": 50,
  "total_epochs": 50,
  "train_size": 35463,
  "val_size": 4501,
  "test_size": 4419
}