{
  "model_type": "esm",
  "aspect": "MF",
  "similarity_threshold": 95,
  "num_go_terms": 1200,
  "test_metrics": {
    "fmax": 0.7274320247121804,
    "threshold": 0.47525252525252526,
    "precision": 0.755364868063588,
    "recall": 0.7014913837193277,
    "micro_auprc": 0.6873968190622438,
    "macro_auprc": 0.5106274699696587,
    "cafa_fmax": 0.77,
    "cafa_threshold": 0.48,
    "cafa_precision": 0.787,
    "cafa_recall": 0.753,
    "cafa_coverage": 0.998,
    "cafa_pr_micro": 0.725,
    "cafa_rc_micro": 0.673,
    "cafa_f_micro": 0.698,
    "cafa_smin": 3.361
  },
  "best_val_fmax": 0.7364470011996311,
  "best_epoch": 41,
  "total_epochs": 50,
  "train_size": 35463,
  "val_size": 4501,
  "test_size": 4419
}