{
  "model_type": "function",
  "aspect": "MF",
  "similarity_threshold": 95,
  "num_go_terms": 1200,
  "test_metrics": {
    "fmax": 0.6783027258786691,
    "threshold": 0.36636363636363634,
    "precision": 0.7371665088502996,
    "recall": 0.6281445035251301
  },
  "best_val_fmax": 0.6813601497286634,
  "train_size": 35463,
  "val_size": 4501,
  "test_size": 4419
}