{
  "experiment_name": "prott5_prostt5_temp_1.0_learned",
  "modality_pair": "prott5_prostt5",
  "aspect": "MFO",
  "temperature_init": 1.0,
  "temperature_final": 1.2091701030731201,
  "learnable_temperature": true,
  "num_go_terms": 677,
  "seed": 42,
  "test_metrics": {
    "fmax": 0.6115711543235864,
    "threshold": 0.5544444444444444,
    "precision": 0.6451463612171625,
    "recall": 0.5813177648039973,
    "micro_auprc": 0.6377089580509818,
    "macro_auprc": 0.4255796424768263,
    "cafa_fmax": 0.675,
    "cafa_threshold": 0.51,
    "cafa_precision": 0.679,
    "cafa_recall": 0.671,
    "cafa_coverage": 1.0,
    "cafa_pr_micro": 0.607,
    "cafa_rc_micro": 0.615,
    "cafa_f_micro": 0.611,
    "cafa_smin": 4.377
  },
  "best_val_fmax": 0.6654863046687295,
  "best_epoch": 24,
  "total_epochs": 29
}