{
  "model_type": "multimodal_fusion",
  "enabled_modalities": [
    "prott5",
    "struct"
  ],
  "aspect": "BPO",
  "num_go_terms": 3992,
  "num_parameters": 7328457,
  "seed": 42,
  "use_aux_heads": true,
  "config": {
    "hidden_dim": 512,
    "dropout": 0.3,
    "modality_dropout": 0.1,
    "aux_weight": 0.1,
    "lr": 0.001,
    "weight_decay": 0.01,
    "batch_size": 32,
    "max_epochs": 50,
    "patience": 7,
    "warmup_ratio": 0.1,
    "focal_gamma": 2.0,
    "focal_alpha": 0.25,
    "min_delta_fmax": 0.0001,
    "min_delta_loss": 0.0001,
    "normalize": "none"
  },
  "test_metrics": {
    "loss": 0.022913728548834722,
    "fmax": 0.5081673864582229,
    "threshold": 0.4257575757575757,
    "precision": 0.5232886849700281,
    "recall": 0.493895454418461,
    "micro_auprc": 0.4911523634195997,
    "macro_auprc": 0.17608618895510753,
    "gate_prott5": 0.9855998754501343,
    "gate_struct": 0.014400064013898373,
    "cafa_fmax": 0.572,
    "cafa_threshold": 0.53,
    "cafa_precision": 0.593,
    "cafa_recall": 0.552,
    "cafa_coverage": 1.0,
    "cafa_pr_micro": 0.563,
    "cafa_rc_micro": 0.46,
    "cafa_f_micro": 0.506,
    "cafa_smin": 19.268
  },
  "best_val_fmax": 0.5074466253723943,
  "loss_at_best_fmax": 0.03633831125317198,
  "best_epoch_by_fmax": 27,
  "total_epochs": 29,
  "train_size": 47691,
  "val_size": 5252,
  "test_size": 2392
}