{
  "model_type": "simplified_pairwise_fusion",
  "modality_pair": "text_prott5",
  "aspect": "BPO",
  "num_go_terms": 3992,
  "seed": 42,
  "use_ppi": true,
  "config": {
    "use_ppi": true,
    "hidden_dim": 512,
    "dropout": 0.3,
    "entropy_weight": 0.001,
    "lr": 0.001,
    "weight_decay": 0.01,
    "batch_size": 32,
    "max_epochs": 50,
    "patience": 5,
    "warmup_ratio": 0.1,
    "focal_gamma": 2.0,
    "focal_alpha": 0.25
  },
  "test_metrics": {
    "fmax": 0.5234924157842749,
    "threshold": 0.37626262626262624,
    "precision": 0.5334203276787001,
    "recall": 0.5139273042214951,
    "micro_auprc": 0.515031698176264,
    "macro_auprc": 0.20634125445517357,
    "gate1_mean": 0.49981364607810974,
    "gate2_mean": 0.5001863241195679,
    "cafa_fmax": 0.589,
    "cafa_threshold": 0.42,
    "cafa_precision": 0.605,
    "cafa_recall": 0.574,
    "cafa_coverage": 1.0,
    "cafa_pr_micro": 0.568,
    "cafa_rc_micro": 0.484,
    "cafa_f_micro": 0.523,
    "cafa_smin": 18.631
  },
  "best_val_fmax": 0.5521726012530925,
  "best_epoch": 19,
  "total_epochs": 24
}