{
  "plm_type": "esm",
  "aspect": "BPO",
  "num_go_terms": 3992,
  "num_gpus": 6,
  "effective_batch_size": 96,
  "test_metrics": {
    "fmax": 0.5658024795676925,
    "threshold": 0.47525252525252526,
    "precision": 0.5857228484604095,
    "recall": 0.5471925228574029,
    "micro_auprc": 0.4738952875682966,
    "macro_auprc": 0.15403139968760662
  },
  "best_val_fmax": 0.5387223372593359,
  "best_epoch": 50,
  "total_epochs": 50,
  "train_size": 47691,
  "val_size": 5252,
  "test_size": 2392
}