{
  "plm_type": "esm",
  "aspect": "BPO",
  "embedding_dim": 1280,
  "num_go_terms": 3992,
  "num_gpus": 1,
  "effective_batch_size": 16,
  "seed": 42,
  "test_metrics": {
    "fmax": 0.4921426964528686,
    "threshold": 0.3465656565656566,
    "precision": 0.4952193714463516,
    "recall": 0.489104014751487,
    "micro_auprc": 0.46542827924558716,
    "macro_auprc": 0.16359923490209205,
    "cafa_fmax": 0.549,
    "cafa_threshold": 0.4,
    "cafa_precision": 0.529,
    "cafa_recall": 0.569,
    "cafa_coverage": 1.0,
    "cafa_pr_micro": 0.52,
    "cafa_rc_micro": 0.476,
    "cafa_f_micro": 0.497,
    "cafa_smin": 20.015
  },
  "best_val_fmax": 0.4943659849881526,
  "best_epoch": 34,
  "total_epochs": 39,
  "train_size": 47691,
  "val_size": 5252,
  "test_size": 2392
}