{
  "plm_type": "esm",
  "aspect": "BPO",
  "num_go_terms": 3992,
  "num_gpus": 6,
  "effective_batch_size": 96,
  "test_metrics": {
    "fmax": 0.560454971984005,
    "threshold": 0.45545454545454545,
    "precision": 0.5865814487398059,
    "recall": 0.5365566133487328,
    "micro_auprc": 0.47118820017181506,
    "macro_auprc": 0.1492848197074356,
    "cafa_fmax": 0.561,
    "cafa_threshold": 0.45,
    "cafa_precision": 0.567,
    "cafa_recall": 0.554,
    "cafa_coverage": 1.0,
    "cafa_pr_micro": 0.543,
    "cafa_rc_micro": 0.458,
    "cafa_f_micro": 0.497,
    "cafa_smin": 19.585
  },
  "best_val_fmax": 0.5366942364829596,
  "best_epoch": 50,
  "total_epochs": 50,
  "train_size": 47691,
  "val_size": 5252,
  "test_size": 2392
}