{
  "plm_type": "esm",
  "aspect": "BPO",
  "embedding_dim": 1280,
  "num_go_terms": 3992,
  "num_gpus": 1,
  "effective_batch_size": 16,
  "seed": 42,
  "test_metrics": {
    "fmax": 0.5593699445492231,
    "threshold": 0.3465656565656566,
    "precision": 0.5469107968699537,
    "recall": 0.572409988139647,
    "micro_auprc": 0.4676139383920659,
    "macro_auprc": 0.16429489819119442,
    "cafa_fmax": 0.559,
    "cafa_threshold": 0.35,
    "cafa_precision": 0.533,
    "cafa_recall": 0.588,
    "cafa_coverage": 1.0,
    "cafa_pr_micro": 0.52,
    "cafa_rc_micro": 0.486,
    "cafa_f_micro": 0.503,
    "cafa_smin": 19.603
  },
  "best_val_fmax": 0.5450756596865356,
  "best_epoch": 50,
  "total_epochs": 50,
  "train_size": 47691,
  "val_size": 5252,
  "test_size": 2392
}