{
  "experiment_name": "prott5_esm_temp_1.0_fixed",
  "modality_pair": "prott5_esm",
  "aspect": "MFO",
  "temperature_init": 1.0,
  "temperature_final": 1.0,
  "learnable_temperature": false,
  "num_go_terms": 677,
  "seed": 42,
  "test_metrics": {
    "fmax": 0.6119147111897191,
    "threshold": 0.5148484848484849,
    "precision": 0.6293806480052829,
    "recall": 0.5953919933277669,
    "micro_auprc": 0.6467347329860924,
    "macro_auprc": 0.4214265132202426,
    "cafa_fmax": 0.677,
    "cafa_threshold": 0.56,
    "cafa_precision": 0.707,
    "cafa_recall": 0.65,
    "cafa_coverage": 1.0,
    "cafa_pr_micro": 0.636,
    "cafa_rc_micro": 0.597,
    "cafa_f_micro": 0.616,
    "cafa_smin": 4.428
  },
  "best_val_fmax": 0.6615259326624751,
  "best_epoch": 17,
  "total_epochs": 22
}