{
  "experiment_name": "prott5_prostt5_temp_2.0_learned",
  "modality_pair": "prott5_prostt5",
  "aspect": "MFO",
  "temperature_init": 2.0,
  "temperature_final": 2.1069982051849365,
  "learnable_temperature": true,
  "num_go_terms": 677,
  "seed": 42,
  "test_metrics": {
    "fmax": 0.6205427837648827,
    "threshold": 0.5346464646464646,
    "precision": 0.6515307877536904,
    "recall": 0.5923686405337719,
    "micro_auprc": 0.6481222006254536,
    "macro_auprc": 0.4235318327751527,
    "cafa_fmax": 0.687,
    "cafa_threshold": 0.53,
    "cafa_precision": 0.704,
    "cafa_recall": 0.671,
    "cafa_coverage": 1.0,
    "cafa_pr_micro": 0.634,
    "cafa_rc_micro": 0.614,
    "cafa_f_micro": 0.624,
    "cafa_smin": 4.325
  },
  "best_val_fmax": 0.6642352879383655,
  "best_epoch": 20,
  "total_epochs": 25
}