{
  "plm_type": "esm",
  "aspect": "MFO",
  "embedding_dim": 1280,
  "num_go_terms": 677,
  "num_gpus": 1,
  "effective_batch_size": 16,
  "seed": 42,
  "test_metrics": {
    "fmax": 0.5952966327667012,
    "threshold": 0.37626262626262624,
    "precision": 0.6107699056810637,
    "recall": 0.5805879899916536,
    "micro_auprc": 0.6344948291770955,
    "macro_auprc": 0.40905988308521823,
    "cafa_fmax": 0.648,
    "cafa_threshold": 0.48,
    "cafa_precision": 0.702,
    "cafa_recall": 0.601,
    "cafa_coverage": 1.0,
    "cafa_pr_micro": 0.644,
    "cafa_rc_micro": 0.547,
    "cafa_f_micro": 0.592,
    "cafa_smin": 4.572
  },
  "best_val_fmax": 0.650528372665041,
  "best_epoch": 24,
  "total_epochs": 29,
  "train_size": 32421,
  "val_size": 3587,
  "test_size": 1137
}