{
  "plm_type": "esm",
  "aspect": "MFO",
  "embedding_dim": 1280,
  "num_go_terms": 677,
  "num_gpus": 1,
  "effective_batch_size": 16,
  "seed": 42,
  "test_metrics": {
    "fmax": 0.6638003034015477,
    "threshold": 0.38616161616161615,
    "precision": 0.6966093813528138,
    "recall": 0.6339427154090888,
    "micro_auprc": 0.642106492782533,
    "macro_auprc": 0.40875762255381026,
    "cafa_fmax": 0.667,
    "cafa_threshold": 0.39,
    "cafa_precision": 0.687,
    "cafa_recall": 0.648,
    "cafa_coverage": 1.0,
    "cafa_pr_micro": 0.627,
    "cafa_rc_micro": 0.583,
    "cafa_f_micro": 0.604,
    "cafa_smin": 4.433
  },
  "best_val_fmax": 0.7091571700336146,
  "best_epoch": 46,
  "total_epochs": 50,
  "train_size": 32421,
  "val_size": 3587,
  "test_size": 1137
}