{
  "plm_type": "esm",
  "aspect": "MFO",
  "num_go_terms": 677,
  "num_gpus": 6,
  "effective_batch_size": 96,
  "test_metrics": {
    "fmax": 0.662039034988015,
    "threshold": 0.47525252525252526,
    "precision": 0.6959163828492668,
    "recall": 0.6313068901695376,
    "micro_auprc": 0.6348222376883932,
    "macro_auprc": 0.4079333009090541,
    "cafa_fmax": 0.664,
    "cafa_threshold": 0.47,
    "cafa_precision": 0.681,
    "cafa_recall": 0.649,
    "cafa_coverage": 1.0,
    "cafa_pr_micro": 0.613,
    "cafa_rc_micro": 0.59,
    "cafa_f_micro": 0.602,
    "cafa_smin": 4.486
  },
  "best_val_fmax": 0.7068048326899298,
  "best_epoch": 48,
  "total_epochs": 50,
  "train_size": 32421,
  "val_size": 3587,
  "test_size": 1137
}