{
  "model_type": "triple_adaptive_fusion",
  "aspect": "MFO",
  "num_go_terms": 677,
  "seed": 42,
  "use_diversity_loss": true,
  "diversity_weight": 0.02,
  "test_metrics": {
    "fmax": 0.6157640637619186,
    "threshold": 0.45545454545454545,
    "precision": 0.619928148774296,
    "recall": 0.6116555462885674,
    "micro_auprc": 0.6454635823480851,
    "macro_auprc": 0.42825096468315654,
    "cafa_fmax": 0.685,
    "cafa_threshold": 0.5,
    "cafa_precision": 0.695,
    "cafa_recall": 0.675,
    "cafa_coverage": 1.0,
    "cafa_pr_micro": 0.621,
    "cafa_rc_micro": 0.611,
    "cafa_f_micro": 0.616,
    "cafa_smin": 4.399
  },
  "best_val_fmax": 0.6666148766252842,
  "best_epoch": 20,
  "total_epochs": 25,
  "train_size": 32421,
  "val_size": 3587,
  "test_size": 1137
}